time,ghi,dni,dhi,temp_air,wind_speed
2025-01-01T00:00:00+08:00,0.0,0.0,0.0,25.0,1.5
2025-01-01T01:00:00+08:00,0.0,0.0,0.0,25.0,1.5
2025-01-01T02:00:00+08:00,0.0,0.0,0.0,25.0,1.5
2025-01-01T03:00:00+08:00,0.0,0.0,0.0,25.0,1.5
2025-01-01T04:00:00+08:00,0.0,0.0,0.0,25.0,1.5
2025-01-01T05:00:00+08:00,0.0,0.0,0.0,25.0,1.5
2025-01-01T06:00:00+08:00,0.0,0.0,0.0,25.0,1.5
2025-01-01T07:00:00+08:00,57.2548,650.0,7.634,25.0,1.5
2025-01-01T08:00:00+08:00,209.5087,650.0,27.9345,25.0,1.5
2025-01-01T09:00:00+08:00,339.6362,650.0,45.2848,25.0,1.5
2025-01-01T10:00:00+08:00,438.7695,650.0,58.5026,25.0,1.5
2025-01-01T11:00:00+08:00,500.1527,650.0,66.687,25.0,1.5
2025-01-01T12:00:00+08:00,519.6027,650.0,69.2804,25.0,1.5
2025-01-01T13:00:00+08:00,495.7939,650.0,66.1059,25.0,1.5
2025-01-01T14:00:00+08:00,430.349,650.0,57.3799,25.0,1.5
2025-01-01T15:00:00+08:00,327.7279,650.0,43.6971,25.0,1.5
2025-01-01T16:00:00+08:00,194.9241,650.0,25.9899,25.0,1.5
2025-01-01T17:00:00+08:00,40.9878,650.0,5.465,25.0,1.5
2025-01-01T18:00:00+08:00,0.0,0.0,0.0,25.0,1.5
2025-01-01T19:00:00+08:00,0.0,0.0,0.0,25.0,1.5
2025-01-01T20:00:00+08:00,0.0,0.0,0.0,25.0,1.5
2025-01-01T21:00:00+08:00,0.0,0.0,0.0,25.0,1.5
2025-01-01T22:00:00+08:00,0.0,0.0,0.0,25.0,1.5
2025-01-01T23:00:00+08:00,0.0,0.0,0.0,25.0,1.5
2025-01-02T00:00:00+08:00,0.0,0.0,0.0,25.0,1.5
2025-01-02T01:00:00+08:00,0.0,0.0,0.0,25.0,1.5
2025-01-02T02:00:00+08:00,0.0,0.0,0.0,25.0,1.5
2025-01-02T03:00:00+08:00,0.0,0.0,0.0,25.0,1.5
2025-01-02T04:00:00+08:00,0.0,0.0,0.0,25.0,1.5
2025-01-02T05:00:00+08:00,0.0,0.0,0.0,25.0,1.5
2025-01-02T06:00:00+08:00,0.0,0.0,0.0,25.0,1.5
2025-01-02T07:00:00+08:00,57.7422,650.0,7.699,25.0,1.5
2025-01-02T08:00:00+08:00,210.0874,650.0,28.0117,25.0,1.5
2025-01-02T09:00:00+08:00,340.2931,650.0,45.3724,25.0,1.5
2025-01-02T10:00:00+08:00,439.4858,650.0,58.5981,25.0,1.5
2025-01-02T11:00:00+08:00,500.9059,650.0,66.7874,25.0,1.5
2025-01-02T12:00:00+08:00,520.3675,650.0,69.3823,25.0,1.5
2025-01-02T13:00:00+08:00,496.5445,650.0,66.2059,25.0,1.5
2025-01-02T14:00:00+08:00,431.0603,650.0,57.4747,25.0,1.5
2025-01-02T15:00:00+08:00,328.3776,650.0,43.7837,25.0,1.5
2025-01-02T16:00:00+08:00,195.4941,650.0,26.0659,25.0,1.5
2025-01-02T17:00:00+08:00,41.4654,650.0,5.5287,25.0,1.5
2025-01-02T18:00:00+08:00,0.0,0.0,0.0,25.0,1.5
2025-01-02T19:00:00+08:00,0.0,0.0,0.0,25.0,1.5
2025-01-02T20:00:00+08:00,0.0,0.0,0.0,25.0,1.5
2025-01-02T21:00:00+08:00,0.0,0.0,0.0,25.0,1.5
2025-01-02T22:00:00+08:00,0.0,0.0,0.0,25.0,1.5
2025-01-02T23:00:00+08:00,0.0,0.0,0.0,25.0,1.5
2025-01-03T00:00:00+08:00,0.0,0.0,0.0,25.0,1.5
2025-01-03T01:00:00+08:00,0.0,0.0,0.0,25.0,1.5
2025-01-03T02:00:00+08:00,0.0,0.0,0.0,25.0,1.5
2025-01-03T03:00:00+08:00,0.0,0.0,0.0,25.0,1.5
2025-01-03T04:00:00+08:00,0.0,0.0,0.0,25.0,1.5
2025-01-03T05:00:00+08:00,0.0,0.0,0.0,25.0,1.5
2025-01-03T06:00:00+08:00,0.0,0.0,0.0,25.0,1.5
2025-01-03T07:00:00+08:00,58.2703,650.0,7.7694,25.0,1.5
2025-01-03T08:00:00+08:00,210.7142,650.0,28.0952,25.0,1.5
2025-01-03T09:00:00+08:00,341.0042,650.0,45.4672,25.0,1.5
2025-01-03T10:00:00+08:00,440.2612,650.0,58.7015,25.0,1.5
2025-01-03T11:00:00+08:00,501.721,650.0,66.8961,25.0,1.5
2025-01-03T12:00:00+08:00,521.1953,650.0,69.4927,25.0,1.5
2025-01-03T13:00:00+08:00,497.3568,650.0,66.3142,25.0,1.5
2025-01-03T14:00:00+08:00,431.8302,650.0,57.5774,25.0,1.5
2025-01-03T15:00:00+08:00,329.081,650.0,43.8775,25.0,1.5
2025-01-03T16:00:00+08:00,196.1114,650.0,26.1482,25.0,1.5
2025-01-03T17:00:00+08:00,41.983,650.0,5.5977,25.0,1.5
2025-01-03T18:00:00+08:00,0.0,0.0,0.0,25.0,1.5
2025-01-03T19:00:00+08:00,0.0,0.0,0.0,25.0,1.5
2025-01-03T20:00:00+08:00,0.0,0.0,0.0,25.0,1.5
2025-01-03T21:00:00+08:00,0.0,0.0,0.0,25.0,1.5
2025-01-03T22:00:00+08:00,0.0,0.0,0.0,25.0,1.5
2025-01-03T23:00:00+08:00,0.0,0.0,0.0,25.0,1.5
2025-01-04T00:00:00+08:00,0.0,0.0,0.0,25.0,1.5
2025-01-04T01:00:00+08:00,0.0,0.0,0.0,25.0,1.5
2025-01-04T02:00:00+08:00,0.0,0.0,0.0,25.0,1.5
2025-01-04T03:00:00+08:00,0.0,0.0,0.0,25.0,1.5
2025-01-04T04:00:00+08:00,0.0,0.0,0.0,25.0,1.5
2025-01-04T05:00:00+08:00,0.0,0.0,0.0,25.0,1.5
2025-01-04T06:00:00+08:00,0.0,0.0,0.0,25.0,1.5
2025-01-04T07:00:00+08:00,58.8389,650.0,7.8452,25.0,1.5
2025-01-04T08:00:00+08:00,211.3887,650.0,28.1852,25.0,1.5
2025-01-04T09:00:00+08:00,341.7692,650.0,45.5692,25.0,1.5
2025-01-04T10:00:00+08:00,441.0951,650.0,58.8127,25.0,1.5
2025-01-04T11:00:00+08:00,502.5976,650.0,67.013,25.0,1.5
2025-01-04T12:00:00+08:00,522.0854,650.0,69.6114,25.0,1.5
2025-01-04T13:00:00+08:00,498.2304,650.0,66.4307,25.0,1.5
2025-01-04T14:00:00+08:00,432.6583,650.0,57.6878,25.0,1.5
2025-01-04T15:00:00+08:00,329.8377,650.0,43.9784,25.0,1.5
2025-01-04T16:00:00+08:00,196.7757,650.0,26.2368,25.0,1.5
2025-01-04T17:00:00+08:00,42.5403,650.0,5.672,25.0,1.5
2025-01-04T18:00:00+08:00,0.0,0.0,0.0,25.0,1.5
2025-01-04T19:00:00+08:00,0.0,0.0,0.0,25.0,1.5
2025-01-04T20:00:00+08:00,0.0,0.0,0.0,25.0,1.5
2025-01-04T21:00:00+08:00,0.0,0.0,0.0,25.0,1.5
2025-01-04T22:00:00+08:00,0.0,0.0,0.0,25.0,1.5
2025-01-04T23:00:00+08:00,0.0,0.0,0.0,25.0,1.5
2025-01-05T00:00:00+08:00,0.0,0.0,0.0,25.0,1.5
2025-01-05T01:00:00+08:00,0.0,0.0,0.0,25.0,1.5
2025-01-05T02:00:00+08:00,0.0,0.0,0.0,25.0,1.5
2025-01-05T03:00:00+08:00,0.0,0.0,0.0,25.0,1.5
2025-01-05T04:00:00+08:00,0.0,0.0,0.0,25.0,1.5
2025-01-05T05:00:00+08:00,0.0,0.0,0.0,25.0,1.5
2025-01-05T06:00:00+08:00,0.0,0.0,0.0,25.0,1.5
2025-01-05T07:00:00+08:00,59.4478,650.0,7.9264,25.0,1.5
2025-01-05T08:00:00+08:00,212.1106,650.0,28.2814,25.0,1.5
2025-01-05T09:00:00+08:00,342.5876,650.0,45.6783,25.0,1.5
2025-01-05T10:00:00+08:00,441.9871,650.0,58.9316,25.0,1.5
2025-01-05T11:00:00+08:00,503.5351,650.0,67.138,25.0,1.5
2025-01-05T12:00:00+08:00,523.0374,650.0,69.7383,25.0,1.5
2025-01-05T13:00:00+08:00,499.1647,650.0,66.5553,25.0,1.5
2025-01-05T14:00:00+08:00,433.544,650.0,57.8059,25.0,1.5
2025-01-05T15:00:00+08:00,330.6473,650.0,44.0863,25.0,1.5
2025-01-05T16:00:00+08:00,197.4868,650.0,26.3316,25.0,1.5
2025-01-05T17:00:00+08:00,43.1371,650.0,5.7516,25.0,1.5
2025-01-05T18:00:00+08:00,0.0,0.0,0.0,25.0,1.5
2025-01-05T19:00:00+08:00,0.0,0.0,0.0,25.0,1.5
2025-01-05T20:00:00+08:00,0.0,0.0,0.0,25.0,1.5
2025-01-05T21:00:00+08:00,0.0,0.0,0.0,25.0,1.5
2025-01-05T22:00:00+08:00,0.0,0.0,0.0,25.0,1.5
2025-01-05T23:00:00+08:00,0.0,0.0,0.0,25.0,1.5
2025-01-06T00:00:00+08:00,0.0,0.0,0.0,25.0,1.5
2025-01-06T01:00:00+08:00,0.0,0.0,0.0,25.0,1.5
2025-01-06T02:00:00+08:00,0.0,0.0,0.0,25.0,1.5
2025-01-06T03:00:00+08:00,0.0,0.0,0.0,25.0,1.5
2025-01-06T04:00:00+08:00,0.0,0.0,0.0,25.0,1.5
2025-01-06T05:00:00+08:00,0.0,0.0,0.0,25.0,1.5
2025-01-06T06:00:00+08:00,0.0,0.0,0.0,25.0,1.5
2025-01-06T07:00:00+08:00,60.0969,650.0,8.0129,25.0,1.5
2025-01-06T08:00:00+08:00,212.8795,650.0,28.3839,25.0,1.5
2025-01-06T09:00:00+08:00,343.459,650.0,45.7945,25.0,1.5
2025-01-06T10:00:00+08:00,442.9366,650.0,59.0582,25.0,1.5
2025-01-06T11:00:00+08:00,504.533,650.0,67.2711,25.0,1.5
2025-01-06T12:00:00+08:00,524.0505,650.0,69.8734,25.0,1.5
2025-01-06T13:00:00+08:00,500.1591,650.0,66.6879,25.0,1.5
2025-01-06T14:00:00+08:00,434.4869,650.0,57.9316,25.0,1.5
2025-01-06T15:00:00+08:00,331.5094,650.0,44.2012,25.0,1.5
2025-01-06T16:00:00+08:00,198.2442,650.0,26.4326,25.0,1.5
2025-01-06T17:00:00+08:00,43.7733,650.0,5.8364,25.0,1.5
2025-01-06T18:00:00+08:00,0.0,0.0,0.0,25.0,1.5
2025-01-06T19:00:00+08:00,0.0,0.0,0.0,25.0,1.5
2025-01-06T20:00:00+08:00,0.0,0.0,0.0,25.0,1.5
2025-01-06T21:00:00+08:00,0.0,0.0,0.0,25.0,1.5
2025-01-06T22:00:00+08:00,0.0,0.0,0.0,25.0,1.5
2025-01-06T23:00:00+08:00,0.0,0.0,0.0,25.0,1.5
2025-01-07T00:00:00+08:00,0.0,0.0,0.0,25.0,1.5
2025-01-07T01:00:00+08:00,0.0,0.0,0.0,25.0,1.5
2025-01-07T02:00:00+08:00,0.0,0.0,0.0,25.0,1.5
2025-01-07T03:00:00+08:00,0.0,0.0,0.0,25.0,1.5
2025-01-07T04:00:00+08:00,0.0,0.0,0.0,25.0,1.5
2025-01-07T05:00:00+08:00,0.0,0.0,0.0,25.0,1.5
2025-01-07T06:00:00+08:00,0.0,0.0,0.0,25.0,1.5
2025-01-07T07:00:00+08:00,60.7858,650.0,8.1048,25.0,1.5
2025-01-07T08:00:00+08:00,213.6951,650.0,28.4927,25.0,1.5
2025-01-07T09:00:00+08:00,344.3829,650.0,45.9177,25.0,1.5
2025-01-07T10:00:00+08:00,443.943,650.0,59.1924,25.0,1.5
2025-01-07T11:00:00+08:00,505.5905,650.0,67.4121,25.0,1.5
2025-01-07T12:00:00+08:00,525.1242,650.0,70.0166,25.0,1.5
2025-01-07T13:00:00+08:00,501.213,650.0,66.8284,25.0,1.5
2025-01-07T14:00:00+08:00,435.4863,650.0,58.0648,25.0,1.5
2025-01-07T15:00:00+08:00,332.4234,650.0,44.3231,25.0,1.5
2025-01-07T16:00:00+08:00,199.0477,650.0,26.5397,25.0,1.5
2025-01-07T17:00:00+08:00,44.4487,650.0,5.9265,25.0,1.5
2025-01-07T18:00:00+08:00,0.0,0.0,0.0,25.0,1.5
2025-01-07T19:00:00+08:00,0.0,0.0,0.0,25.0,1.5
2025-01-07T20:00:00+08:00,0.0,0.0,0.0,25.0,1.5
2025-01-07T21:00:00+08:00,0.0,0.0,0.0,25.0,1.5
2025-01-07T22:00:00+08:00,0.0,0.0,0.0,25.0,1.5
2025-01-07T23:00:00+08:00,0.0,0.0,0.0,25.0,1.5
2025-01-08T00:00:00+08:00,0.0,0.0,0.0,25.0,1.5
2025-01-08T01:00:00+08:00,0.0,0.0,0.0,25.0,1.5
2025-01-08T02:00:00+08:00,0.0,0.0,0.0,25.0,1.5
2025-01-08T03:00:00+08:00,0.0,0.0,0.0,25.0,1.5
2025-01-08T04:00:00+08:00,0.0,0.0,0.0,25.0,1.5
2025-01-08T05:00:00+08:00,0.0,0.0,0.0,25.0,1.5
2025-01-08T06:00:00+08:00,0.0,0.0,0.0,25.0,1.5
2025-01-08T07:00:00+08:00,61.5142,650.0,8.2019,25.0,1.5
2025-01-08T08:00:00+08:00,214.557,650.0,28.6076,25.0,1.5
2025-01-08T09:00:00+08:00,345.3588,650.0,46.0478,25.0,1.5
2025-01-08T10:00:00+08:00,445.0057,650.0,59.3341,25.0,1.5
2025-01-08T11:00:00+08:00,506.707,650.0,67.5609,25.0,1.5
2025-01-08T12:00:00+08:00,526.2578,650.0,70.1677,25.0,1.5
2025-01-08T13:00:00+08:00,502.3257,650.0,66.9768,25.0,1.5
2025-01-08T14:00:00+08:00,436.5417,650.0,58.2056,25.0,1.5
2025-01-08T15:00:00+08:00,333.3888,650.0,44.4518,25.0,1.5
2025-01-08T16:00:00+08:00,199.8968,650.0,26.6529,25.0,1.5
2025-01-08T17:00:00+08:00,45.1629,650.0,6.0217,25.0,1.5
2025-01-08T18:00:00+08:00,0.0,0.0,0.0,25.0,1.5
2025-01-08T19:00:00+08:00,0.0,0.0,0.0,25.0,1.5
2025-01-08T20:00:00+08:00,0.0,0.0,0.0,25.0,1.5
2025-01-08T21:00:00+08:00,0.0,0.0,0.0,25.0,1.5
2025-01-08T22:00:00+08:00,0.0,0.0,0.0,25.0,1.5
2025-01-08T23:00:00+08:00,0.0,0.0,0.0,25.0,1.5
2025-01-09T00:00:00+08:00,0.0,0.0,0.0,25.0,1.5
2025-01-09T01:00:00+08:00,0.0,0.0,0.0,25.0,1.5
2025-01-09T02:00:00+08:00,0.0,0.0,0.0,25.0,1.5
2025-01-09T03:00:00+08:00,0.0,0.0,0.0,25.0,1.5
2025-01-09T04:00:00+08:00,0.0,0.0,0.0,25.0,1.5
2025-01-09T05:00:00+08:00,0.0,0.0,0.0,25.0,1.5
2025-01-09T06:00:00+08:00,0.0,0.0,0.0,25.0,1.5
2025-01-09T07:00:00+08:00,62.2821,650.0,8.3043,25.0,1.5
2025-01-09T08:00:00+08:00,215.4648,650.0,28.7286,25.0,1.5
2025-01-09T09:00:00+08:00,346.3861,650.0,46.1848,25.0,1.5
2025-01-09T10:00:00+08:00,446.1241,650.0,59.4832,25.0,1.5
2025-01-09T11:00:00+08:00,507.8818,650.0,67.7176,25.0,1.5
2025-01-09T12:00:00+08:00,527.4504,650.0,70.3267,25.0,1.5
2025-01-09T13:00:00+08:00,503.4965,650.0,67.1329,25.0,1.5
2025-01-09T14:00:00+08:00,437.6523,650.0,58.3536,25.0,1.5
2025-01-09T15:00:00+08:00,334.4052,650.0,44.5874,25.0,1.5
2025-01-09T16:00:00+08:00,200.7912,650.0,26.7722,25.0,1.5
2025-01-09T17:00:00+08:00,45.9158,650.0,6.1221,25.0,1.5
2025-01-09T18:00:00+08:00,0.0,0.0,0.0,25.0,1.5
2025-01-09T19:00:00+08:00,0.0,0.0,0.0,25.0,1.5
2025-01-09T20:00:00+08:00,0.0,0.0,0.0,25.0,1.5
2025-01-09T21:00:00+08:00,0.0,0.0,0.0,25.0,1.5
2025-01-09T22:00:00+08:00,0.0,0.0,0.0,25.0,1.5
2025-01-09T23:00:00+08:00,0.0,0.0,0.0,25.0,1.5
2025-01-10T00:00:00+08:00,0.0,0.0,0.0,25.0,1.5
2025-01-10T01:00:00+08:00,0.0,0.0,0.0,25.0,1.5
2025-01-10T02:00:00+08:00,0.0,0.0,0.0,25.0,1.5
2025-01-10T03:00:00+08:00,0.0,0.0,0.0,25.0,1.5
2025-01-10T04:00:00+08:00,0.0,0.0,0.0,25.0,1.5
2025-01-10T05:00:00+08:00,0.0,0.0,0.0,25.0,1.5
2025-01-10T06:00:00+08:00,0.0,0.0,0.0,25.0,1.5
2025-01-10T07:00:00+08:00,63.089,650.0,8.4119,25.0,1.5
2025-01-10T08:00:00+08:00,216.4179,650.0,28.8557,25.0,1.5
2025-01-10T09:00:00+08:00,347.4643,650.0,46.3286,25.0,1.5
2025-01-10T10:00:00+08:00,447.2975,650.0,59.6397,25.0,1.5
2025-01-10T11:00:00+08:00,509.1142,650.0,67.8819,25.0,1.5
2025-01-10T12:00:00+08:00,528.7015,650.0,70.4935,25.0,1.5
2025-01-10T13:00:00+08:00,504.7246,650.0,67.2966,25.0,1.5
2025-01-10T14:00:00+08:00,438.8176,650.0,58.509,25.0,1.5
2025-01-10T15:00:00+08:00,335.4719,650.0,44.7296,25.0,1.5
2025-01-10T16:00:00+08:00,201.7303,650.0,26.8974,25.0,1.5
2025-01-10T17:00:00+08:00,46.7071,650.0,6.2276,25.0,1.5
2025-01-10T18:00:00+08:00,0.0,0.0,0.0,25.0,1.5
2025-01-10T19:00:00+08:00,0.0,0.0,0.0,25.0,1.5
2025-01-10T20:00:00+08:00,0.0,0.0,0.0,25.0,1.5
2025-01-10T21:00:00+08:00,0.0,0.0,0.0,25.0,1.5
2025-01-10T22:00:00+08:00,0.0,0.0,0.0,25.0,1.5
2025-01-10T23:00:00+08:00,0.0,0.0,0.0,25.0,1.5
2025-01-11T00:00:00+08:00,0.0,0.0,0.0,25.0,1.5
2025-01-11T01:00:00+08:00,0.0,0.0,0.0,25.0,1.5
2025-01-11T02:00:00+08:00,0.0,0.0,0.0,25.0,1.5
2025-01-11T03:00:00+08:00,0.0,0.0,0.0,25.0,1.5
2025-01-11T04:00:00+08:00,0.0,0.0,0.0,25.0,1.5
2025-01-11T05:00:00+08:00,0.0,0.0,0.0,25.0,1.5
2025-01-11T06:00:00+08:00,0.0,0.0,0.0,25.0,1.5
2025-01-11T07:00:00+08:00,63.9347,650.0,8.5246,25.0,1.5
2025-01-11T08:00:00+08:00,217.4161,650.0,28.9888,25.0,1.5
2025-01-11T09:00:00+08:00,348.5927,650.0,46.479,25.0,1.5
2025-01-11T10:00:00+08:00,448.5252,650.0,59.8034,25.0,1.5
2025-01-11T11:00:00+08:00,510.4033,650.0,68.0538,25.0,1.5
2025-01-11T12:00:00+08:00,530.0101,650.0,70.668,25.0,1.5
2025-01-11T13:00:00+08:00,506.0094,650.0,67.4679,25.0,1.5
2025-01-11T14:00:00+08:00,440.0369,650.0,58.6716,25.0,1.5
2025-01-11T15:00:00+08:00,336.5884,650.0,44.8785,25.0,1.5
2025-01-11T16:00:00+08:00,202.7138,650.0,27.0285,25.0,1.5
2025-01-11T17:00:00+08:00,47.5365,650.0,6.3382,25.0,1.5
2025-01-11T18:00:00+08:00,0.0,0.0,0.0,25.0,1.5
2025-01-11T19:00:00+08:00,0.0,0.0,0.0,25.0,1.5
2025-01-11T20:00:00+08:00,0.0,0.0,0.0,25.0,1.5
2025-01-11T21:00:00+08:00,0.0,0.0,0.0,25.0,1.5
2025-01-11T22:00:00+08:00,0.0,0.0,0.0,25.0,1.5
2025-01-11T23:00:00+08:00,0.0,0.0,0.0,25.0,1.5
2025-01-12T00:00:00+08:00,0.0,0.0,0.0,25.0,1.5
2025-01-12T01:00:00+08:00,0.0,0.0,0.0,25.0,1.5
2025-01-12T02:00:00+08:00,0.0,0.0,0.0,25.0,1.5
2025-01-12T03:00:00+08:00,0.0,0.0,0.0,25.0,1.5
2025-01-12T04:00:00+08:00,0.0,0.0,0.0,25.0,1.5
2025-01-12T05:00:00+08:00,0.0,0.0,0.0,25.0,1.5
2025-01-12T06:00:00+08:00,0.0,0.0,0.0,25.0,1.5
2025-01-12T07:00:00+08:00,64.8188,650.0,8.6425,25.0,1.5
2025-01-12T08:00:00+08:00,218.4587,650.0,29.1278,25.0,1.5
2025-01-12T09:00:00+08:00,349.7707,650.0,46.6361,25.0,1.5
2025-01-12T10:00:00+08:00,449.8064,650.0,59.9742,25.0,1.5
2025-01-12T11:00:00+08:00,511.7484,650.0,68.2331,25.0,1.5
2025-01-12T12:00:00+08:00,531.3754,650.0,70.8501,25.0,1.5
2025-01-12T13:00:00+08:00,507.35,650.0,67.6467,25.0,1.5
2025-01-12T14:00:00+08:00,441.3093,650.0,58.8412,25.0,1.5
2025-01-12T15:00:00+08:00,337.7541,650.0,45.0339,25.0,1.5
2025-01-12T16:00:00+08:00,203.7413,650.0,27.1655,25.0,1.5
2025-01-12T17:00:00+08:00,48.4037,650.0,6.4538,25.0,1.5
2025-01-12T18:00:00+08:00,0.0,0.0,0.0,25.0,1.5
2025-01-12T19:00:00+08:00,0.0,0.0,0.0,25.0,1.5
2025-01-12T20:00:00+08:00,0.0,0.0,0.0,25.0,1.5
2025-01-12T21:00:00+08:00,0.0,0.0,0.0,25.0,1.5
2025-01-12T22:00:00+08:00,0.0,0.0,0.0,25.0,1.5
2025-01-12T23:00:00+08:00,0.0,0.0,0.0,25.0,1.5
2025-01-13T00:00:00+08:00,0.0,0.0,0.0,25.0,1.5
2025-01-13T01:00:00+08:00,0.0,0.0,0.0,25.0,1.5
2025-01-13T02:00:00+08:00,0.0,0.0,0.0,25.0,1.5
2025-01-13T03:00:00+08:00,0.0,0.0,0.0,25.0,1.5
2025-01-13T04:00:00+08:00,0.0,0.0,0.0,25.0,1.5
2025-01-13T05:00:00+08:00,0.0,0.0,0.0,25.0,1.5
2025-01-13T06:00:00+08:00,0.0,0.0,0.0,25.0,1.5
2025-01-13T07:00:00+08:00,65.7411,650.0,8.7655,25.0,1.5
2025-01-13T08:00:00+08:00,219.5452,650.0,29.2727,25.0,1.5
2025-01-13T09:00:00+08:00,350.9977,650.0,46.7997,25.0,1.5
2025-01-13T10:00:00+08:00,451.1404,650.0,60.152,25.0,1.5
2025-01-13T11:00:00+08:00,513.1486,650.0,68.4198,25.0,1.5
2025-01-13T12:00:00+08:00,532.7966,650.0,71.0395,25.0,1.5
2025-01-13T13:00:00+08:00,508.7454,650.0,67.8327,25.0,1.5
2025-01-13T14:00:00+08:00,442.6342,650.0,59.0179,25.0,1.5
2025-01-13T15:00:00+08:00,338.9682,650.0,45.1958,25.0,1.5
2025-01-13T16:00:00+08:00,204.8121,650.0,27.3083,25.0,1.5
2025-01-13T17:00:00+08:00,49.3085,650.0,6.5745,25.0,1.5
2025-01-13T18:00:00+08:00,0.0,0.0,0.0,25.0,1.5
2025-01-13T19:00:00+08:00,0.0,0.0,0.0,25.0,1.5
2025-01-13T20:00:00+08:00,0.0,0.0,0.0,25.0,1.5
2025-01-13T21:00:00+08:00,0.0,0.0,0.0,25.0,1.5
2025-01-13T22:00:00+08:00,0.0,0.0,0.0,25.0,1.5
2025-01-13T23:00:00+08:00,0.0,0.0,0.0,25.0,1.5
2025-01-14T00:00:00+08:00,0.0,0.0,0.0,25.0,1.5
2025-01-14T01:00:00+08:00,0.0,0.0,0.0,25.0,1.5
2025-01-14T02:00:00+08:00,0.0,0.0,0.0,25.0,1.5
2025-01-14T03:00:00+08:00,0.0,0.0,0.0,25.0,1.5
2025-01-14T04:00:00+08:00,0.0,0.0,0.0,25.0,1.5
2025-01-14T05:00:00+08:00,0.0,0.0,0.0,25.0,1.5
2025-01-14T06:00:00+08:00,0.0,0.0,0.0,25.0,1.5
2025-01-14T07:00:00+08:00,66.7012,650.0,8.8935,25.0,1.5
2025-01-14T08:00:00+08:00,220.6753,650.0,29.4234,25.0,1.5
2025-01-14T09:00:00+08:00,352.273,650.0,46.9697,25.0,1.5
2025-01-14T10:00:00+08:00,452.5263,650.0,60.3368,25.0,1.5
2025-01-14T11:00:00+08:00,514.603,650.0,68.6137,25.0,1.5
2025-01-14T12:00:00+08:00,534.2727,650.0,71.2364,25.0,1.5
2025-01-14T13:00:00+08:00,510.195,650.0,68.026,25.0,1.5
2025-01-14T14:00:00+08:00,444.0107,650.0,59.2014,25.0,1.5
2025-01-14T15:00:00+08:00,340.2302,650.0,45.364,25.0,1.5
2025-01-14T16:00:00+08:00,205.9259,650.0,27.4568,25.0,1.5
2025-01-14T17:00:00+08:00,50.2504,650.0,6.7001,25.0,1.5
2025-01-14T18:00:00+08:00,0.0,0.0,0.0,25.0,1.5
2025-01-14T19:00:00+08:00,0.0,0.0,0.0,25.0,1.5
2025-01-14T20:00:00+08:00,0.0,0.0,0.0,25.0,1.5
2025-01-14T21:00:00+08:00,0.0,0.0,0.0,25.0,1.5
2025-01-14T22:00:00+08:00,0.0,0.0,0.0,25.0,1.5
2025-01-14T23:00:00+08:00,0.0,0.0,0.0,25.0,1.5
2025-01-15T00:00:00+08:00,0.0,0.0,0.0,25.0,1.5
2025-01-15T01:00:00+08:00,0.0,0.0,0.0,25.0,1.5
2025-01-15T02:00:00+08:00,0.0,0.0,0.0,25.0,1.5
2025-01-15T03:00:00+08:00,0.0,0.0,0.0,25.0,1.5
2025-01-15T04:00:00+08:00,0.0,0.0,0.0,25.0,1.5
2025-01-15T05:00:00+08:00,0.0,0.0,0.0,25.0,1.5
2025-01-15T06:00:00+08:00,0.0,0.0,0.0,25.0,1.5
2025-01-15T07:00:00+08:00,67.6988,650.0,9.0265,25.0,1.5
2025-01-15T08:00:00+08:00,221.8482,650.0,29.5798,25.0,1.5
2025-01-15T09:00:00+08:00,353.5958,650.0,47.1461,25.0,1.5
2025-01-15T10:00:00+08:00,453.9632,650.0,60.5284,25.0,1.5
2025-01-15T11:00:00+08:00,516.1107,650.0,68.8148,25.0,1.5
2025-01-15T12:00:00+08:00,535.8028,650.0,71.4404,25.0,1.5
2025-01-15T13:00:00+08:00,511.6976,650.0,68.2264,25.0,1.5
2025-01-15T14:00:00+08:00,445.438,650.0,59.3917,25.0,1.5
2025-01-15T15:00:00+08:00,341.5392,650.0,45.5386,25.0,1.5
2025-01-15T16:00:00+08:00,207.082,650.0,27.6109,25.0,1.5
2025-01-15T17:00:00+08:00,51.2292,650.0,6.8306,25.0,1.5
2025-01-15T18:00:00+08:00,0.0,0.0,0.0,25.0,1.5
2025-01-15T19:00:00+08:00,0.0,0.0,0.0,25.0,1.5
2025-01-15T20:00:00+08:00,0.0,0.0,0.0,25.0,1.5
2025-01-15T21:00:00+08:00,0.0,0.0,0.0,25.0,1.5
2025-01-15T22:00:00+08:00,0.0,0.0,0.0,25.0,1.5
2025-01-15T23:00:00+08:00,0.0,0.0,0.0,25.0,1.5
2025-01-16T00:00:00+08:00,0.0,0.0,0.0,25.0,1.5
2025-01-16T01:00:00+08:00,0.0,0.0,0.0,25.0,1.5
2025-01-16T02:00:00+08:00,0.0,0.0,0.0,25.0,1.5
2025-01-16T03:00:00+08:00,0.0,0.0,0.0,25.0,1.5
2025-01-16T04:00:00+08:00,0.0,0.0,0.0,25.0,1.5
2025-01-16T05:00:00+08:00,0.0,0.0,0.0,25.0,1.5
2025-01-16T06:00:00+08:00,0.0,0.0,0.0,25.0,1.5
2025-01-16T07:00:00+08:00,68.7334,650.0,9.1645,25.0,1.5
2025-01-16T08:00:00+08:00,223.0634,650.0,29.7418,25.0,1.5
2025-01-16T09:00:00+08:00,354.9654,650.0,47.3287,25.0,1.5
2025-01-16T10:00:00+08:00,455.4504,650.0,60.7267,25.0,1.5
2025-01-16T11:00:00+08:00,517.6707,650.0,69.0228,25.0,1.5
2025-01-16T12:00:00+08:00,537.3859,650.0,71.6515,25.0,1.5
2025-01-16T13:00:00+08:00,513.2525,650.0,68.4337,25.0,1.5
2025-01-16T14:00:00+08:00,446.9152,650.0,59.5887,25.0,1.5
2025-01-16T15:00:00+08:00,342.8947,650.0,45.7193,25.0,1.5
2025-01-16T16:00:00+08:00,208.2799,650.0,27.7707,25.0,1.5
2025-01-16T17:00:00+08:00,52.2445,650.0,6.9659,25.0,1.5
2025-01-16T18:00:00+08:00,0.0,0.0,0.0,25.0,1.5
2025-01-16T19:00:00+08:00,0.0,0.0,0.0,25.0,1.5
2025-01-16T20:00:00+08:00,0.0,0.0,0.0,25.0,1.5
2025-01-16T21:00:00+08:00,0.0,0.0,0.0,25.0,1.5
2025-01-16T22:00:00+08:00,0.0,0.0,0.0,25.0,1.5
2025-01-16T23:00:00+08:00,0.0,0.0,0.0,25.0,1.5
2025-01-17T00:00:00+08:00,0.0,0.0,0.0,25.0,1.5
2025-01-17T01:00:00+08:00,0.0,0.0,0.0,25.0,1.5
2025-01-17T02:00:00+08:00,0.0,0.0,0.0,25.0,1.5
2025-01-17T03:00:00+08:00,0.0,0.0,0.0,25.0,1.5
2025-01-17T04:00:00+08:00,0.0,0.0,0.0,25.0,1.5
2025-01-17T05:00:00+08:00,0.0,0.0,0.0,25.0,1.5
2025-01-17T06:00:00+08:00,0.0,0.0,0.0,25.0,1.5
2025-01-17T07:00:00+08:00,69.8047,650.0,9.3073,25.0,1.5
2025-01-17T08:00:00+08:00,224.3204,650.0,29.9094,25.0,1.5
2025-01-17T09:00:00+08:00,356.381,650.0,47.5175,25.0,1.5
2025-01-17T10:00:00+08:00,456.987,650.0,60.9316,25.0,1.5
2025-01-17T11:00:00+08:00,519.282,650.0,69.2376,25.0,1.5
2025-01-17T12:00:00+08:00,539.021,650.0,71.8695,25.0,1.5
2025-01-17T13:00:00+08:00,514.8585,650.0,68.6478,25.0,1.5
2025-01-17T14:00:00+08:00,448.4414,650.0,59.7922,25.0,1.5
2025-01-17T15:00:00+08:00,344.2958,650.0,45.9061,25.0,1.5
2025-01-17T16:00:00+08:00,209.5191,650.0,27.9359,25.0,1.5
2025-01-17T17:00:00+08:00,53.296,650.0,7.1061,25.0,1.5
2025-01-17T18:00:00+08:00,0.0,0.0,0.0,25.0,1.5
2025-01-17T19:00:00+08:00,0.0,0.0,0.0,25.0,1.5
2025-01-17T20:00:00+08:00,0.0,0.0,0.0,25.0,1.5
2025-01-17T21:00:00+08:00,0.0,0.0,0.0,25.0,1.5
2025-01-17T22:00:00+08:00,0.0,0.0,0.0,25.0,1.5
2025-01-17T23:00:00+08:00,0.0,0.0,0.0,25.0,1.5
2025-01-18T00:00:00+08:00,0.0,0.0,0.0,25.0,1.5
2025-01-18T01:00:00+08:00,0.0,0.0,0.0,25.0,1.5
2025-01-18T02:00:00+08:00,0.0,0.0,0.0,25.0,1.5
2025-01-18T03:00:00+08:00,0.0,0.0,0.0,25.0,1.5
2025-01-18T04:00:00+08:00,0.0,0.0,0.0,25.0,1.5
2025-01-18T05:00:00+08:00,0.0,0.0,0.0,25.0,1.5
2025-01-18T06:00:00+08:00,0.0,0.0,0.0,25.0,1.5
2025-01-18T07:00:00+08:00,70.9123,650.0,9.455,25.0,1.5
2025-01-18T08:00:00+08:00,225.6185,650.0,30.0825,25.0,1.5
2025-01-18T09:00:00+08:00,357.8419,650.0,47.7123,25.0,1.5
2025-01-18T10:00:00+08:00,458.5719,650.0,61.1429,25.0,1.5
2025-01-18T11:00:00+08:00,520.9437,650.0,69.4592,25.0,1.5
2025-01-18T12:00:00+08:00,540.707,650.0,72.0943,25.0,1.5
2025-01-18T13:00:00+08:00,516.5148,650.0,68.8686,25.0,1.5
2025-01-18T14:00:00+08:00,450.0158,650.0,60.0021,25.0,1.5
2025-01-18T15:00:00+08:00,345.7418,650.0,46.0989,25.0,1.5
2025-01-18T16:00:00+08:00,210.7989,650.0,28.1065,25.0,1.5
2025-01-18T17:00:00+08:00,54.3833,650.0,7.2511,25.0,1.5
2025-01-18T18:00:00+08:00,0.0,0.0,0.0,25.0,1.5
2025-01-18T19:00:00+08:00,0.0,0.0,0.0,25.0,1.5
2025-01-18T20:00:00+08:00,0.0,0.0,0.0,25.0,1.5
2025-01-18T21:00:00+08:00,0.0,0.0,0.0,25.0,1.5
2025-01-18T22:00:00+08:00,0.0,0.0,0.0,25.0,1.5
2025-01-18T23:00:00+08:00,0.0,0.0,0.0,25.0,1.5
2025-01-19T00:00:00+08:00,0.0,0.0,0.0,25.0,1.5
2025-01-19T01:00:00+08:00,0.0,0.0,0.0,25.0,1.5
2025-01-19T02:00:00+08:00,0.0,0.0,0.0,25.0,1.5
2025-01-19T03:00:00+08:00,0.0,0.0,0.0,25.0,1.5
2025-01-19T04:00:00+08:00,0.0,0.0,0.0,25.0,1.5
2025-01-19T05:00:00+08:00,0.0,0.0,0.0,25.0,1.5
2025-01-19T06:00:00+08:00,0.0,0.0,0.0,25.0,1.5
2025-01-19T07:00:00+08:00,72.0558,650.0,9.6074,25.0,1.5
2025-01-19T08:00:00+08:00,226.957,650.0,30.2609,25.0,1.5
2025-01-19T09:00:00+08:00,359.3472,650.0,47.913,25.0,1.5
2025-01-19T10:00:00+08:00,460.2042,650.0,61.3606,25.0,1.5
2025-01-19T11:00:00+08:00,522.6547,650.0,69.6873,25.0,1.5
2025-01-19T12:00:00+08:00,542.4428,650.0,72.3257,25.0,1.5
2025-01-19T13:00:00+08:00,518.2201,650.0,69.096,25.0,1.5
2025-01-19T14:00:00+08:00,451.6373,650.0,60.2183,25.0,1.5
2025-01-19T15:00:00+08:00,347.2318,650.0,46.2976,25.0,1.5
2025-01-19T16:00:00+08:00,212.1188,650.0,28.2825,25.0,1.5
2025-01-19T17:00:00+08:00,55.506,650.0,7.4008,25.0,1.5
2025-01-19T18:00:00+08:00,0.0,0.0,0.0,25.0,1.5
2025-01-19T19:00:00+08:00,0.0,0.0,0.0,25.0,1.5
2025-01-19T20:00:00+08:00,0.0,0.0,0.0,25.0,1.5
2025-01-19T21:00:00+08:00,0.0,0.0,0.0,25.0,1.5
2025-01-19T22:00:00+08:00,0.0,0.0,0.0,25.0,1.5
2025-01-19T23:00:00+08:00,0.0,0.0,0.0,25.0,1.5
2025-01-20T00:00:00+08:00,0.0,0.0,0.0,25.0,1.5
2025-01-20T01:00:00+08:00,0.0,0.0,0.0,25.0,1.5
2025-01-20T02:00:00+08:00,0.0,0.0,0.0,25.0,1.5
2025-01-20T03:00:00+08:00,0.0,0.0,0.0,25.0,1.5
2025-01-20T04:00:00+08:00,0.0,0.0,0.0,25.0,1.5
2025-01-20T05:00:00+08:00,0.0,0.0,0.0,25.0,1.5
2025-01-20T06:00:00+08:00,0.0,0.0,0.0,25.0,1.5
2025-01-20T07:00:00+08:00,73.2348,650.0,9.7646,25.0,1.5
2025-01-20T08:00:00+08:00,228.3354,650.0,30.4447,25.0,1.5
2025-01-20T09:00:00+08:00,360.8961,650.0,48.1195,25.0,1.5
2025-01-20T10:00:00+08:00,461.8829,650.0,61.5844,25.0,1.5
2025-01-20T11:00:00+08:00,524.4138,650.0,69.9218,25.0,1.5
2025-01-20T12:00:00+08:00,544.2275,650.0,72.5637,25.0,1.5
2025-01-20T13:00:00+08:00,519.9736,650.0,69.3298,25.0,1.5
2025-01-20T14:00:00+08:00,453.305,650.0,60.4407,25.0,1.5
2025-01-20T15:00:00+08:00,348.7651,650.0,46.502,25.0,1.5
2025-01-20T16:00:00+08:00,213.4781,650.0,28.4637,25.0,1.5
2025-01-20T17:00:00+08:00,56.6636,650.0,7.5551,25.0,1.5
2025-01-20T18:00:00+08:00,0.0,0.0,0.0,25.0,1.5
2025-01-20T19:00:00+08:00,0.0,0.0,0.0,25.0,1.5
2025-01-20T20:00:00+08:00,0.0,0.0,0.0,25.0,1.5
2025-01-20T21:00:00+08:00,0.0,0.0,0.0,25.0,1.5
2025-01-20T22:00:00+08:00,0.0,0.0,0.0,25.0,1.5
2025-01-20T23:00:00+08:00,0.0,0.0,0.0,25.0,1.5
2025-01-21T00:00:00+08:00,0.0,0.0,0.0,25.0,1.5
2025-01-21T01:00:00+08:00,0.0,0.0,0.0,25.0,1.5
2025-01-21T02:00:00+08:00,0.0,0.0,0.0,25.0,1.5
2025-01-21T03:00:00+08:00,0.0,0.0,0.0,25.0,1.5
2025-01-21T04:00:00+08:00,0.0,0.0,0.0,25.0,1.5
2025-01-21T05:00:00+08:00,0.0,0.0,0.0,25.0,1.5
2025-01-21T06:00:00+08:00,0.0,0.0,0.0,25.0,1.5
2025-01-21T07:00:00+08:00,74.4488,650.0,9.9265,25.0,1.5
2025-01-21T08:00:00+08:00,229.753,650.0,30.6337,25.0,1.5
2025-01-21T09:00:00+08:00,362.4876,650.0,48.3317,25.0,1.5
2025-01-21T10:00:00+08:00,463.607,650.0,61.8143,25.0,1.5
2025-01-21T11:00:00+08:00,526.22,650.0,70.1627,25.0,1.5
2025-01-21T12:00:00+08:00,546.0597,650.0,72.808,25.0,1.5
2025-01-21T13:00:00+08:00,521.7739,650.0,69.5699,25.0,1.5
2025-01-21T14:00:00+08:00,455.0179,650.0,60.669,25.0,1.5
2025-01-21T15:00:00+08:00,350.3407,650.0,46.7121,25.0,1.5
2025-01-21T16:00:00+08:00,214.8762,650.0,28.6502,25.0,1.5
2025-01-21T17:00:00+08:00,57.8558,650.0,7.7141,25.0,1.5
2025-01-21T18:00:00+08:00,0.0,0.0,0.0,25.0,1.5
2025-01-21T19:00:00+08:00,0.0,0.0,0.0,25.0,1.5
2025-01-21T20:00:00+08:00,0.0,0.0,0.0,25.0,1.5
2025-01-21T21:00:00+08:00,0.0,0.0,0.0,25.0,1.5
2025-01-21T22:00:00+08:00,0.0,0.0,0.0,25.0,1.5
2025-01-21T23:00:00+08:00,0.0,0.0,0.0,25.0,1.5
2025-01-22T00:00:00+08:00,0.0,0.0,0.0,25.0,1.5
2025-01-22T01:00:00+08:00,0.0,0.0,0.0,25.0,1.5
2025-01-22T02:00:00+08:00,0.0,0.0,0.0,25.0,1.5
2025-01-22T03:00:00+08:00,0.0,0.0,0.0,25.0,1.5
2025-01-22T04:00:00+08:00,0.0,0.0,0.0,25.0,1.5
2025-01-22T05:00:00+08:00,0.0,0.0,0.0,25.0,1.5
2025-01-22T06:00:00+08:00,0.0,0.0,0.0,25.0,1.5
2025-01-22T07:00:00+08:00,75.6973,650.0,10.093,25.0,1.5
2025-01-22T08:00:00+08:00,231.209,650.0,30.8279,25.0,1.5
2025-01-22T09:00:00+08:00,364.121,650.0,48.5495,25.0,1.5
2025-01-22T10:00:00+08:00,465.3755,650.0,62.0501,25.0,1.5
2025-01-22T11:00:00+08:00,528.0721,650.0,70.4096,25.0,1.5
2025-01-22T12:00:00+08:00,547.9383,650.0,73.0584,25.0,1.5
2025-01-22T13:00:00+08:00,523.6201,650.0,69.816,25.0,1.5
2025-01-22T14:00:00+08:00,456.7748,650.0,60.9033,25.0,1.5
2025-01-22T15:00:00+08:00,351.9579,650.0,46.9277,25.0,1.5
2025-01-22T16:00:00+08:00,216.3123,650.0,28.8416,25.0,1.5
2025-01-22T17:00:00+08:00,59.0822,650.0,7.8776,25.0,1.5
2025-01-22T18:00:00+08:00,0.0,0.0,0.0,25.0,1.5
2025-01-22T19:00:00+08:00,0.0,0.0,0.0,25.0,1.5
2025-01-22T20:00:00+08:00,0.0,0.0,0.0,25.0,1.5
2025-01-22T21:00:00+08:00,0.0,0.0,0.0,25.0,1.5
2025-01-22T22:00:00+08:00,0.0,0.0,0.0,25.0,1.5
2025-01-22T23:00:00+08:00,0.0,0.0,0.0,25.0,1.5
2025-01-23T00:00:00+08:00,0.0,0.0,0.0,25.0,1.5
2025-01-23T01:00:00+08:00,0.0,0.0,0.0,25.0,1.5
2025-01-23T02:00:00+08:00,0.0,0.0,0.0,25.0,1.5
2025-01-23T03:00:00+08:00,0.0,0.0,0.0,25.0,1.5
2025-01-23T04:00:00+08:00,0.0,0.0,0.0,25.0,1.5
2025-01-23T05:00:00+08:00,0.0,0.0,0.0,25.0,1.5
2025-01-23T06:00:00+08:00,0.0,0.0,0.0,25.0,1.5
2025-01-23T07:00:00+08:00,76.9799,650.0,10.264,25.0,1.5
2025-01-23T08:00:00+08:00,232.7028,650.0,31.027,25.0,1.5
2025-01-23T09:00:00+08:00,365.7952,650.0,48.7727,25.0,1.5
2025-01-23T10:00:00+08:00,467.1872,650.0,62.2916,25.0,1.5
2025-01-23T11:00:00+08:00,529.969,650.0,70.6625,25.0,1.5
2025-01-23T12:00:00+08:00,549.8621,650.0,73.3149,25.0,1.5
2025-01-23T13:00:00+08:00,525.5109,650.0,70.0681,25.0,1.5
2025-01-23T14:00:00+08:00,458.5749,650.0,61.1433,25.0,1.5
2025-01-23T15:00:00+08:00,353.6156,650.0,47.1487,25.0,1.5
2025-01-23T16:00:00+08:00,217.7858,650.0,29.0381,25.0,1.5
2025-01-23T17:00:00+08:00,60.3422,650.0,8.0456,25.0,1.5
2025-01-23T18:00:00+08:00,0.0,0.0,0.0,25.0,1.5
2025-01-23T19:00:00+08:00,0.0,0.0,0.0,25.0,1.5
2025-01-23T20:00:00+08:00,0.0,0.0,0.0,25.0,1.5
2025-01-23T21:00:00+08:00,0.0,0.0,0.0,25.0,1.5
2025-01-23T22:00:00+08:00,0.0,0.0,0.0,25.0,1.5
2025-01-23T23:00:00+08:00,0.0,0.0,0.0,25.0,1.5
2025-01-24T00:00:00+08:00,0.0,0.0,0.0,25.0,1.5
2025-01-24T01:00:00+08:00,0.0,0.0,0.0,25.0,1.5
2025-01-24T02:00:00+08:00,0.0,0.0,0.0,25.0,1.5
2025-01-24T03:00:00+08:00,0.0,0.0,0.0,25.0,1.5
2025-01-24T04:00:00+08:00,0.0,0.0,0.0,25.0,1.5
2025-01-24T05:00:00+08:00,0.0,0.0,0.0,25.0,1.5
2025-01-24T06:00:00+08:00,0.0,0.0,0.0,25.0,1.5
2025-01-24T07:00:00+08:00,78.2961,650.0,10.4395,25.0,1.5
2025-01-24T08:00:00+08:00,234.2336,650.0,31.2311,25.0,1.5
2025-01-24T09:00:00+08:00,367.5094,650.0,49.0013,25.0,1.5
2025-01-24T10:00:00+08:00,469.0411,650.0,62.5388,25.0,1.5
2025-01-24T11:00:00+08:00,531.9094,650.0,70.9213,25.0,1.5
2025-01-24T12:00:00+08:00,551.8299,650.0,73.5773,25.0,1.5
2025-01-24T13:00:00+08:00,527.4452,650.0,70.326,25.0,1.5
2025-01-24T14:00:00+08:00,460.4169,650.0,61.3889,25.0,1.5
2025-01-24T15:00:00+08:00,355.313,650.0,47.3751,25.0,1.5
2025-01-24T16:00:00+08:00,219.2961,650.0,29.2395,25.0,1.5
2025-01-24T17:00:00+08:00,61.6355,650.0,8.2181,25.0,1.5
2025-01-24T18:00:00+08:00,0.0,0.0,0.0,25.0,1.5
2025-01-24T19:00:00+08:00,0.0,0.0,0.0,25.0,1.5
2025-01-24T20:00:00+08:00,0.0,0.0,0.0,25.0,1.5
2025-01-24T21:00:00+08:00,0.0,0.0,0.0,25.0,1.5
2025-01-24T22:00:00+08:00,0.0,0.0,0.0,25.0,1.5
2025-01-24T23:00:00+08:00,0.0,0.0,0.0,25.0,1.5
2025-01-25T00:00:00+08:00,0.0,0.0,0.0,25.0,1.5
2025-01-25T01:00:00+08:00,0.0,0.0,0.0,25.0,1.5
2025-01-25T02:00:00+08:00,0.0,0.0,0.0,25.0,1.5
2025-01-25T03:00:00+08:00,0.0,0.0,0.0,25.0,1.5
2025-01-25T04:00:00+08:00,0.0,0.0,0.0,25.0,1.5
2025-01-25T05:00:00+08:00,0.0,0.0,0.0,25.0,1.5
2025-01-25T06:00:00+08:00,0.0,0.0,0.0,25.0,1.5
2025-01-25T07:00:00+08:00,79.6454,650.0,10.6194,25.0,1.5
2025-01-25T08:00:00+08:00,235.8006,650.0,31.4401,25.0,1.5
2025-01-25T09:00:00+08:00,369.2626,650.0,49.235,25.0,1.5
2025-01-25T10:00:00+08:00,470.936,650.0,62.7915,25.0,1.5
2025-01-25T11:00:00+08:00,533.8921,650.0,71.1856,25.0,1.5
2025-01-25T12:00:00+08:00,553.8405,650.0,73.8454,25.0,1.5
2025-01-25T13:00:00+08:00,529.4217,650.0,70.5896,25.0,1.5
2025-01-25T14:00:00+08:00,462.2998,650.0,61.64,25.0,1.5
2025-01-25T15:00:00+08:00,357.0491,650.0,47.6065,25.0,1.5
2025-01-25T16:00:00+08:00,220.8423,650.0,29.4456,25.0,1.5
2025-01-25T17:00:00+08:00,62.9615,650.0,8.3949,25.0,1.5
2025-01-25T18:00:00+08:00,0.0,0.0,0.0,25.0,1.5
2025-01-25T19:00:00+08:00,0.0,0.0,0.0,25.0,1.5
2025-01-25T20:00:00+08:00,0.0,0.0,0.0,25.0,1.5
2025-01-25T21:00:00+08:00,0.0,0.0,0.0,25.0,1.5
2025-01-25T22:00:00+08:00,0.0,0.0,0.0,25.0,1.5
2025-01-25T23:00:00+08:00,0.0,0.0,0.0,25.0,1.5
2025-01-26T00:00:00+08:00,0.0,0.0,0.0,25.0,1.5
2025-01-26T01:00:00+08:00,0.0,0.0,0.0,25.0,1.5
2025-01-26T02:00:00+08:00,0.0,0.0,0.0,25.0,1.5
2025-01-26T03:00:00+08:00,0.0,0.0,0.0,25.0,1.5
2025-01-26T04:00:00+08:00,0.0,0.0,0.0,25.0,1.5
2025-01-26T05:00:00+08:00,0.0,0.0,0.0,25.0,1.5
2025-01-26T06:00:00+08:00,0.0,0.0,0.0,25.0,1.5
2025-01-26T07:00:00+08:00,81.0272,650.0,10.8036,25.0,1.5
2025-01-26T08:00:00+08:00,237.4031,650.0,31.6538,25.0,1.5
2025-01-26T09:00:00+08:00,371.0537,650.0,49.4738,25.0,1.5
2025-01-26T10:00:00+08:00,472.8708,650.0,63.0494,25.0,1.5
2025-01-26T11:00:00+08:00,535.9159,650.0,71.4555,25.0,1.5
2025-01-26T12:00:00+08:00,555.8925,650.0,74.119,25.0,1.5
2025-01-26T13:00:00+08:00,531.4392,650.0,70.8586,25.0,1.5
2025-01-26T14:00:00+08:00,464.2224,650.0,61.8963,25.0,1.5
2025-01-26T15:00:00+08:00,358.823,650.0,47.8431,25.0,1.5
2025-01-26T16:00:00+08:00,222.4237,650.0,29.6565,25.0,1.5
2025-01-26T17:00:00+08:00,64.3198,650.0,8.576,25.0,1.5
2025-01-26T18:00:00+08:00,0.0,0.0,0.0,25.0,1.5
2025-01-26T19:00:00+08:00,0.0,0.0,0.0,25.0,1.5
2025-01-26T20:00:00+08:00,0.0,0.0,0.0,25.0,1.5
2025-01-26T21:00:00+08:00,0.0,0.0,0.0,25.0,1.5
2025-01-26T22:00:00+08:00,0.0,0.0,0.0,25.0,1.5
2025-01-26T23:00:00+08:00,0.0,0.0,0.0,25.0,1.5
2025-01-27T00:00:00+08:00,0.0,0.0,0.0,25.0,1.5
2025-01-27T01:00:00+08:00,0.0,0.0,0.0,25.0,1.5
2025-01-27T02:00:00+08:00,0.0,0.0,0.0,25.0,1.5
2025-01-27T03:00:00+08:00,0.0,0.0,0.0,25.0,1.5
2025-01-27T04:00:00+08:00,0.0,0.0,0.0,25.0,1.5
2025-01-27T05:00:00+08:00,0.0,0.0,0.0,25.0,1.5
2025-01-27T06:00:00+08:00,0.0,0.0,0.0,25.0,1.5
2025-01-27T07:00:00+08:00,82.4412,650.0,10.9922,25.0,1.5
2025-01-27T08:00:00+08:00,239.0404,650.0,31.8721,25.0,1.5
2025-01-27T09:00:00+08:00,372.8818,650.0,49.7176,25.0,1.5
2025-01-27T10:00:00+08:00,474.8444,650.0,63.3126,25.0,1.5
2025-01-27T11:00:00+08:00,537.9795,650.0,71.7306,25.0,1.5
2025-01-27T12:00:00+08:00,557.9846,650.0,74.3979,25.0,1.5
2025-01-27T13:00:00+08:00,533.4963,650.0,71.1328,25.0,1.5
2025-01-27T14:00:00+08:00,466.1836,650.0,62.1578,25.0,1.5
2025-01-27T15:00:00+08:00,360.6337,650.0,48.0845,25.0,1.5
2025-01-27T16:00:00+08:00,224.0395,650.0,29.8719,25.0,1.5
2025-01-27T17:00:00+08:00,65.7099,650.0,8.7613,25.0,1.5
2025-01-27T18:00:00+08:00,0.0,0.0,0.0,25.0,1.5
2025-01-27T19:00:00+08:00,0.0,0.0,0.0,25.0,1.5
2025-01-27T20:00:00+08:00,0.0,0.0,0.0,25.0,1.5
2025-01-27T21:00:00+08:00,0.0,0.0,0.0,25.0,1.5
2025-01-27T22:00:00+08:00,0.0,0.0,0.0,25.0,1.5
2025-01-27T23:00:00+08:00,0.0,0.0,0.0,25.0,1.5
2025-01-28T00:00:00+08:00,0.0,0.0,0.0,25.0,1.5
2025-01-28T01:00:00+08:00,0.0,0.0,0.0,25.0,1.5
2025-01-28T02:00:00+08:00,0.0,0.0,0.0,25.0,1.5
2025-01-28T03:00:00+08:00,0.0,0.0,0.0,25.0,1.5
2025-01-28T04:00:00+08:00,0.0,0.0,0.0,25.0,1.5
2025-01-28T05:00:00+08:00,0.0,0.0,0.0,25.0,1.5
2025-01-28T06:00:00+08:00,0.0,0.0,0.0,25.0,1.5
2025-01-28T07:00:00+08:00,83.8866,650.0,11.1849,25.0,1.5
2025-01-28T08:00:00+08:00,240.7116,650.0,32.0949,25.0,1.5
2025-01-28T09:00:00+08:00,374.7459,650.0,49.9661,25.0,1.5
2025-01-28T10:00:00+08:00,476.8554,650.0,63.5807,25.0,1.5
2025-01-28T11:00:00+08:00,540.0815,650.0,72.0109,25.0,1.5
2025-01-28T12:00:00+08:00,560.1155,650.0,74.6821,25.0,1.5
2025-01-28T13:00:00+08:00,535.5919,650.0,71.4123,25.0,1.5
2025-01-28T14:00:00+08:00,468.1822,650.0,62.4243,25.0,1.5
2025-01-28T15:00:00+08:00,362.4801,650.0,48.3307,25.0,1.5
2025-01-28T16:00:00+08:00,225.6891,650.0,30.0919,25.0,1.5
2025-01-28T17:00:00+08:00,67.1312,650.0,8.9508,25.0,1.5
2025-01-28T18:00:00+08:00,0.0,0.0,0.0,25.0,1.5
2025-01-28T19:00:00+08:00,0.0,0.0,0.0,25.0,1.5
2025-01-28T20:00:00+08:00,0.0,0.0,0.0,25.0,1.5
2025-01-28T21:00:00+08:00,0.0,0.0,0.0,25.0,1.5
2025-01-28T22:00:00+08:00,0.0,0.0,0.0,25.0,1.5
2025-01-28T23:00:00+08:00,0.0,0.0,0.0,25.0,1.5
2025-01-29T00:00:00+08:00,0.0,0.0,0.0,25.0,1.5
2025-01-29T01:00:00+08:00,0.0,0.0,0.0,25.0,1.5
2025-01-29T02:00:00+08:00,0.0,0.0,0.0,25.0,1.5
2025-01-29T03:00:00+08:00,0.0,0.0,0.0,25.0,1.5
2025-01-29T04:00:00+08:00,0.0,0.0,0.0,25.0,1.5
2025-01-29T05:00:00+08:00,0.0,0.0,0.0,25.0,1.5
2025-01-29T06:00:00+08:00,0.0,0.0,0.0,25.0,1.5
2025-01-29T07:00:00+08:00,85.363,650.0,11.3817,25.0,1.5
2025-01-29T08:00:00+08:00,242.4158,650.0,32.3221,25.0,1.5
2025-01-29T09:00:00+08:00,376.6449,650.0,50.2193,25.0,1.5
2025-01-29T10:00:00+08:00,478.9028,650.0,63.8537,25.0,1.5
2025-01-29T11:00:00+08:00,542.2207,650.0,72.2961,25.0,1.5
2025-01-29T12:00:00+08:00,562.2838,650.0,74.9712,25.0,1.5
2025-01-29T13:00:00+08:00,537.7246,650.0,71.6966,25.0,1.5
2025-01-29T14:00:00+08:00,470.2169,650.0,62.6956,25.0,1.5
2025-01-29T15:00:00+08:00,364.3613,650.0,48.5815,25.0,1.5
2025-01-29T16:00:00+08:00,227.3715,650.0,30.3162,25.0,1.5
2025-01-29T17:00:00+08:00,68.5832,650.0,9.1444,25.0,1.5
2025-01-29T18:00:00+08:00,0.0,0.0,0.0,25.0,1.5
2025-01-29T19:00:00+08:00,0.0,0.0,0.0,25.0,1.5
2025-01-29T20:00:00+08:00,0.0,0.0,0.0,25.0,1.5
2025-01-29T21:00:00+08:00,0.0,0.0,0.0,25.0,1.5
2025-01-29T22:00:00+08:00,0.0,0.0,0.0,25.0,1.5
2025-01-29T23:00:00+08:00,0.0,0.0,0.0,25.0,1.5
2025-01-30T00:00:00+08:00,0.0,0.0,0.0,25.0,1.5
2025-01-30T01:00:00+08:00,0.0,0.0,0.0,25.0,1.5
2025-01-30T02:00:00+08:00,0.0,0.0,0.0,25.0,1.5
2025-01-30T03:00:00+08:00,0.0,0.0,0.0,25.0,1.5
2025-01-30T04:00:00+08:00,0.0,0.0,0.0,25.0,1.5
2025-01-30T05:00:00+08:00,0.0,0.0,0.0,25.0,1.5
2025-01-30T06:00:00+08:00,0.0,0.0,0.0,25.0,1.5
2025-01-30T07:00:00+08:00,86.8697,650.0,11.5826,25.0,1.5
2025-01-30T08:00:00+08:00,244.1523,650.0,32.5536,25.0,1.5
2025-01-30T09:00:00+08:00,378.5777,650.0,50.477,25.0,1.5
2025-01-30T10:00:00+08:00,480.9852,650.0,64.1314,25.0,1.5
2025-01-30T11:00:00+08:00,544.3958,650.0,72.5861,25.0,1.5
2025-01-30T12:00:00+08:00,564.4881,650.0,75.2651,25.0,1.5
2025-01-30T13:00:00+08:00,539.8931,650.0,71.9857,25.0,1.5
2025-01-30T14:00:00+08:00,472.2866,650.0,62.9716,25.0,1.5
2025-01-30T15:00:00+08:00,366.2761,650.0,48.8368,25.0,1.5
2025-01-30T16:00:00+08:00,229.086,650.0,30.5448,25.0,1.5
2025-01-30T17:00:00+08:00,70.0654,650.0,9.3421,25.0,1.5
2025-01-30T18:00:00+08:00,0.0,0.0,0.0,25.0,1.5
2025-01-30T19:00:00+08:00,0.0,0.0,0.0,25.0,1.5
2025-01-30T20:00:00+08:00,0.0,0.0,0.0,25.0,1.5
2025-01-30T21:00:00+08:00,0.0,0.0,0.0,25.0,1.5
2025-01-30T22:00:00+08:00,0.0,0.0,0.0,25.0,1.5
2025-01-30T23:00:00+08:00,0.0,0.0,0.0,25.0,1.5
2025-01-31T00:00:00+08:00,0.0,0.0,0.0,25.0,1.5
2025-01-31T01:00:00+08:00,0.0,0.0,0.0,25.0,1.5
2025-01-31T02:00:00+08:00,0.0,0.0,0.0,25.0,1.5
2025-01-31T03:00:00+08:00,0.0,0.0,0.0,25.0,1.5
2025-01-31T04:00:00+08:00,0.0,0.0,0.0,25.0,1.5
2025-01-31T05:00:00+08:00,0.0,0.0,0.0,25.0,1.5
2025-01-31T06:00:00+08:00,0.0,0.0,0.0,25.0,1.5
2025-01-31T07:00:00+08:00,88.4063,650.0,11.7875,25.0,1.5
2025-01-31T08:00:00+08:00,245.9202,650.0,32.7894,25.0,1.5
2025-01-31T09:00:00+08:00,380.5433,650.0,50.7391,25.0,1.5
2025-01-31T10:00:00+08:00,483.1014,650.0,64.4135,25.0,1.5
2025-01-31T11:00:00+08:00,546.6052,650.0,72.8807,25.0,1.5
2025-01-31T12:00:00+08:00,566.7271,650.0,75.5636,25.0,1.5
2025-01-31T13:00:00+08:00,542.0959,650.0,72.2795,25.0,1.5
2025-01-31T14:00:00+08:00,474.39,650.0,63.252,25.0,1.5
2025-01-31T15:00:00+08:00,368.2236,650.0,49.0965,25.0,1.5
2025-01-31T16:00:00+08:00,230.8317,650.0,30.7776,25.0,1.5
2025-01-31T17:00:00+08:00,71.5773,650.0,9.5436,25.0,1.5
2025-01-31T18:00:00+08:00,0.0,0.0,0.0,25.0,1.5
2025-01-31T19:00:00+08:00,0.0,0.0,0.0,25.0,1.5
2025-01-31T20:00:00+08:00,0.0,0.0,0.0,25.0,1.5
2025-01-31T21:00:00+08:00,0.0,0.0,0.0,25.0,1.5
2025-01-31T22:00:00+08:00,0.0,0.0,0.0,25.0,1.5
2025-01-31T23:00:00+08:00,0.0,0.0,0.0,25.0,1.5
2025-02-01T00:00:00+08:00,0.0,0.0,0.0,25.0,1.5
2025-02-01T01:00:00+08:00,0.0,0.0,0.0,25.0,1.5
2025-02-01T02:00:00+08:00,0.0,0.0,0.0,25.0,1.5
2025-02-01T03:00:00+08:00,0.0,0.0,0.0,25.0,1.5
2025-02-01T04:00:00+08:00,0.0,0.0,0.0,25.0,1.5
2025-02-01T05:00:00+08:00,0.0,0.0,0.0,25.0,1.5
2025-02-01T06:00:00+08:00,0.0,0.0,0.0,25.0,1.5
2025-02-01T07:00:00+08:00,89.972,650.0,11.9963,25.0,1.5
2025-02-01T08:00:00+08:00,247.7185,650.0,33.0291,25.0,1.5
2025-02-01T09:00:00+08:00,382.5405,650.0,51.0054,25.0,1.5
2025-02-01T10:00:00+08:00,485.2501,650.0,64.7,25.0,1.5
2025-02-01T11:00:00+08:00,548.8477,650.0,73.1797,25.0,1.5
2025-02-01T12:00:00+08:00,568.9994,650.0,75.8666,25.0,1.5
2025-02-01T13:00:00+08:00,544.3317,650.0,72.5776,25.0,1.5
2025-02-01T14:00:00+08:00,476.5259,650.0,63.5368,25.0,1.5
2025-02-01T15:00:00+08:00,370.2026,650.0,49.3604,25.0,1.5
2025-02-01T16:00:00+08:00,232.6078,650.0,31.0144,25.0,1.5
2025-02-01T17:00:00+08:00,73.1182,650.0,9.7491,25.0,1.5
2025-02-01T18:00:00+08:00,0.0,0.0,0.0,25.0,1.5
2025-02-01T19:00:00+08:00,0.0,0.0,0.0,25.0,1.5
2025-02-01T20:00:00+08:00,0.0,0.0,0.0,25.0,1.5
2025-02-01T21:00:00+08:00,0.0,0.0,0.0,25.0,1.5
2025-02-01T22:00:00+08:00,0.0,0.0,0.0,25.0,1.5
2025-02-01T23:00:00+08:00,0.0,0.0,0.0,25.0,1.5
2025-02-02T00:00:00+08:00,0.0,0.0,0.0,25.0,1.5
2025-02-02T01:00:00+08:00,0.0,0.0,0.0,25.0,1.5
2025-02-02T02:00:00+08:00,0.0,0.0,0.0,25.0,1.5
2025-02-02T03:00:00+08:00,0.0,0.0,0.0,25.0,1.5
2025-02-02T04:00:00+08:00,0.0,0.0,0.0,25.0,1.5
2025-02-02T05:00:00+08:00,0.0,0.0,0.0,25.0,1.5
2025-02-02T06:00:00+08:00,0.0,0.0,0.0,25.0,1.5
2025-02-02T07:00:00+08:00,91.5664,650.0,12.2089,25.0,1.5
2025-02-02T08:00:00+08:00,249.5466,650.0,33.2729,25.0,1.5
2025-02-02T09:00:00+08:00,384.5683,650.0,51.2758,25.0,1.5
2025-02-02T10:00:00+08:00,487.43,650.0,64.9907,25.0,1.5
2025-02-02T11:00:00+08:00,551.1218,650.0,73.4829,25.0,1.5
2025-02-02T12:00:00+08:00,571.3033,650.0,76.1738,25.0,1.5
2025-02-02T13:00:00+08:00,546.5992,650.0,72.8799,25.0,1.5
2025-02-02T14:00:00+08:00,478.6928,650.0,63.8257,25.0,1.5
2025-02-02T15:00:00+08:00,372.2121,650.0,49.6283,25.0,1.5
2025-02-02T16:00:00+08:00,234.4134,650.0,31.2551,25.0,1.5
2025-02-02T17:00:00+08:00,74.6875,650.0,9.9583,25.0,1.5
2025-02-02T18:00:00+08:00,0.0,0.0,0.0,25.0,1.5
2025-02-02T19:00:00+08:00,0.0,0.0,0.0,25.0,1.5
2025-02-02T20:00:00+08:00,0.0,0.0,0.0,25.0,1.5
2025-02-02T21:00:00+08:00,0.0,0.0,0.0,25.0,1.5
2025-02-02T22:00:00+08:00,0.0,0.0,0.0,25.0,1.5
2025-02-02T23:00:00+08:00,0.0,0.0,0.0,25.0,1.5
2025-02-03T00:00:00+08:00,0.0,0.0,0.0,25.0,1.5
2025-02-03T01:00:00+08:00,0.0,0.0,0.0,25.0,1.5
2025-02-03T02:00:00+08:00,0.0,0.0,0.0,25.0,1.5
2025-02-03T03:00:00+08:00,0.0,0.0,0.0,25.0,1.5
2025-02-03T04:00:00+08:00,0.0,0.0,0.0,25.0,1.5
2025-02-03T05:00:00+08:00,0.0,0.0,0.0,25.0,1.5
2025-02-03T06:00:00+08:00,0.0,0.0,0.0,25.0,1.5
2025-02-03T07:00:00+08:00,93.1887,650.0,12.4252,25.0,1.5
2025-02-03T08:00:00+08:00,251.4033,650.0,33.5204,25.0,1.5
2025-02-03T09:00:00+08:00,386.6254,650.0,51.5501,25.0,1.5
2025-02-03T10:00:00+08:00,489.6398,650.0,65.2853,25.0,1.5
2025-02-03T11:00:00+08:00,553.4262,650.0,73.7902,25.0,1.5
2025-02-03T12:00:00+08:00,573.6376,650.0,76.485,25.0,1.5
2025-02-03T13:00:00+08:00,548.8968,650.0,73.1862,25.0,1.5
2025-02-03T14:00:00+08:00,480.8897,650.0,64.1186,25.0,1.5
2025-02-03T15:00:00+08:00,374.2509,650.0,49.9001,25.0,1.5
2025-02-03T16:00:00+08:00,236.2477,650.0,31.4997,25.0,1.5
2025-02-03T17:00:00+08:00,76.2848,650.0,10.1713,25.0,1.5
2025-02-03T18:00:00+08:00,0.0,0.0,0.0,25.0,1.5
2025-02-03T19:00:00+08:00,0.0,0.0,0.0,25.0,1.5
2025-02-03T20:00:00+08:00,0.0,0.0,0.0,25.0,1.5
2025-02-03T21:00:00+08:00,0.0,0.0,0.0,25.0,1.5
2025-02-03T22:00:00+08:00,0.0,0.0,0.0,25.0,1.5
2025-02-03T23:00:00+08:00,0.0,0.0,0.0,25.0,1.5
2025-02-04T00:00:00+08:00,0.0,0.0,0.0,25.0,1.5
2025-02-04T01:00:00+08:00,0.0,0.0,0.0,25.0,1.5
2025-02-04T02:00:00+08:00,0.0,0.0,0.0,25.0,1.5
2025-02-04T03:00:00+08:00,0.0,0.0,0.0,25.0,1.5
2025-02-04T04:00:00+08:00,0.0,0.0,0.0,25.0,1.5
2025-02-04T05:00:00+08:00,0.0,0.0,0.0,25.0,1.5
2025-02-04T06:00:00+08:00,0.0,0.0,0.0,25.0,1.5
2025-02-04T07:00:00+08:00,94.8383,650.0,12.6451,25.0,1.5
2025-02-04T08:00:00+08:00,253.2879,650.0,33.7717,25.0,1.5
2025-02-04T09:00:00+08:00,388.7108,650.0,51.8281,25.0,1.5
2025-02-04T10:00:00+08:00,491.8782,650.0,65.5838,25.0,1.5
2025-02-04T11:00:00+08:00,555.7593,650.0,74.1012,25.0,1.5
2025-02-04T12:00:00+08:00,576.0008,650.0,76.8001,25.0,1.5
2025-02-04T13:00:00+08:00,551.2232,650.0,73.4964,25.0,1.5
2025-02-04T14:00:00+08:00,483.1151,650.0,64.4153,25.0,1.5
2025-02-04T15:00:00+08:00,376.3179,650.0,50.1757,25.0,1.5
2025-02-04T16:00:00+08:00,238.1098,650.0,31.748,25.0,1.5
2025-02-04T17:00:00+08:00,77.9093,650.0,10.3879,25.0,1.5
2025-02-04T18:00:00+08:00,0.0,0.0,0.0,25.0,1.5
2025-02-04T19:00:00+08:00,0.0,0.0,0.0,25.0,1.5
2025-02-04T20:00:00+08:00,0.0,0.0,0.0,25.0,1.5
2025-02-04T21:00:00+08:00,0.0,0.0,0.0,25.0,1.5
2025-02-04T22:00:00+08:00,0.0,0.0,0.0,25.0,1.5
2025-02-04T23:00:00+08:00,0.0,0.0,0.0,25.0,1.5
2025-02-05T00:00:00+08:00,0.0,0.0,0.0,25.0,1.5
2025-02-05T01:00:00+08:00,0.0,0.0,0.0,25.0,1.5
2025-02-05T02:00:00+08:00,0.0,0.0,0.0,25.0,1.5
2025-02-05T03:00:00+08:00,0.0,0.0,0.0,25.0,1.5
2025-02-05T04:00:00+08:00,0.0,0.0,0.0,25.0,1.5
2025-02-05T05:00:00+08:00,0.0,0.0,0.0,25.0,1.5
2025-02-05T06:00:00+08:00,0.0,0.0,0.0,25.0,1.5
2025-02-05T07:00:00+08:00,96.5146,650.0,12.8686,25.0,1.5
2025-02-05T08:00:00+08:00,255.1994,650.0,34.0266,25.0,1.5
2025-02-05T09:00:00+08:00,390.8233,650.0,52.1098,25.0,1.5
2025-02-05T10:00:00+08:00,494.1438,650.0,65.8858,25.0,1.5
2025-02-05T11:00:00+08:00,558.1197,650.0,74.416,25.0,1.5
2025-02-05T12:00:00+08:00,578.3912,650.0,77.1188,25.0,1.5
2025-02-05T13:00:00+08:00,553.5769,650.0,73.8102,25.0,1.5
2025-02-05T14:00:00+08:00,485.3677,650.0,64.7157,25.0,1.5
2025-02-05T15:00:00+08:00,378.412,650.0,50.4549,25.0,1.5
2025-02-05T16:00:00+08:00,239.9987,650.0,31.9998,25.0,1.5
2025-02-05T17:00:00+08:00,79.5605,650.0,10.6081,25.0,1.5
2025-02-05T18:00:00+08:00,0.0,0.0,0.0,25.0,1.5
2025-02-05T19:00:00+08:00,0.0,0.0,0.0,25.0,1.5
2025-02-05T20:00:00+08:00,0.0,0.0,0.0,25.0,1.5
2025-02-05T21:00:00+08:00,0.0,0.0,0.0,25.0,1.5
2025-02-05T22:00:00+08:00,0.0,0.0,0.0,25.0,1.5
2025-02-05T23:00:00+08:00,0.0,0.0,0.0,25.0,1.5
2025-02-06T00:00:00+08:00,0.0,0.0,0.0,25.0,1.5
2025-02-06T01:00:00+08:00,0.0,0.0,0.0,25.0,1.5
2025-02-06T02:00:00+08:00,0.0,0.0,0.0,25.0,1.5
2025-02-06T03:00:00+08:00,0.0,0.0,0.0,25.0,1.5
2025-02-06T04:00:00+08:00,0.0,0.0,0.0,25.0,1.5
2025-02-06T05:00:00+08:00,0.0,0.0,0.0,25.0,1.5
2025-02-06T06:00:00+08:00,0.0,0.0,0.0,25.0,1.5
2025-02-06T07:00:00+08:00,98.2169,650.0,13.0956,25.0,1.5
2025-02-06T08:00:00+08:00,257.1368,650.0,34.2849,25.0,1.5
2025-02-06T09:00:00+08:00,392.9617,650.0,52.3949,25.0,1.5
2025-02-06T10:00:00+08:00,496.4352,650.0,66.1914,25.0,1.5
2025-02-06T11:00:00+08:00,560.506,650.0,74.7341,25.0,1.5
2025-02-06T12:00:00+08:00,580.8075,650.0,77.441,25.0,1.5
2025-02-06T13:00:00+08:00,555.9564,650.0,74.1275,25.0,1.5
2025-02-06T14:00:00+08:00,487.6461,650.0,65.0195,25.0,1.5
2025-02-06T15:00:00+08:00,380.532,650.0,50.7376,25.0,1.5
2025-02-06T16:00:00+08:00,241.9137,650.0,32.2552,25.0,1.5
2025-02-06T17:00:00+08:00,81.2377,650.0,10.8317,25.0,1.5
2025-02-06T18:00:00+08:00,0.0,0.0,0.0,25.0,1.5
2025-02-06T19:00:00+08:00,0.0,0.0,0.0,25.0,1.5
2025-02-06T20:00:00+08:00,0.0,0.0,0.0,25.0,1.5
2025-02-06T21:00:00+08:00,0.0,0.0,0.0,25.0,1.5
2025-02-06T22:00:00+08:00,0.0,0.0,0.0,25.0,1.5
2025-02-06T23:00:00+08:00,0.0,0.0,0.0,25.0,1.5
2025-02-07T00:00:00+08:00,0.0,0.0,0.0,25.0,1.5
2025-02-07T01:00:00+08:00,0.0,0.0,0.0,25.0,1.5
2025-02-07T02:00:00+08:00,0.0,0.0,0.0,25.0,1.5
2025-02-07T03:00:00+08:00,0.0,0.0,0.0,25.0,1.5
2025-02-07T04:00:00+08:00,0.0,0.0,0.0,25.0,1.5
2025-02-07T05:00:00+08:00,0.0,0.0,0.0,25.0,1.5
2025-02-07T06:00:00+08:00,0.0,0.0,0.0,25.0,1.5
2025-02-07T07:00:00+08:00,99.9446,650.0,13.3259,25.0,1.5
2025-02-07T08:00:00+08:00,259.0993,650.0,34.5466,25.0,1.5
2025-02-07T09:00:00+08:00,395.1248,650.0,52.6833,25.0,1.5
2025-02-07T10:00:00+08:00,498.7512,650.0,66.5002,25.0,1.5
2025-02-07T11:00:00+08:00,562.9166,650.0,75.0555,25.0,1.5
2025-02-07T12:00:00+08:00,583.2481,650.0,77.7664,25.0,1.5
2025-02-07T13:00:00+08:00,558.3603,650.0,74.448,25.0,1.5
2025-02-07T14:00:00+08:00,489.9491,650.0,65.3265,25.0,1.5
2025-02-07T15:00:00+08:00,382.6767,650.0,51.0236,25.0,1.5
2025-02-07T16:00:00+08:00,243.8536,650.0,32.5138,25.0,1.5
2025-02-07T17:00:00+08:00,82.9402,650.0,11.0587,25.0,1.5
2025-02-07T18:00:00+08:00,0.0,0.0,0.0,25.0,1.5
2025-02-07T19:00:00+08:00,0.0,0.0,0.0,25.0,1.5
2025-02-07T20:00:00+08:00,0.0,0.0,0.0,25.0,1.5
2025-02-07T21:00:00+08:00,0.0,0.0,0.0,25.0,1.5
2025-02-07T22:00:00+08:00,0.0,0.0,0.0,25.0,1.5
2025-02-07T23:00:00+08:00,0.0,0.0,0.0,25.0,1.5
2025-02-08T00:00:00+08:00,0.0,0.0,0.0,25.0,1.5
2025-02-08T01:00:00+08:00,0.0,0.0,0.0,25.0,1.5
2025-02-08T02:00:00+08:00,0.0,0.0,0.0,25.0,1.5
2025-02-08T03:00:00+08:00,0.0,0.0,0.0,25.0,1.5
2025-02-08T04:00:00+08:00,0.0,0.0,0.0,25.0,1.5
2025-02-08T05:00:00+08:00,0.0,0.0,0.0,25.0,1.5
2025-02-08T06:00:00+08:00,0.0,0.0,0.0,25.0,1.5
2025-02-08T07:00:00+08:00,101.6969,650.0,13.5596,25.0,1.5
2025-02-08T08:00:00+08:00,261.0857,650.0,34.8114,25.0,1.5
2025-02-08T09:00:00+08:00,397.3114,650.0,52.9749,25.0,1.5
2025-02-08T10:00:00+08:00,501.0903,650.0,66.812,25.0,1.5
2025-02-08T11:00:00+08:00,565.35,650.0,75.38,25.0,1.5
2025-02-08T12:00:00+08:00,585.7115,650.0,78.0949,25.0,1.5
2025-02-08T13:00:00+08:00,560.787,650.0,74.7716,25.0,1.5
2025-02-08T14:00:00+08:00,492.2752,650.0,65.6367,25.0,1.5
2025-02-08T15:00:00+08:00,384.845,650.0,51.3127,25.0,1.5
2025-02-08T16:00:00+08:00,245.8176,650.0,32.7757,25.0,1.5
2025-02-08T17:00:00+08:00,84.6675,650.0,11.289,25.0,1.5
2025-02-08T18:00:00+08:00,0.0,0.0,0.0,25.0,1.5
2025-02-08T19:00:00+08:00,0.0,0.0,0.0,25.0,1.5
2025-02-08T20:00:00+08:00,0.0,0.0,0.0,25.0,1.5
2025-02-08T21:00:00+08:00,0.0,0.0,0.0,25.0,1.5
2025-02-08T22:00:00+08:00,0.0,0.0,0.0,25.0,1.5
2025-02-08T23:00:00+08:00,0.0,0.0,0.0,25.0,1.5
2025-02-09T00:00:00+08:00,0.0,0.0,0.0,25.0,1.5
2025-02-09T01:00:00+08:00,0.0,0.0,0.0,25.0,1.5
2025-02-09T02:00:00+08:00,0.0,0.0,0.0,25.0,1.5
2025-02-09T03:00:00+08:00,0.0,0.0,0.0,25.0,1.5
2025-02-09T04:00:00+08:00,0.0,0.0,0.0,25.0,1.5
2025-02-09T05:00:00+08:00,0.0,0.0,0.0,25.0,1.5
2025-02-09T06:00:00+08:00,0.0,0.0,0.0,25.0,1.5
2025-02-09T07:00:00+08:00,103.4731,650.0,13.7964,25.0,1.5
2025-02-09T08:00:00+08:00,263.0953,650.0,35.0794,25.0,1.5
2025-02-09T09:00:00+08:00,399.5203,650.0,53.2694,25.0,1.5
2025-02-09T10:00:00+08:00,503.451,650.0,67.1268,25.0,1.5
2025-02-09T11:00:00+08:00,567.8049,650.0,75.7073,25.0,1.5
2025-02-09T12:00:00+08:00,588.1961,650.0,78.4261,25.0,1.5
2025-02-09T13:00:00+08:00,563.2352,650.0,75.098,25.0,1.5
2025-02-09T14:00:00+08:00,494.6231,650.0,65.9497,25.0,1.5
2025-02-09T15:00:00+08:00,387.0357,650.0,51.6048,25.0,1.5
2025-02-09T16:00:00+08:00,247.8048,650.0,33.0406,25.0,1.5
2025-02-09T17:00:00+08:00,86.4189,650.0,11.5225,25.0,1.5
2025-02-09T18:00:00+08:00,0.0,0.0,0.0,25.0,1.5
2025-02-09T19:00:00+08:00,0.0,0.0,0.0,25.0,1.5
2025-02-09T20:00:00+08:00,0.0,0.0,0.0,25.0,1.5
2025-02-09T21:00:00+08:00,0.0,0.0,0.0,25.0,1.5
2025-02-09T22:00:00+08:00,0.0,0.0,0.0,25.0,1.5
2025-02-09T23:00:00+08:00,0.0,0.0,0.0,25.0,1.5
2025-02-10T00:00:00+08:00,0.0,0.0,0.0,25.0,1.5
2025-02-10T01:00:00+08:00,0.0,0.0,0.0,25.0,1.5
2025-02-10T02:00:00+08:00,0.0,0.0,0.0,25.0,1.5
2025-02-10T03:00:00+08:00,0.0,0.0,0.0,25.0,1.5
2025-02-10T04:00:00+08:00,0.0,0.0,0.0,25.0,1.5
2025-02-10T05:00:00+08:00,0.0,0.0,0.0,25.0,1.5
2025-02-10T06:00:00+08:00,0.0,0.0,0.0,25.0,1.5
2025-02-10T07:00:00+08:00,105.2727,650.0,14.0364,25.0,1.5
2025-02-10T08:00:00+08:00,265.1269,650.0,35.3503,25.0,1.5
2025-02-10T09:00:00+08:00,401.7503,650.0,53.5667,25.0,1.5
2025-02-10T10:00:00+08:00,505.8321,650.0,67.4443,25.0,1.5
2025-02-10T11:00:00+08:00,570.2795,650.0,76.0373,25.0,1.5
2025-02-10T12:00:00+08:00,590.7004,650.0,78.7601,25.0,1.5
2025-02-10T13:00:00+08:00,565.7032,650.0,75.4271,25.0,1.5
2025-02-10T14:00:00+08:00,496.9914,650.0,66.2655,25.0,1.5
2025-02-10T15:00:00+08:00,389.2475,650.0,51.8997,25.0,1.5
2025-02-10T16:00:00+08:00,249.8142,650.0,33.3086,25.0,1.5
2025-02-10T17:00:00+08:00,88.1936,650.0,11.7591,25.0,1.5
2025-02-10T18:00:00+08:00,0.0,0.0,0.0,25.0,1.5
2025-02-10T19:00:00+08:00,0.0,0.0,0.0,25.0,1.5
2025-02-10T20:00:00+08:00,0.0,0.0,0.0,25.0,1.5
2025-02-10T21:00:00+08:00,0.0,0.0,0.0,25.0,1.5
2025-02-10T22:00:00+08:00,0.0,0.0,0.0,25.0,1.5
2025-02-10T23:00:00+08:00,0.0,0.0,0.0,25.0,1.5
2025-02-11T00:00:00+08:00,0.0,0.0,0.0,25.0,1.5
2025-02-11T01:00:00+08:00,0.0,0.0,0.0,25.0,1.5
2025-02-11T02:00:00+08:00,0.0,0.0,0.0,25.0,1.5
2025-02-11T03:00:00+08:00,0.0,0.0,0.0,25.0,1.5
2025-02-11T04:00:00+08:00,0.0,0.0,0.0,25.0,1.5
2025-02-11T05:00:00+08:00,0.0,0.0,0.0,25.0,1.5
2025-02-11T06:00:00+08:00,0.0,0.0,0.0,25.0,1.5
2025-02-11T07:00:00+08:00,107.0947,650.0,14.2793,25.0,1.5
2025-02-11T08:00:00+08:00,267.1796,650.0,35.6239,25.0,1.5
2025-02-11T09:00:00+08:00,404.0001,650.0,53.8667,25.0,1.5
2025-02-11T10:00:00+08:00,508.2321,650.0,67.7643,25.0,1.5
2025-02-11T11:00:00+08:00,572.7725,650.0,76.3697,25.0,1.5
2025-02-11T12:00:00+08:00,593.2229,650.0,79.0964,25.0,1.5
2025-02-11T13:00:00+08:00,568.1896,650.0,75.7586,25.0,1.5
2025-02-11T14:00:00+08:00,499.3786,650.0,66.5838,25.0,1.5
2025-02-11T15:00:00+08:00,391.4793,650.0,52.1972,25.0,1.5
2025-02-11T16:00:00+08:00,251.8448,650.0,33.5793,25.0,1.5
2025-02-11T17:00:00+08:00,89.991,650.0,11.9988,25.0,1.5
2025-02-11T18:00:00+08:00,0.0,0.0,0.0,25.0,1.5
2025-02-11T19:00:00+08:00,0.0,0.0,0.0,25.0,1.5
2025-02-11T20:00:00+08:00,0.0,0.0,0.0,25.0,1.5
2025-02-11T21:00:00+08:00,0.0,0.0,0.0,25.0,1.5
2025-02-11T22:00:00+08:00,0.0,0.0,0.0,25.0,1.5
2025-02-11T23:00:00+08:00,0.0,0.0,0.0,25.0,1.5
2025-02-12T00:00:00+08:00,0.0,0.0,0.0,25.0,1.5
2025-02-12T01:00:00+08:00,0.0,0.0,0.0,25.0,1.5
2025-02-12T02:00:00+08:00,0.0,0.0,0.0,25.0,1.5
2025-02-12T03:00:00+08:00,0.0,0.0,0.0,25.0,1.5
2025-02-12T04:00:00+08:00,0.0,0.0,0.0,25.0,1.5
2025-02-12T05:00:00+08:00,0.0,0.0,0.0,25.0,1.5
2025-02-12T06:00:00+08:00,0.0,0.0,0.0,25.0,1.5
2025-02-12T07:00:00+08:00,108.9386,650.0,14.5251,25.0,1.5
2025-02-12T08:00:00+08:00,269.2524,650.0,35.9003,25.0,1.5
2025-02-12T09:00:00+08:00,406.2685,650.0,54.1691,25.0,1.5
2025-02-12T10:00:00+08:00,510.6496,650.0,68.0866,25.0,1.5
2025-02-12T11:00:00+08:00,575.2822,650.0,76.7043,25.0,1.5
2025-02-12T12:00:00+08:00,595.7618,650.0,79.4349,25.0,1.5
2025-02-12T13:00:00+08:00,570.6928,650.0,76.0924,25.0,1.5
2025-02-12T14:00:00+08:00,501.7834,650.0,66.9045,25.0,1.5
2025-02-12T15:00:00+08:00,393.7298,650.0,52.4973,25.0,1.5
2025-02-12T16:00:00+08:00,253.8957,650.0,33.8528,25.0,1.5
2025-02-12T17:00:00+08:00,91.8105,650.0,12.2414,25.0,1.5
2025-02-12T18:00:00+08:00,0.0,0.0,0.0,25.0,1.5
2025-02-12T19:00:00+08:00,0.0,0.0,0.0,25.0,1.5
2025-02-12T20:00:00+08:00,0.0,0.0,0.0,25.0,1.5
2025-02-12T21:00:00+08:00,0.0,0.0,0.0,25.0,1.5
2025-02-12T22:00:00+08:00,0.0,0.0,0.0,25.0,1.5
2025-02-12T23:00:00+08:00,0.0,0.0,0.0,25.0,1.5
2025-02-13T00:00:00+08:00,0.0,0.0,0.0,25.0,1.5
2025-02-13T01:00:00+08:00,0.0,0.0,0.0,25.0,1.5
2025-02-13T02:00:00+08:00,0.0,0.0,0.0,25.0,1.5
2025-02-13T03:00:00+08:00,0.0,0.0,0.0,25.0,1.5
2025-02-13T04:00:00+08:00,0.0,0.0,0.0,25.0,1.5
2025-02-13T05:00:00+08:00,0.0,0.0,0.0,25.0,1.5
2025-02-13T06:00:00+08:00,0.0,0.0,0.0,25.0,1.5
2025-02-13T07:00:00+08:00,110.8036,650.0,14.7738,25.0,1.5
2025-02-13T08:00:00+08:00,271.3442,650.0,36.1792,25.0,1.5
2025-02-13T09:00:00+08:00,408.5543,650.0,54.4739,25.0,1.5
2025-02-13T10:00:00+08:00,513.0831,650.0,68.4111,25.0,1.5
2025-02-13T11:00:00+08:00,577.8072,650.0,77.041,25.0,1.5
2025-02-13T12:00:00+08:00,598.3158,650.0,79.7754,25.0,1.5
2025-02-13T13:00:00+08:00,573.2113,650.0,76.4282,25.0,1.5
2025-02-13T14:00:00+08:00,504.2044,650.0,67.2272,25.0,1.5
2025-02-13T15:00:00+08:00,395.9978,650.0,52.7997,25.0,1.5
2025-02-13T16:00:00+08:00,255.9658,650.0,34.1288,25.0,1.5
2025-02-13T17:00:00+08:00,93.6512,650.0,12.4868,25.0,1.5
2025-02-13T18:00:00+08:00,0.0,0.0,0.0,25.0,1.5
2025-02-13T19:00:00+08:00,0.0,0.0,0.0,25.0,1.5
2025-02-13T20:00:00+08:00,0.0,0.0,0.0,25.0,1.5
2025-02-13T21:00:00+08:00,0.0,0.0,0.0,25.0,1.5
2025-02-13T22:00:00+08:00,0.0,0.0,0.0,25.0,1.5
2025-02-13T23:00:00+08:00,0.0,0.0,0.0,25.0,1.5
2025-02-14T00:00:00+08:00,0.0,0.0,0.0,25.0,1.5
2025-02-14T01:00:00+08:00,0.0,0.0,0.0,25.0,1.5
2025-02-14T02:00:00+08:00,0.0,0.0,0.0,25.0,1.5
2025-02-14T03:00:00+08:00,0.0,0.0,0.0,25.0,1.5
2025-02-14T04:00:00+08:00,0.0,0.0,0.0,25.0,1.5
2025-02-14T05:00:00+08:00,0.0,0.0,0.0,25.0,1.5
2025-02-14T06:00:00+08:00,0.0,0.0,0.0,25.0,1.5
2025-02-14T07:00:00+08:00,112.6888,650.0,15.0252,25.0,1.5
2025-02-14T08:00:00+08:00,273.4541,650.0,36.4605,25.0,1.5
2025-02-14T09:00:00+08:00,410.8561,650.0,54.7808,25.0,1.5
2025-02-14T10:00:00+08:00,515.5312,650.0,68.7375,25.0,1.5
2025-02-14T11:00:00+08:00,580.3459,650.0,77.3795,25.0,1.5
2025-02-14T12:00:00+08:00,600.8832,650.0,80.1178,25.0,1.5
2025-02-14T13:00:00+08:00,575.7435,650.0,76.7658,25.0,1.5
2025-02-14T14:00:00+08:00,506.6401,650.0,67.552,25.0,1.5
2025-02-14T15:00:00+08:00,398.2821,650.0,53.1043,25.0,1.5
2025-02-14T16:00:00+08:00,258.0542,650.0,34.4072,25.0,1.5
2025-02-14T17:00:00+08:00,95.5124,650.0,12.735,25.0,1.5
2025-02-14T18:00:00+08:00,0.0,0.0,0.0,25.0,1.5
2025-02-14T19:00:00+08:00,0.0,0.0,0.0,25.0,1.5
2025-02-14T20:00:00+08:00,0.0,0.0,0.0,25.0,1.5
2025-02-14T21:00:00+08:00,0.0,0.0,0.0,25.0,1.5
2025-02-14T22:00:00+08:00,0.0,0.0,0.0,25.0,1.5
2025-02-14T23:00:00+08:00,0.0,0.0,0.0,25.0,1.5
2025-02-15T00:00:00+08:00,0.0,0.0,0.0,25.0,1.5
2025-02-15T01:00:00+08:00,0.0,0.0,0.0,25.0,1.5
2025-02-15T02:00:00+08:00,0.0,0.0,0.0,25.0,1.5
2025-02-15T03:00:00+08:00,0.0,0.0,0.0,25.0,1.5
2025-02-15T04:00:00+08:00,0.0,0.0,0.0,25.0,1.5
2025-02-15T05:00:00+08:00,0.0,0.0,0.0,25.0,1.5
2025-02-15T06:00:00+08:00,0.0,0.0,0.0,25.0,1.5
2025-02-15T07:00:00+08:00,114.5937,650.0,15.2792,25.0,1.5
2025-02-15T08:00:00+08:00,275.581,650.0,36.7441,25.0,1.5
2025-02-15T09:00:00+08:00,413.1729,650.0,55.0897,25.0,1.5
2025-02-15T10:00:00+08:00,517.9926,650.0,69.0657,25.0,1.5
2025-02-15T11:00:00+08:00,582.8968,650.0,77.7196,25.0,1.5
2025-02-15T12:00:00+08:00,603.4625,650.0,80.4617,25.0,1.5
2025-02-15T13:00:00+08:00,578.288,650.0,77.1051,25.0,1.5
2025-02-15T14:00:00+08:00,509.0891,650.0,67.8785,25.0,1.5
2025-02-15T15:00:00+08:00,400.5815,650.0,53.4109,25.0,1.5
2025-02-15T16:00:00+08:00,260.1598,650.0,34.688,25.0,1.5
2025-02-15T17:00:00+08:00,97.3935,650.0,12.9858,25.0,1.5
2025-02-15T18:00:00+08:00,0.0,0.0,0.0,25.0,1.5
2025-02-15T19:00:00+08:00,0.0,0.0,0.0,25.0,1.5
2025-02-15T20:00:00+08:00,0.0,0.0,0.0,25.0,1.5
2025-02-15T21:00:00+08:00,0.0,0.0,0.0,25.0,1.5
2025-02-15T22:00:00+08:00,0.0,0.0,0.0,25.0,1.5
2025-02-15T23:00:00+08:00,0.0,0.0,0.0,25.0,1.5
2025-02-16T00:00:00+08:00,0.0,0.0,0.0,25.0,1.5
2025-02-16T01:00:00+08:00,0.0,0.0,0.0,25.0,1.5
2025-02-16T02:00:00+08:00,0.0,0.0,0.0,25.0,1.5
2025-02-16T03:00:00+08:00,0.0,0.0,0.0,25.0,1.5
2025-02-16T04:00:00+08:00,0.0,0.0,0.0,25.0,1.5
2025-02-16T05:00:00+08:00,0.0,0.0,0.0,25.0,1.5
2025-02-16T06:00:00+08:00,0.0,0.0,0.0,25.0,1.5
2025-02-16T07:00:00+08:00,116.5173,650.0,15.5356,25.0,1.5
2025-02-16T08:00:00+08:00,277.724,650.0,37.0299,25.0,1.5
2025-02-16T09:00:00+08:00,415.5032,650.0,55.4004,25.0,1.5
2025-02-16T10:00:00+08:00,520.4657,650.0,69.3954,25.0,1.5
2025-02-16T11:00:00+08:00,585.4583,650.0,78.0611,25.0,1.5
2025-02-16T12:00:00+08:00,606.052,650.0,80.8069,25.0,1.5
2025-02-16T13:00:00+08:00,580.8433,650.0,77.4458,25.0,1.5
2025-02-16T14:00:00+08:00,511.5501,650.0,68.2067,25.0,1.5
2025-02-16T15:00:00+08:00,402.8947,650.0,53.7193,25.0,1.5
2025-02-16T16:00:00+08:00,262.2817,650.0,34.9709,25.0,1.5
2025-02-16T17:00:00+08:00,99.2938,650.0,13.2392,25.0,1.5
2025-02-16T18:00:00+08:00,0.0,0.0,0.0,25.0,1.5
2025-02-16T19:00:00+08:00,0.0,0.0,0.0,25.0,1.5
2025-02-16T20:00:00+08:00,0.0,0.0,0.0,25.0,1.5
2025-02-16T21:00:00+08:00,0.0,0.0,0.0,25.0,1.5
2025-02-16T22:00:00+08:00,0.0,0.0,0.0,25.0,1.5
2025-02-16T23:00:00+08:00,0.0,0.0,0.0,25.0,1.5
2025-02-17T00:00:00+08:00,0.0,0.0,0.0,25.0,1.5
2025-02-17T01:00:00+08:00,0.0,0.0,0.0,25.0,1.5
2025-02-17T02:00:00+08:00,0.0,0.0,0.0,25.0,1.5
2025-02-17T03:00:00+08:00,0.0,0.0,0.0,25.0,1.5
2025-02-17T04:00:00+08:00,0.0,0.0,0.0,25.0,1.5
2025-02-17T05:00:00+08:00,0.0,0.0,0.0,25.0,1.5
2025-02-17T06:00:00+08:00,0.0,0.0,0.0,25.0,1.5
2025-02-17T07:00:00+08:00,118.459,650.0,15.7945,25.0,1.5
2025-02-17T08:00:00+08:00,279.8818,650.0,37.3176,25.0,1.5
2025-02-17T09:00:00+08:00,417.8459,650.0,55.7128,25.0,1.5
2025-02-17T10:00:00+08:00,522.9491,650.0,69.7265,25.0,1.5
2025-02-17T11:00:00+08:00,588.0289,650.0,78.4039,25.0,1.5
2025-02-17T12:00:00+08:00,608.6502,650.0,81.1534,25.0,1.5
2025-02-17T13:00:00+08:00,583.4077,650.0,77.7877,25.0,1.5
2025-02-17T14:00:00+08:00,514.0216,650.0,68.5362,25.0,1.5
2025-02-17T15:00:00+08:00,405.2204,650.0,54.0294,25.0,1.5
2025-02-17T16:00:00+08:00,264.4189,650.0,35.2559,25.0,1.5
2025-02-17T17:00:00+08:00,101.2123,650.0,13.495,25.0,1.5
2025-02-17T18:00:00+08:00,0.0,0.0,0.0,25.0,1.5
2025-02-17T19:00:00+08:00,0.0,0.0,0.0,25.0,1.5
2025-02-17T20:00:00+08:00,0.0,0.0,0.0,25.0,1.5
2025-02-17T21:00:00+08:00,0.0,0.0,0.0,25.0,1.5
2025-02-17T22:00:00+08:00,0.0,0.0,0.0,25.0,1.5
2025-02-17T23:00:00+08:00,0.0,0.0,0.0,25.0,1.5
2025-02-18T00:00:00+08:00,0.0,0.0,0.0,25.0,1.5
2025-02-18T01:00:00+08:00,0.0,0.0,0.0,25.0,1.5
2025-02-18T02:00:00+08:00,0.0,0.0,0.0,25.0,1.5
2025-02-18T03:00:00+08:00,0.0,0.0,0.0,25.0,1.5
2025-02-18T04:00:00+08:00,0.0,0.0,0.0,25.0,1.5
2025-02-18T05:00:00+08:00,0.0,0.0,0.0,25.0,1.5
2025-02-18T06:00:00+08:00,0.0,0.0,0.0,25.0,1.5
2025-02-18T07:00:00+08:00,120.4179,650.0,16.0557,25.0,1.5
2025-02-18T08:00:00+08:00,282.0536,650.0,37.6071,25.0,1.5
2025-02-18T09:00:00+08:00,420.1996,650.0,56.0266,25.0,1.5
2025-02-18T10:00:00+08:00,525.4414,650.0,70.0589,25.0,1.5
2025-02-18T11:00:00+08:00,590.607,650.0,78.7476,25.0,1.5
2025-02-18T12:00:00+08:00,611.2555,650.0,81.5007,25.0,1.5
2025-02-18T13:00:00+08:00,585.9797,650.0,78.1306,25.0,1.5
2025-02-18T14:00:00+08:00,516.5021,650.0,68.8669,25.0,1.5
2025-02-18T15:00:00+08:00,407.5575,650.0,54.341,25.0,1.5
2025-02-18T16:00:00+08:00,266.5703,650.0,35.5427,25.0,1.5
2025-02-18T17:00:00+08:00,103.1485,650.0,13.7531,25.0,1.5
2025-02-18T18:00:00+08:00,0.0,0.0,0.0,25.0,1.5
2025-02-18T19:00:00+08:00,0.0,0.0,0.0,25.0,1.5
2025-02-18T20:00:00+08:00,0.0,0.0,0.0,25.0,1.5
2025-02-18T21:00:00+08:00,0.0,0.0,0.0,25.0,1.5
2025-02-18T22:00:00+08:00,0.0,0.0,0.0,25.0,1.5
2025-02-18T23:00:00+08:00,0.0,0.0,0.0,25.0,1.5
2025-02-19T00:00:00+08:00,0.0,0.0,0.0,25.0,1.5
2025-02-19T01:00:00+08:00,0.0,0.0,0.0,25.0,1.5
2025-02-19T02:00:00+08:00,0.0,0.0,0.0,25.0,1.5
2025-02-19T03:00:00+08:00,0.0,0.0,0.0,25.0,1.5
2025-02-19T04:00:00+08:00,0.0,0.0,0.0,25.0,1.5
2025-02-19T05:00:00+08:00,0.0,0.0,0.0,25.0,1.5
2025-02-19T06:00:00+08:00,0.0,0.0,0.0,25.0,1.5
2025-02-19T07:00:00+08:00,122.3933,650.0,16.3191,25.0,1.5
2025-02-19T08:00:00+08:00,284.2383,650.0,37.8984,25.0,1.5
2025-02-19T09:00:00+08:00,422.5631,650.0,56.3417,25.0,1.5
2025-02-19T10:00:00+08:00,527.9412,650.0,70.3922,25.0,1.5
2025-02-19T11:00:00+08:00,593.1912,650.0,79.0922,25.0,1.5
2025-02-19T12:00:00+08:00,613.8664,650.0,81.8488,25.0,1.5
2025-02-19T13:00:00+08:00,588.5578,650.0,78.4744,25.0,1.5
2025-02-19T14:00:00+08:00,518.9903,650.0,69.1987,25.0,1.5
2025-02-19T15:00:00+08:00,409.9046,650.0,54.654,25.0,1.5
2025-02-19T16:00:00+08:00,268.7349,650.0,35.8313,25.0,1.5
2025-02-19T17:00:00+08:00,105.1016,650.0,14.0135,25.0,1.5
2025-02-19T18:00:00+08:00,0.0,0.0,0.0,25.0,1.5
2025-02-19T19:00:00+08:00,0.0,0.0,0.0,25.0,1.5
2025-02-19T20:00:00+08:00,0.0,0.0,0.0,25.0,1.5
2025-02-19T21:00:00+08:00,0.0,0.0,0.0,25.0,1.5
2025-02-19T22:00:00+08:00,0.0,0.0,0.0,25.0,1.5
2025-02-19T23:00:00+08:00,0.0,0.0,0.0,25.0,1.5
2025-02-20T00:00:00+08:00,0.0,0.0,0.0,25.0,1.5
2025-02-20T01:00:00+08:00,0.0,0.0,0.0,25.0,1.5
2025-02-20T02:00:00+08:00,0.0,0.0,0.0,25.0,1.5
2025-02-20T03:00:00+08:00,0.0,0.0,0.0,25.0,1.5
2025-02-20T04:00:00+08:00,0.0,0.0,0.0,25.0,1.5
2025-02-20T05:00:00+08:00,0.0,0.0,0.0,25.0,1.5
2025-02-20T06:00:00+08:00,0.0,0.0,0.0,25.0,1.5
2025-02-20T07:00:00+08:00,124.3844,650.0,16.5846,25.0,1.5
2025-02-20T08:00:00+08:00,286.4348,650.0,38.1913,25.0,1.5
2025-02-20T09:00:00+08:00,424.9351,650.0,56.658,25.0,1.5
2025-02-20T10:00:00+08:00,530.447,650.0,70.7263,25.0,1.5
2025-02-20T11:00:00+08:00,595.7798,650.0,79.4373,25.0,1.5
2025-02-20T12:00:00+08:00,616.4812,650.0,82.1975,25.0,1.5
2025-02-20T13:00:00+08:00,591.1406,650.0,78.8187,25.0,1.5
2025-02-20T14:00:00+08:00,521.4847,650.0,69.5313,25.0,1.5
2025-02-20T15:00:00+08:00,412.2606,650.0,54.9681,25.0,1.5
2025-02-20T16:00:00+08:00,270.9117,650.0,36.1216,25.0,1.5
2025-02-20T17:00:00+08:00,107.0707,650.0,14.2761,25.0,1.5
2025-02-20T18:00:00+08:00,0.0,0.0,0.0,25.0,1.5
2025-02-20T19:00:00+08:00,0.0,0.0,0.0,25.0,1.5
2025-02-20T20:00:00+08:00,0.0,0.0,0.0,25.0,1.5
2025-02-20T21:00:00+08:00,0.0,0.0,0.0,25.0,1.5
2025-02-20T22:00:00+08:00,0.0,0.0,0.0,25.0,1.5
2025-02-20T23:00:00+08:00,0.0,0.0,0.0,25.0,1.5
2025-02-21T00:00:00+08:00,0.0,0.0,0.0,25.0,1.5
2025-02-21T01:00:00+08:00,0.0,0.0,0.0,25.0,1.5
2025-02-21T02:00:00+08:00,0.0,0.0,0.0,25.0,1.5
2025-02-21T03:00:00+08:00,0.0,0.0,0.0,25.0,1.5
2025-02-21T04:00:00+08:00,0.0,0.0,0.0,25.0,1.5
2025-02-21T05:00:00+08:00,0.0,0.0,0.0,25.0,1.5
2025-02-21T06:00:00+08:00,0.0,0.0,0.0,25.0,1.5
2025-02-21T07:00:00+08:00,126.3903,650.0,16.852,25.0,1.5
2025-02-21T08:00:00+08:00,288.642,650.0,38.4856,25.0,1.5
2025-02-21T09:00:00+08:00,427.3145,650.0,56.9753,25.0,1.5
2025-02-21T10:00:00+08:00,532.9574,650.0,71.061,25.0,1.5
2025-02-21T11:00:00+08:00,598.3714,650.0,79.7828,25.0,1.5
2025-02-21T12:00:00+08:00,619.0985,650.0,82.5465,25.0,1.5
2025-02-21T13:00:00+08:00,593.7264,650.0,79.1635,25.0,1.5
2025-02-21T14:00:00+08:00,523.984,650.0,69.8645,25.0,1.5
2025-02-21T15:00:00+08:00,414.6242,650.0,55.2832,25.0,1.5
2025-02-21T16:00:00+08:00,273.0997,650.0,36.4133,25.0,1.5
2025-02-21T17:00:00+08:00,109.0551,650.0,14.5407,25.0,1.5
2025-02-21T18:00:00+08:00,0.0,0.0,0.0,25.0,1.5
2025-02-21T19:00:00+08:00,0.0,0.0,0.0,25.0,1.5
2025-02-21T20:00:00+08:00,0.0,0.0,0.0,25.0,1.5
2025-02-21T21:00:00+08:00,0.0,0.0,0.0,25.0,1.5
2025-02-21T22:00:00+08:00,0.0,0.0,0.0,25.0,1.5
2025-02-21T23:00:00+08:00,0.0,0.0,0.0,25.0,1.5
2025-02-22T00:00:00+08:00,0.0,0.0,0.0,25.0,1.5
2025-02-22T01:00:00+08:00,0.0,0.0,0.0,25.0,1.5
2025-02-22T02:00:00+08:00,0.0,0.0,0.0,25.0,1.5
2025-02-22T03:00:00+08:00,0.0,0.0,0.0,25.0,1.5
2025-02-22T04:00:00+08:00,0.0,0.0,0.0,25.0,1.5
2025-02-22T05:00:00+08:00,0.0,0.0,0.0,25.0,1.5
2025-02-22T06:00:00+08:00,0.0,0.0,0.0,25.0,1.5
2025-02-22T07:00:00+08:00,128.4103,650.0,17.1214,25.0,1.5
2025-02-22T08:00:00+08:00,290.859,650.0,38.7812,25.0,1.5
2025-02-22T09:00:00+08:00,429.6998,650.0,57.2933,25.0,1.5
2025-02-22T10:00:00+08:00,535.471,650.0,71.3961,25.0,1.5
2025-02-22T11:00:00+08:00,600.9644,650.0,80.1286,25.0,1.5
2025-02-22T12:00:00+08:00,621.7167,650.0,82.8956,25.0,1.5
2025-02-22T13:00:00+08:00,596.3138,650.0,79.5085,25.0,1.5
2025-02-22T14:00:00+08:00,526.4867,650.0,70.1982,25.0,1.5
2025-02-22T15:00:00+08:00,416.9941,650.0,55.5992,25.0,1.5
2025-02-22T16:00:00+08:00,275.2978,650.0,36.7064,25.0,1.5
2025-02-22T17:00:00+08:00,111.054,650.0,14.8072,25.0,1.5
2025-02-22T18:00:00+08:00,0.0,0.0,0.0,25.0,1.5
2025-02-22T19:00:00+08:00,0.0,0.0,0.0,25.0,1.5
2025-02-22T20:00:00+08:00,0.0,0.0,0.0,25.0,1.5
2025-02-22T21:00:00+08:00,0.0,0.0,0.0,25.0,1.5
2025-02-22T22:00:00+08:00,0.0,0.0,0.0,25.0,1.5
2025-02-22T23:00:00+08:00,0.0,0.0,0.0,25.0,1.5
2025-02-23T00:00:00+08:00,0.0,0.0,0.0,25.0,1.5
2025-02-23T01:00:00+08:00,0.0,0.0,0.0,25.0,1.5
2025-02-23T02:00:00+08:00,0.0,0.0,0.0,25.0,1.5
2025-02-23T03:00:00+08:00,0.0,0.0,0.0,25.0,1.5
2025-02-23T04:00:00+08:00,0.0,0.0,0.0,25.0,1.5
2025-02-23T05:00:00+08:00,0.0,0.0,0.0,25.0,1.5
2025-02-23T06:00:00+08:00,0.0,0.0,0.0,25.0,1.5
2025-02-23T07:00:00+08:00,130.4435,650.0,17.3925,25.0,1.5
2025-02-23T08:00:00+08:00,293.0846,650.0,39.078,25.0,1.5
2025-02-23T09:00:00+08:00,432.0899,650.0,57.612,25.0,1.5
2025-02-23T10:00:00+08:00,537.9864,650.0,71.7315,25.0,1.5
2025-02-23T11:00:00+08:00,603.5573,650.0,80.4743,25.0,1.5
2025-02-23T12:00:00+08:00,624.3343,650.0,83.2446,25.0,1.5
2025-02-23T13:00:00+08:00,598.9012,650.0,79.8535,25.0,1.5
2025-02-23T14:00:00+08:00,528.9915,650.0,70.5322,25.0,1.5
2025-02-23T15:00:00+08:00,419.3692,650.0,55.9159,25.0,1.5
2025-02-23T16:00:00+08:00,277.505,650.0,37.0007,25.0,1.5
2025-02-23T17:00:00+08:00,113.0667,650.0,15.0756,25.0,1.5
2025-02-23T18:00:00+08:00,0.0,0.0,0.0,25.0,1.5
2025-02-23T19:00:00+08:00,0.0,0.0,0.0,25.0,1.5
2025-02-23T20:00:00+08:00,0.0,0.0,0.0,25.0,1.5
2025-02-23T21:00:00+08:00,0.0,0.0,0.0,25.0,1.5
2025-02-23T22:00:00+08:00,0.0,0.0,0.0,25.0,1.5
2025-02-23T23:00:00+08:00,0.0,0.0,0.0,25.0,1.5
2025-02-24T00:00:00+08:00,0.0,0.0,0.0,25.0,1.5
2025-02-24T01:00:00+08:00,0.0,0.0,0.0,25.0,1.5
2025-02-24T02:00:00+08:00,0.0,0.0,0.0,25.0,1.5
2025-02-24T03:00:00+08:00,0.0,0.0,0.0,25.0,1.5
2025-02-24T04:00:00+08:00,0.0,0.0,0.0,25.0,1.5
2025-02-24T05:00:00+08:00,0.0,0.0,0.0,25.0,1.5
2025-02-24T06:00:00+08:00,0.0,0.0,0.0,25.0,1.5
2025-02-24T07:00:00+08:00,132.4892,650.0,17.6652,25.0,1.5
2025-02-24T08:00:00+08:00,295.3179,650.0,39.3757,25.0,1.5
2025-02-24T09:00:00+08:00,434.4835,650.0,57.9311,25.0,1.5
2025-02-24T10:00:00+08:00,540.5021,650.0,72.067,25.0,1.5
2025-02-24T11:00:00+08:00,606.1487,650.0,80.8198,25.0,1.5
2025-02-24T12:00:00+08:00,626.9496,650.0,83.5933,25.0,1.5
2025-02-24T13:00:00+08:00,601.4873,650.0,80.1983,25.0,1.5
2025-02-24T14:00:00+08:00,531.4969,650.0,70.8662,25.0,1.5
2025-02-24T15:00:00+08:00,421.7481,650.0,56.2331,25.0,1.5
2025-02-24T16:00:00+08:00,279.7203,650.0,37.296,25.0,1.5
2025-02-24T17:00:00+08:00,115.0923,650.0,15.3456,25.0,1.5
2025-02-24T18:00:00+08:00,0.0,0.0,0.0,25.0,1.5
2025-02-24T19:00:00+08:00,0.0,0.0,0.0,25.0,1.5
2025-02-24T20:00:00+08:00,0.0,0.0,0.0,25.0,1.5
2025-02-24T21:00:00+08:00,0.0,0.0,0.0,25.0,1.5
2025-02-24T22:00:00+08:00,0.0,0.0,0.0,25.0,1.5
2025-02-24T23:00:00+08:00,0.0,0.0,0.0,25.0,1.5
2025-02-25T00:00:00+08:00,0.0,0.0,0.0,25.0,1.5
2025-02-25T01:00:00+08:00,0.0,0.0,0.0,25.0,1.5
2025-02-25T02:00:00+08:00,0.0,0.0,0.0,25.0,1.5
2025-02-25T03:00:00+08:00,0.0,0.0,0.0,25.0,1.5
2025-02-25T04:00:00+08:00,0.0,0.0,0.0,25.0,1.5
2025-02-25T05:00:00+08:00,0.0,0.0,0.0,25.0,1.5
2025-02-25T06:00:00+08:00,0.0,0.0,0.0,25.0,1.5
2025-02-25T07:00:00+08:00,134.5464,650.0,17.9395,25.0,1.5
2025-02-25T08:00:00+08:00,297.5577,650.0,39.6744,25.0,1.5
2025-02-25T09:00:00+08:00,436.8794,650.0,58.2506,25.0,1.5
2025-02-25T10:00:00+08:00,543.0169,650.0,72.4023,25.0,1.5
2025-02-25T11:00:00+08:00,608.7371,650.0,81.1649,25.0,1.5
2025-02-25T12:00:00+08:00,629.5613,650.0,83.9415,25.0,1.5
2025-02-25T13:00:00+08:00,604.0704,650.0,80.5427,25.0,1.5
2025-02-25T14:00:00+08:00,534.0015,650.0,71.2002,25.0,1.5
2025-02-25T15:00:00+08:00,424.1297,650.0,56.5506,25.0,1.5
2025-02-25T16:00:00+08:00,281.9426,650.0,37.5924,25.0,1.5
2025-02-25T17:00:00+08:00,117.1301,650.0,15.6173,25.0,1.5
2025-02-25T18:00:00+08:00,0.0,0.0,0.0,25.0,1.5
2025-02-25T19:00:00+08:00,0.0,0.0,0.0,25.0,1.5
2025-02-25T20:00:00+08:00,0.0,0.0,0.0,25.0,1.5
2025-02-25T21:00:00+08:00,0.0,0.0,0.0,25.0,1.5
2025-02-25T22:00:00+08:00,0.0,0.0,0.0,25.0,1.5
2025-02-25T23:00:00+08:00,0.0,0.0,0.0,25.0,1.5
2025-02-26T00:00:00+08:00,0.0,0.0,0.0,25.0,1.5
2025-02-26T01:00:00+08:00,0.0,0.0,0.0,25.0,1.5
2025-02-26T02:00:00+08:00,0.0,0.0,0.0,25.0,1.5
2025-02-26T03:00:00+08:00,0.0,0.0,0.0,25.0,1.5
2025-02-26T04:00:00+08:00,0.0,0.0,0.0,25.0,1.5
2025-02-26T05:00:00+08:00,0.0,0.0,0.0,25.0,1.5
2025-02-26T06:00:00+08:00,0.0,0.0,0.0,25.0,1.5
2025-02-26T07:00:00+08:00,136.6145,650.0,18.2153,25.0,1.5
2025-02-26T08:00:00+08:00,299.8031,650.0,39.9737,25.0,1.5
2025-02-26T09:00:00+08:00,439.2763,650.0,58.5702,25.0,1.5
2025-02-26T10:00:00+08:00,545.5292,650.0,72.7372,25.0,1.5
2025-02-26T11:00:00+08:00,611.3209,650.0,81.5095,25.0,1.5
2025-02-26T12:00:00+08:00,632.1678,650.0,84.289,25.0,1.5
2025-02-26T13:00:00+08:00,606.6491,650.0,80.8866,25.0,1.5
2025-02-26T14:00:00+08:00,536.504,650.0,71.5339,25.0,1.5
2025-02-26T15:00:00+08:00,426.5128,650.0,56.8684,25.0,1.5
2025-02-26T16:00:00+08:00,284.171,650.0,37.8895,25.0,1.5
2025-02-26T17:00:00+08:00,119.1792,650.0,15.8906,25.0,1.5
2025-02-26T18:00:00+08:00,0.0,0.0,0.0,25.0,1.5
2025-02-26T19:00:00+08:00,0.0,0.0,0.0,25.0,1.5
2025-02-26T20:00:00+08:00,0.0,0.0,0.0,25.0,1.5
2025-02-26T21:00:00+08:00,0.0,0.0,0.0,25.0,1.5
2025-02-26T22:00:00+08:00,0.0,0.0,0.0,25.0,1.5
2025-02-26T23:00:00+08:00,0.0,0.0,0.0,25.0,1.5
2025-02-27T00:00:00+08:00,0.0,0.0,0.0,25.0,1.5
2025-02-27T01:00:00+08:00,0.0,0.0,0.0,25.0,1.5
2025-02-27T02:00:00+08:00,0.0,0.0,0.0,25.0,1.5
2025-02-27T03:00:00+08:00,0.0,0.0,0.0,25.0,1.5
2025-02-27T04:00:00+08:00,0.0,0.0,0.0,25.0,1.5
2025-02-27T05:00:00+08:00,0.0,0.0,0.0,25.0,1.5
2025-02-27T06:00:00+08:00,0.0,0.0,0.0,25.0,1.5
2025-02-27T07:00:00+08:00,138.6925,650.0,18.4923,25.0,1.5
2025-02-27T08:00:00+08:00,302.0529,650.0,40.2737,25.0,1.5
2025-02-27T09:00:00+08:00,441.673,650.0,58.8897,25.0,1.5
2025-02-27T10:00:00+08:00,548.0378,650.0,73.0717,25.0,1.5
2025-02-27T11:00:00+08:00,613.8988,650.0,81.8532,25.0,1.5
2025-02-27T12:00:00+08:00,634.7676,650.0,84.6357,25.0,1.5
2025-02-27T13:00:00+08:00,609.2221,650.0,81.2296,25.0,1.5
2025-02-27T14:00:00+08:00,539.0031,650.0,71.8671,25.0,1.5
2025-02-27T15:00:00+08:00,428.896,650.0,57.1861,25.0,1.5
2025-02-27T16:00:00+08:00,286.4044,650.0,38.1873,25.0,1.5
2025-02-27T17:00:00+08:00,121.2388,650.0,16.1652,25.0,1.5
2025-02-27T18:00:00+08:00,0.0,0.0,0.0,25.0,1.5
2025-02-27T19:00:00+08:00,0.0,0.0,0.0,25.0,1.5
2025-02-27T20:00:00+08:00,0.0,0.0,0.0,25.0,1.5
2025-02-27T21:00:00+08:00,0.0,0.0,0.0,25.0,1.5
2025-02-27T22:00:00+08:00,0.0,0.0,0.0,25.0,1.5
2025-02-27T23:00:00+08:00,0.0,0.0,0.0,25.0,1.5
2025-02-28T00:00:00+08:00,0.0,0.0,0.0,25.0,1.5
2025-02-28T01:00:00+08:00,0.0,0.0,0.0,25.0,1.5
2025-02-28T02:00:00+08:00,0.0,0.0,0.0,25.0,1.5
2025-02-28T03:00:00+08:00,0.0,0.0,0.0,25.0,1.5
2025-02-28T04:00:00+08:00,0.0,0.0,0.0,25.0,1.5
2025-02-28T05:00:00+08:00,0.0,0.0,0.0,25.0,1.5
2025-02-28T06:00:00+08:00,0.0,0.0,0.0,25.0,1.5
2025-02-28T07:00:00+08:00,140.7796,650.0,18.7706,25.0,1.5
2025-02-28T08:00:00+08:00,304.3062,650.0,40.5742,25.0,1.5
2025-02-28T09:00:00+08:00,444.0683,650.0,59.2091,25.0,1.5
2025-02-28T10:00:00+08:00,550.5413,650.0,73.4055,25.0,1.5
2025-02-28T11:00:00+08:00,616.4692,650.0,82.1959,25.0,1.5
2025-02-28T12:00:00+08:00,637.3593,650.0,84.9812,25.0,1.5
2025-02-28T13:00:00+08:00,611.7878,650.0,81.5717,25.0,1.5
2025-02-28T14:00:00+08:00,541.4974,650.0,72.1997,25.0,1.5
2025-02-28T15:00:00+08:00,431.2783,650.0,57.5038,25.0,1.5
2025-02-28T16:00:00+08:00,288.6418,650.0,38.4856,25.0,1.5
2025-02-28T17:00:00+08:00,123.3082,650.0,16.4411,25.0,1.5
2025-02-28T18:00:00+08:00,0.0,0.0,0.0,25.0,1.5
2025-02-28T19:00:00+08:00,0.0,0.0,0.0,25.0,1.5
2025-02-28T20:00:00+08:00,0.0,0.0,0.0,25.0,1.5
2025-02-28T21:00:00+08:00,0.0,0.0,0.0,25.0,1.5
2025-02-28T22:00:00+08:00,0.0,0.0,0.0,25.0,1.5
2025-02-28T23:00:00+08:00,0.0,0.0,0.0,25.0,1.5
2025-03-01T00:00:00+08:00,0.0,0.0,0.0,25.0,1.5
2025-03-01T01:00:00+08:00,0.0,0.0,0.0,25.0,1.5
2025-03-01T02:00:00+08:00,0.0,0.0,0.0,25.0,1.5
2025-03-01T03:00:00+08:00,0.0,0.0,0.0,25.0,1.5
2025-03-01T04:00:00+08:00,0.0,0.0,0.0,25.0,1.5
2025-03-01T05:00:00+08:00,0.0,0.0,0.0,25.0,1.5
2025-03-01T06:00:00+08:00,0.0,0.0,0.0,25.0,1.5
2025-03-01T07:00:00+08:00,142.8751,650.0,19.05,25.0,1.5
2025-03-01T08:00:00+08:00,306.5619,650.0,40.8749,25.0,1.5
2025-03-01T09:00:00+08:00,446.4609,650.0,59.5281,25.0,1.5
2025-03-01T10:00:00+08:00,553.0383,650.0,73.7384,25.0,1.5
2025-03-01T11:00:00+08:00,619.0308,650.0,82.5374,25.0,1.5
2025-03-01T12:00:00+08:00,639.9413,650.0,85.3255,25.0,1.5
2025-03-01T13:00:00+08:00,614.3448,650.0,81.9126,25.0,1.5
2025-03-01T14:00:00+08:00,543.9855,650.0,72.5314,25.0,1.5
2025-03-01T15:00:00+08:00,433.6584,650.0,57.8211,25.0,1.5
2025-03-01T16:00:00+08:00,290.8821,650.0,38.7843,25.0,1.5
2025-03-01T17:00:00+08:00,125.3865,650.0,16.7182,25.0,1.5
2025-03-01T18:00:00+08:00,0.0,0.0,0.0,25.0,1.5
2025-03-01T19:00:00+08:00,0.0,0.0,0.0,25.0,1.5
2025-03-01T20:00:00+08:00,0.0,0.0,0.0,25.0,1.5
2025-03-01T21:00:00+08:00,0.0,0.0,0.0,25.0,1.5
2025-03-01T22:00:00+08:00,0.0,0.0,0.0,25.0,1.5
2025-03-01T23:00:00+08:00,0.0,0.0,0.0,25.0,1.5
2025-03-02T00:00:00+08:00,0.0,0.0,0.0,25.0,1.5
2025-03-02T01:00:00+08:00,0.0,0.0,0.0,25.0,1.5
2025-03-02T02:00:00+08:00,0.0,0.0,0.0,25.0,1.5
2025-03-02T03:00:00+08:00,0.0,0.0,0.0,25.0,1.5
2025-03-02T04:00:00+08:00,0.0,0.0,0.0,25.0,1.5
2025-03-02T05:00:00+08:00,0.0,0.0,0.0,25.0,1.5
2025-03-02T06:00:00+08:00,0.0,0.0,0.0,25.0,1.5
2025-03-02T07:00:00+08:00,144.978,650.0,19.3304,25.0,1.5
2025-03-02T08:00:00+08:00,308.819,650.0,41.1759,25.0,1.5
2025-03-02T09:00:00+08:00,448.8498,650.0,59.8466,25.0,1.5
2025-03-02T10:00:00+08:00,555.5275,650.0,74.0703,25.0,1.5
2025-03-02T11:00:00+08:00,621.5822,650.0,82.8776,25.0,1.5
2025-03-02T12:00:00+08:00,642.5124,650.0,85.6683,25.0,1.5
2025-03-02T13:00:00+08:00,616.8917,650.0,82.2522,25.0,1.5
2025-03-02T14:00:00+08:00,546.4662,650.0,72.8622,25.0,1.5
2025-03-02T15:00:00+08:00,436.0352,650.0,58.138,25.0,1.5
2025-03-02T16:00:00+08:00,293.1244,650.0,39.0833,25.0,1.5
2025-03-02T17:00:00+08:00,127.4729,650.0,16.9964,25.0,1.5
2025-03-02T18:00:00+08:00,0.0,0.0,0.0,25.0,1.5
2025-03-02T19:00:00+08:00,0.0,0.0,0.0,25.0,1.5
2025-03-02T20:00:00+08:00,0.0,0.0,0.0,25.0,1.5
2025-03-02T21:00:00+08:00,0.0,0.0,0.0,25.0,1.5
2025-03-02T22:00:00+08:00,0.0,0.0,0.0,25.0,1.5
2025-03-02T23:00:00+08:00,0.0,0.0,0.0,25.0,1.5
2025-03-03T00:00:00+08:00,0.0,0.0,0.0,25.0,1.5
2025-03-03T01:00:00+08:00,0.0,0.0,0.0,25.0,1.5
2025-03-03T02:00:00+08:00,0.0,0.0,0.0,25.0,1.5
2025-03-03T03:00:00+08:00,0.0,0.0,0.0,25.0,1.5
2025-03-03T04:00:00+08:00,0.0,0.0,0.0,25.0,1.5
2025-03-03T05:00:00+08:00,0.0,0.0,0.0,25.0,1.5
2025-03-03T06:00:00+08:00,0.0,0.0,0.0,25.0,1.5
2025-03-03T07:00:00+08:00,147.0875,650.0,19.6117,25.0,1.5
2025-03-03T08:00:00+08:00,311.0764,650.0,41.4768,25.0,1.5
2025-03-03T09:00:00+08:00,451.2336,650.0,60.1645,25.0,1.5
2025-03-03T10:00:00+08:00,558.0076,650.0,74.401,25.0,1.5
2025-03-03T11:00:00+08:00,624.1219,650.0,83.2163,25.0,1.5
2025-03-03T12:00:00+08:00,645.071,650.0,86.0095,25.0,1.5
2025-03-03T13:00:00+08:00,619.4272,650.0,82.5903,25.0,1.5
2025-03-03T14:00:00+08:00,548.9381,650.0,73.1918,25.0,1.5
2025-03-03T15:00:00+08:00,438.4074,650.0,58.4543,25.0,1.5
2025-03-03T16:00:00+08:00,295.3676,650.0,39.3824,25.0,1.5
2025-03-03T17:00:00+08:00,129.5666,650.0,17.2756,25.0,1.5
2025-03-03T18:00:00+08:00,0.0,0.0,0.0,25.0,1.5
2025-03-03T19:00:00+08:00,0.0,0.0,0.0,25.0,1.5
2025-03-03T20:00:00+08:00,0.0,0.0,0.0,25.0,1.5
2025-03-03T21:00:00+08:00,0.0,0.0,0.0,25.0,1.5
2025-03-03T22:00:00+08:00,0.0,0.0,0.0,25.0,1.5
2025-03-03T23:00:00+08:00,0.0,0.0,0.0,25.0,1.5
2025-03-04T00:00:00+08:00,0.0,0.0,0.0,25.0,1.5
2025-03-04T01:00:00+08:00,0.0,0.0,0.0,25.0,1.5
2025-03-04T02:00:00+08:00,0.0,0.0,0.0,25.0,1.5
2025-03-04T03:00:00+08:00,0.0,0.0,0.0,25.0,1.5
2025-03-04T04:00:00+08:00,0.0,0.0,0.0,25.0,1.5
2025-03-04T05:00:00+08:00,0.0,0.0,0.0,25.0,1.5
2025-03-04T06:00:00+08:00,0.0,0.0,0.0,25.0,1.5
2025-03-04T07:00:00+08:00,149.2028,650.0,19.8937,25.0,1.5
2025-03-04T08:00:00+08:00,313.3331,650.0,41.7777,25.0,1.5
2025-03-04T09:00:00+08:00,453.6112,650.0,60.4815,25.0,1.5
2025-03-04T10:00:00+08:00,560.4773,650.0,74.7303,25.0,1.5
2025-03-04T11:00:00+08:00,626.6487,650.0,83.5532,25.0,1.5
2025-03-04T12:00:00+08:00,647.6158,650.0,86.3488,25.0,1.5
2025-03-04T13:00:00+08:00,621.9499,650.0,82.9267,25.0,1.5
2025-03-04T14:00:00+08:00,551.4,650.0,73.52,25.0,1.5
2025-03-04T15:00:00+08:00,440.774,650.0,58.7699,25.0,1.5
2025-03-04T16:00:00+08:00,297.6108,650.0,39.6814,25.0,1.5
2025-03-04T17:00:00+08:00,131.6668,650.0,17.5556,25.0,1.5
2025-03-04T18:00:00+08:00,0.0,0.0,0.0,25.0,1.5
2025-03-04T19:00:00+08:00,0.0,0.0,0.0,25.0,1.5
2025-03-04T20:00:00+08:00,0.0,0.0,0.0,25.0,1.5
2025-03-04T21:00:00+08:00,0.0,0.0,0.0,25.0,1.5
2025-03-04T22:00:00+08:00,0.0,0.0,0.0,25.0,1.5
2025-03-04T23:00:00+08:00,0.0,0.0,0.0,25.0,1.5
2025-03-05T00:00:00+08:00,0.0,0.0,0.0,25.0,1.5
2025-03-05T01:00:00+08:00,0.0,0.0,0.0,25.0,1.5
2025-03-05T02:00:00+08:00,0.0,0.0,0.0,25.0,1.5
2025-03-05T03:00:00+08:00,0.0,0.0,0.0,25.0,1.5
2025-03-05T04:00:00+08:00,0.0,0.0,0.0,25.0,1.5
2025-03-05T05:00:00+08:00,0.0,0.0,0.0,25.0,1.5
2025-03-05T06:00:00+08:00,0.0,0.0,0.0,25.0,1.5
2025-03-05T07:00:00+08:00,151.323,650.0,20.1764,25.0,1.5
2025-03-05T08:00:00+08:00,315.5882,650.0,42.0784,25.0,1.5
2025-03-05T09:00:00+08:00,455.9815,650.0,60.7975,25.0,1.5
2025-03-05T10:00:00+08:00,562.9354,650.0,75.0581,25.0,1.5
2025-03-05T11:00:00+08:00,629.1611,650.0,83.8881,25.0,1.5
2025-03-05T12:00:00+08:00,650.1455,650.0,86.6861,25.0,1.5
2025-03-05T13:00:00+08:00,624.4585,650.0,83.2611,25.0,1.5
2025-03-05T14:00:00+08:00,553.8507,650.0,73.8468,25.0,1.5
2025-03-05T15:00:00+08:00,443.1338,650.0,59.0845,25.0,1.5
2025-03-05T16:00:00+08:00,299.853,650.0,39.9804,25.0,1.5
2025-03-05T17:00:00+08:00,133.7727,650.0,17.8364,25.0,1.5
2025-03-05T18:00:00+08:00,0.0,0.0,0.0,25.0,1.5
2025-03-05T19:00:00+08:00,0.0,0.0,0.0,25.0,1.5
2025-03-05T20:00:00+08:00,0.0,0.0,0.0,25.0,1.5
2025-03-05T21:00:00+08:00,0.0,0.0,0.0,25.0,1.5
2025-03-05T22:00:00+08:00,0.0,0.0,0.0,25.0,1.5
2025-03-05T23:00:00+08:00,0.0,0.0,0.0,25.0,1.5
2025-03-06T00:00:00+08:00,0.0,0.0,0.0,25.0,1.5
2025-03-06T01:00:00+08:00,0.0,0.0,0.0,25.0,1.5
2025-03-06T02:00:00+08:00,0.0,0.0,0.0,25.0,1.5
2025-03-06T03:00:00+08:00,0.0,0.0,0.0,25.0,1.5
2025-03-06T04:00:00+08:00,0.0,0.0,0.0,25.0,1.5
2025-03-06T05:00:00+08:00,0.0,0.0,0.0,25.0,1.5
2025-03-06T06:00:00+08:00,0.0,0.0,0.0,25.0,1.5
2025-03-06T07:00:00+08:00,153.4474,650.0,20.4597,25.0,1.5
2025-03-06T08:00:00+08:00,317.8406,650.0,42.3787,25.0,1.5
2025-03-06T09:00:00+08:00,458.3433,650.0,61.1124,25.0,1.5
2025-03-06T10:00:00+08:00,565.3806,650.0,75.3841,25.0,1.5
2025-03-06T11:00:00+08:00,631.6579,650.0,84.2211,25.0,1.5
2025-03-06T12:00:00+08:00,652.6586,650.0,87.0212,25.0,1.5
2025-03-06T13:00:00+08:00,626.9516,650.0,83.5936,25.0,1.5
2025-03-06T14:00:00+08:00,556.2888,650.0,74.1718,25.0,1.5
2025-03-06T15:00:00+08:00,445.4856,650.0,59.3981,25.0,1.5
2025-03-06T16:00:00+08:00,302.0931,650.0,40.2791,25.0,1.5
2025-03-06T17:00:00+08:00,135.8834,650.0,18.1178,25.0,1.5
2025-03-06T18:00:00+08:00,0.0,0.0,0.0,25.0,1.5
2025-03-06T19:00:00+08:00,0.0,0.0,0.0,25.0,1.5
2025-03-06T20:00:00+08:00,0.0,0.0,0.0,25.0,1.5
2025-03-06T21:00:00+08:00,0.0,0.0,0.0,25.0,1.5
2025-03-06T22:00:00+08:00,0.0,0.0,0.0,25.0,1.5
2025-03-06T23:00:00+08:00,0.0,0.0,0.0,25.0,1.5
2025-03-07T00:00:00+08:00,0.0,0.0,0.0,25.0,1.5
2025-03-07T01:00:00+08:00,0.0,0.0,0.0,25.0,1.5
2025-03-07T02:00:00+08:00,0.0,0.0,0.0,25.0,1.5
2025-03-07T03:00:00+08:00,0.0,0.0,0.0,25.0,1.5
2025-03-07T04:00:00+08:00,0.0,0.0,0.0,25.0,1.5
2025-03-07T05:00:00+08:00,0.0,0.0,0.0,25.0,1.5
2025-03-07T06:00:00+08:00,0.0,0.0,0.0,25.0,1.5
2025-03-07T07:00:00+08:00,155.5751,650.0,20.7433,25.0,1.5
2025-03-07T08:00:00+08:00,320.0893,650.0,42.6786,25.0,1.5
2025-03-07T09:00:00+08:00,460.6955,650.0,61.4261,25.0,1.5
2025-03-07T10:00:00+08:00,567.8116,650.0,75.7082,25.0,1.5
2025-03-07T11:00:00+08:00,634.1378,650.0,84.5517,25.0,1.5
2025-03-07T12:00:00+08:00,655.154,650.0,87.3539,25.0,1.5
2025-03-07T13:00:00+08:00,629.428,650.0,83.9237,25.0,1.5
2025-03-07T14:00:00+08:00,558.7131,650.0,74.4951,25.0,1.5
2025-03-07T15:00:00+08:00,447.8283,650.0,59.7104,25.0,1.5
2025-03-07T16:00:00+08:00,304.3303,650.0,40.5774,25.0,1.5
2025-03-07T17:00:00+08:00,137.9981,650.0,18.3998,25.0,1.5
2025-03-07T18:00:00+08:00,0.0,0.0,0.0,25.0,1.5
2025-03-07T19:00:00+08:00,0.0,0.0,0.0,25.0,1.5
2025-03-07T20:00:00+08:00,0.0,0.0,0.0,25.0,1.5
2025-03-07T21:00:00+08:00,0.0,0.0,0.0,25.0,1.5
2025-03-07T22:00:00+08:00,0.0,0.0,0.0,25.0,1.5
2025-03-07T23:00:00+08:00,0.0,0.0,0.0,25.0,1.5
2025-03-08T00:00:00+08:00,0.0,0.0,0.0,25.0,1.5
2025-03-08T01:00:00+08:00,0.0,0.0,0.0,25.0,1.5
2025-03-08T02:00:00+08:00,0.0,0.0,0.0,25.0,1.5
2025-03-08T03:00:00+08:00,0.0,0.0,0.0,25.0,1.5
2025-03-08T04:00:00+08:00,0.0,0.0,0.0,25.0,1.5
2025-03-08T05:00:00+08:00,0.0,0.0,0.0,25.0,1.5
2025-03-08T06:00:00+08:00,0.0,0.0,0.0,25.0,1.5
2025-03-08T07:00:00+08:00,157.7052,650.0,21.0274,25.0,1.5
2025-03-08T08:00:00+08:00,322.3334,650.0,42.9778,25.0,1.5
2025-03-08T09:00:00+08:00,463.0371,650.0,61.7383,25.0,1.5
2025-03-08T10:00:00+08:00,570.2273,650.0,76.0303,25.0,1.5
2025-03-08T11:00:00+08:00,636.5994,650.0,84.8799,25.0,1.5
2025-03-08T12:00:00+08:00,657.6302,650.0,87.684,25.0,1.5
2025-03-08T13:00:00+08:00,631.8864,650.0,84.2515,25.0,1.5
2025-03-08T14:00:00+08:00,561.1225,650.0,74.8163,25.0,1.5
2025-03-08T15:00:00+08:00,450.1609,650.0,60.0215,25.0,1.5
2025-03-08T16:00:00+08:00,306.5635,650.0,40.8751,25.0,1.5
2025-03-08T17:00:00+08:00,140.1161,650.0,18.6821,25.0,1.5
2025-03-08T18:00:00+08:00,0.0,0.0,0.0,25.0,1.5
2025-03-08T19:00:00+08:00,0.0,0.0,0.0,25.0,1.5
2025-03-08T20:00:00+08:00,0.0,0.0,0.0,25.0,1.5
2025-03-08T21:00:00+08:00,0.0,0.0,0.0,25.0,1.5
2025-03-08T22:00:00+08:00,0.0,0.0,0.0,25.0,1.5
2025-03-08T23:00:00+08:00,0.0,0.0,0.0,25.0,1.5
2025-03-09T00:00:00+08:00,0.0,0.0,0.0,25.0,1.5
2025-03-09T01:00:00+08:00,0.0,0.0,0.0,25.0,1.5
2025-03-09T02:00:00+08:00,0.0,0.0,0.0,25.0,1.5
2025-03-09T03:00:00+08:00,0.0,0.0,0.0,25.0,1.5
2025-03-09T04:00:00+08:00,0.0,0.0,0.0,25.0,1.5
2025-03-09T05:00:00+08:00,0.0,0.0,0.0,25.0,1.5
2025-03-09T06:00:00+08:00,0.0,0.0,0.0,25.0,1.5
2025-03-09T07:00:00+08:00,159.837,650.0,21.3116,25.0,1.5
2025-03-09T08:00:00+08:00,324.5719,650.0,43.2763,25.0,1.5
2025-03-09T09:00:00+08:00,465.3668,650.0,62.0489,25.0,1.5
2025-03-09T10:00:00+08:00,572.6266,650.0,76.3502,25.0,1.5
2025-03-09T11:00:00+08:00,639.0417,650.0,85.2056,25.0,1.5
2025-03-09T12:00:00+08:00,660.0861,650.0,88.0115,25.0,1.5
2025-03-09T13:00:00+08:00,634.3256,650.0,84.5768,25.0,1.5
2025-03-09T14:00:00+08:00,563.5159,650.0,75.1354,25.0,1.5
2025-03-09T15:00:00+08:00,452.4823,650.0,60.331,25.0,1.5
2025-03-09T16:00:00+08:00,308.7917,650.0,41.1722,25.0,1.5
2025-03-09T17:00:00+08:00,142.2364,650.0,18.9649,25.0,1.5
2025-03-09T18:00:00+08:00,0.0,0.0,0.0,25.0,1.5
2025-03-09T19:00:00+08:00,0.0,0.0,0.0,25.0,1.5
2025-03-09T20:00:00+08:00,0.0,0.0,0.0,25.0,1.5
2025-03-09T21:00:00+08:00,0.0,0.0,0.0,25.0,1.5
2025-03-09T22:00:00+08:00,0.0,0.0,0.0,25.0,1.5
2025-03-09T23:00:00+08:00,0.0,0.0,0.0,25.0,1.5
2025-03-10T00:00:00+08:00,0.0,0.0,0.0,25.0,1.5
2025-03-10T01:00:00+08:00,0.0,0.0,0.0,25.0,1.5
2025-03-10T02:00:00+08:00,0.0,0.0,0.0,25.0,1.5
2025-03-10T03:00:00+08:00,0.0,0.0,0.0,25.0,1.5
2025-03-10T04:00:00+08:00,0.0,0.0,0.0,25.0,1.5
2025-03-10T05:00:00+08:00,0.0,0.0,0.0,25.0,1.5
2025-03-10T06:00:00+08:00,0.0,0.0,0.0,25.0,1.5
2025-03-10T07:00:00+08:00,161.9696,650.0,21.5959,25.0,1.5
2025-03-10T08:00:00+08:00,326.8039,650.0,43.5739,25.0,1.5
2025-03-10T09:00:00+08:00,467.6837,650.0,62.3578,25.0,1.5
2025-03-10T10:00:00+08:00,575.0081,650.0,76.6678,25.0,1.5
2025-03-10T11:00:00+08:00,641.4633,650.0,85.5284,25.0,1.5
2025-03-10T12:00:00+08:00,662.5204,650.0,88.3361,25.0,1.5
2025-03-10T13:00:00+08:00,636.7444,650.0,84.8993,25.0,1.5
2025-03-10T14:00:00+08:00,565.8919,650.0,75.4523,25.0,1.5
2025-03-10T15:00:00+08:00,454.7914,650.0,60.6389,25.0,1.5
2025-03-10T16:00:00+08:00,311.0142,650.0,41.4686,25.0,1.5
2025-03-10T17:00:00+08:00,144.3584,650.0,19.2478,25.0,1.5
2025-03-10T18:00:00+08:00,0.0,0.0,0.0,25.0,1.5
2025-03-10T19:00:00+08:00,0.0,0.0,0.0,25.0,1.5
2025-03-10T20:00:00+08:00,0.0,0.0,0.0,25.0,1.5
2025-03-10T21:00:00+08:00,0.0,0.0,0.0,25.0,1.5
2025-03-10T22:00:00+08:00,0.0,0.0,0.0,25.0,1.5
2025-03-10T23:00:00+08:00,0.0,0.0,0.0,25.0,1.5
2025-03-11T00:00:00+08:00,0.0,0.0,0.0,25.0,1.5
2025-03-11T01:00:00+08:00,0.0,0.0,0.0,25.0,1.5
2025-03-11T02:00:00+08:00,0.0,0.0,0.0,25.0,1.5
2025-03-11T03:00:00+08:00,0.0,0.0,0.0,25.0,1.5
2025-03-11T04:00:00+08:00,0.0,0.0,0.0,25.0,1.5
2025-03-11T05:00:00+08:00,0.0,0.0,0.0,25.0,1.5
2025-03-11T06:00:00+08:00,0.0,0.0,0.0,25.0,1.5
2025-03-11T07:00:00+08:00,164.1021,650.0,21.8803,25.0,1.5
2025-03-11T08:00:00+08:00,329.0283,650.0,43.8704,25.0,1.5
2025-03-11T09:00:00+08:00,469.9866,650.0,62.6649,25.0,1.5
2025-03-11T10:00:00+08:00,577.3709,650.0,76.9828,25.0,1.5
2025-03-11T11:00:00+08:00,643.8632,650.0,85.8484,25.0,1.5
2025-03-11T12:00:00+08:00,664.932,650.0,88.6576,25.0,1.5
2025-03-11T13:00:00+08:00,639.1416,650.0,85.2189,25.0,1.5
2025-03-11T14:00:00+08:00,568.2496,650.0,75.7666,25.0,1.5
2025-03-11T15:00:00+08:00,457.0872,650.0,60.945,25.0,1.5
2025-03-11T16:00:00+08:00,313.2298,650.0,41.764,25.0,1.5
2025-03-11T17:00:00+08:00,146.4812,650.0,19.5308,25.0,1.5
2025-03-11T18:00:00+08:00,0.0,0.0,0.0,25.0,1.5
2025-03-11T19:00:00+08:00,0.0,0.0,0.0,25.0,1.5
2025-03-11T20:00:00+08:00,0.0,0.0,0.0,25.0,1.5
2025-03-11T21:00:00+08:00,0.0,0.0,0.0,25.0,1.5
2025-03-11T22:00:00+08:00,0.0,0.0,0.0,25.0,1.5
2025-03-11T23:00:00+08:00,0.0,0.0,0.0,25.0,1.5
2025-03-12T00:00:00+08:00,0.0,0.0,0.0,25.0,1.5
2025-03-12T01:00:00+08:00,0.0,0.0,0.0,25.0,1.5
2025-03-12T02:00:00+08:00,0.0,0.0,0.0,25.0,1.5
2025-03-12T03:00:00+08:00,0.0,0.0,0.0,25.0,1.5
2025-03-12T04:00:00+08:00,0.0,0.0,0.0,25.0,1.5
2025-03-12T05:00:00+08:00,0.0,0.0,0.0,25.0,1.5
2025-03-12T06:00:00+08:00,0.0,0.0,0.0,25.0,1.5
2025-03-12T07:00:00+08:00,166.2339,650.0,22.1645,25.0,1.5
2025-03-12T08:00:00+08:00,331.2444,650.0,44.1659,25.0,1.5
2025-03-12T09:00:00+08:00,472.2747,650.0,62.97,25.0,1.5
2025-03-12T10:00:00+08:00,579.7138,650.0,77.2952,25.0,1.5
2025-03-12T11:00:00+08:00,646.24,650.0,86.1653,25.0,1.5
2025-03-12T12:00:00+08:00,667.3196,650.0,88.976,25.0,1.5
2025-03-12T13:00:00+08:00,641.5161,650.0,85.5355,25.0,1.5
2025-03-12T14:00:00+08:00,570.5879,650.0,76.0784,25.0,1.5
2025-03-12T15:00:00+08:00,459.3686,650.0,61.2492,25.0,1.5
2025-03-12T16:00:00+08:00,315.4378,650.0,42.0584,25.0,1.5
2025-03-12T17:00:00+08:00,148.6039,650.0,19.8139,25.0,1.5
2025-03-12T18:00:00+08:00,0.0,0.0,0.0,25.0,1.5
2025-03-12T19:00:00+08:00,0.0,0.0,0.0,25.0,1.5
2025-03-12T20:00:00+08:00,0.0,0.0,0.0,25.0,1.5
2025-03-12T21:00:00+08:00,0.0,0.0,0.0,25.0,1.5
2025-03-12T22:00:00+08:00,0.0,0.0,0.0,25.0,1.5
2025-03-12T23:00:00+08:00,0.0,0.0,0.0,25.0,1.5
2025-03-13T00:00:00+08:00,0.0,0.0,0.0,25.0,1.5
2025-03-13T01:00:00+08:00,0.0,0.0,0.0,25.0,1.5
2025-03-13T02:00:00+08:00,0.0,0.0,0.0,25.0,1.5
2025-03-13T03:00:00+08:00,0.0,0.0,0.0,25.0,1.5
2025-03-13T04:00:00+08:00,0.0,0.0,0.0,25.0,1.5
2025-03-13T05:00:00+08:00,0.0,0.0,0.0,25.0,1.5
2025-03-13T06:00:00+08:00,0.0,0.0,0.0,25.0,1.5
2025-03-13T07:00:00+08:00,168.364,650.0,22.4485,25.0,1.5
2025-03-13T08:00:00+08:00,333.451,650.0,44.4601,25.0,1.5
2025-03-13T09:00:00+08:00,474.5468,650.0,63.2729,25.0,1.5
2025-03-13T10:00:00+08:00,582.0358,650.0,77.6048,25.0,1.5
2025-03-13T11:00:00+08:00,648.5929,650.0,86.479,25.0,1.5
2025-03-13T12:00:00+08:00,669.6822,650.0,89.291,25.0,1.5
2025-03-13T13:00:00+08:00,643.8667,650.0,85.8489,25.0,1.5
2025-03-13T14:00:00+08:00,572.9056,650.0,76.3874,25.0,1.5
2025-03-13T15:00:00+08:00,461.6348,650.0,61.5513,25.0,1.5
2025-03-13T16:00:00+08:00,317.6371,650.0,42.3516,25.0,1.5
2025-03-13T17:00:00+08:00,150.7258,650.0,20.0968,25.0,1.5
2025-03-13T18:00:00+08:00,0.0,0.0,0.0,25.0,1.5
2025-03-13T19:00:00+08:00,0.0,0.0,0.0,25.0,1.5
2025-03-13T20:00:00+08:00,0.0,0.0,0.0,25.0,1.5
2025-03-13T21:00:00+08:00,0.0,0.0,0.0,25.0,1.5
2025-03-13T22:00:00+08:00,0.0,0.0,0.0,25.0,1.5
2025-03-13T23:00:00+08:00,0.0,0.0,0.0,25.0,1.5
2025-03-14T00:00:00+08:00,0.0,0.0,0.0,25.0,1.5
2025-03-14T01:00:00+08:00,0.0,0.0,0.0,25.0,1.5
2025-03-14T02:00:00+08:00,0.0,0.0,0.0,25.0,1.5
2025-03-14T03:00:00+08:00,0.0,0.0,0.0,25.0,1.5
2025-03-14T04:00:00+08:00,0.0,0.0,0.0,25.0,1.5
2025-03-14T05:00:00+08:00,0.0,0.0,0.0,25.0,1.5
2025-03-14T06:00:00+08:00,0.0,0.0,0.0,25.0,1.5
2025-03-14T07:00:00+08:00,170.4917,650.0,22.7322,25.0,1.5
2025-03-14T08:00:00+08:00,335.6475,650.0,44.753,25.0,1.5
2025-03-14T09:00:00+08:00,476.802,650.0,63.5736,25.0,1.5
2025-03-14T10:00:00+08:00,584.3358,650.0,77.9114,25.0,1.5
2025-03-14T11:00:00+08:00,650.9206,650.0,86.7894,25.0,1.5
2025-03-14T12:00:00+08:00,672.0187,650.0,89.6025,25.0,1.5
2025-03-14T13:00:00+08:00,646.1925,650.0,86.159,25.0,1.5
2025-03-14T14:00:00+08:00,575.2018,650.0,76.6936,25.0,1.5
2025-03-14T15:00:00+08:00,463.8846,650.0,61.8513,25.0,1.5
2025-03-14T16:00:00+08:00,319.8269,650.0,42.6436,25.0,1.5
2025-03-14T17:00:00+08:00,152.8462,650.0,20.3795,25.0,1.5
2025-03-14T18:00:00+08:00,0.0,0.0,0.0,25.0,1.5
2025-03-14T19:00:00+08:00,0.0,0.0,0.0,25.0,1.5
2025-03-14T20:00:00+08:00,0.0,0.0,0.0,25.0,1.5
2025-03-14T21:00:00+08:00,0.0,0.0,0.0,25.0,1.5
2025-03-14T22:00:00+08:00,0.0,0.0,0.0,25.0,1.5
2025-03-14T23:00:00+08:00,0.0,0.0,0.0,25.0,1.5
2025-03-15T00:00:00+08:00,0.0,0.0,0.0,25.0,1.5
2025-03-15T01:00:00+08:00,0.0,0.0,0.0,25.0,1.5
2025-03-15T02:00:00+08:00,0.0,0.0,0.0,25.0,1.5
2025-03-15T03:00:00+08:00,0.0,0.0,0.0,25.0,1.5
2025-03-15T04:00:00+08:00,0.0,0.0,0.0,25.0,1.5
2025-03-15T05:00:00+08:00,0.0,0.0,0.0,25.0,1.5
2025-03-15T06:00:00+08:00,0.0,0.0,0.0,25.0,1.5
2025-03-15T07:00:00+08:00,172.6161,650.0,23.0155,25.0,1.5
2025-03-15T08:00:00+08:00,337.8328,650.0,45.0444,25.0,1.5
2025-03-15T09:00:00+08:00,479.0393,650.0,63.8719,25.0,1.5
2025-03-15T10:00:00+08:00,586.6127,650.0,78.215,25.0,1.5
2025-03-15T11:00:00+08:00,653.2221,650.0,87.0963,25.0,1.5
2025-03-15T12:00:00+08:00,674.328,650.0,89.9104,25.0,1.5
2025-03-15T13:00:00+08:00,648.4922,650.0,86.4656,25.0,1.5
2025-03-15T14:00:00+08:00,577.4754,650.0,76.9967,25.0,1.5
2025-03-15T15:00:00+08:00,466.1172,650.0,62.149,25.0,1.5
2025-03-15T16:00:00+08:00,322.0064,650.0,42.9342,25.0,1.5
2025-03-15T17:00:00+08:00,154.9641,650.0,20.6619,25.0,1.5
2025-03-15T18:00:00+08:00,0.0,0.0,0.0,25.0,1.5
2025-03-15T19:00:00+08:00,0.0,0.0,0.0,25.0,1.5
2025-03-15T20:00:00+08:00,0.0,0.0,0.0,25.0,1.5
2025-03-15T21:00:00+08:00,0.0,0.0,0.0,25.0,1.5
2025-03-15T22:00:00+08:00,0.0,0.0,0.0,25.0,1.5
2025-03-15T23:00:00+08:00,0.0,0.0,0.0,25.0,1.5
2025-03-16T00:00:00+08:00,0.0,0.0,0.0,25.0,1.5
2025-03-16T01:00:00+08:00,0.0,0.0,0.0,25.0,1.5
2025-03-16T02:00:00+08:00,0.0,0.0,0.0,25.0,1.5
2025-03-16T03:00:00+08:00,0.0,0.0,0.0,25.0,1.5
2025-03-16T04:00:00+08:00,0.0,0.0,0.0,25.0,1.5
2025-03-16T05:00:00+08:00,0.0,0.0,0.0,25.0,1.5
2025-03-16T06:00:00+08:00,0.0,0.0,0.0,25.0,1.5
2025-03-16T07:00:00+08:00,174.7366,650.0,23.2982,25.0,1.5
2025-03-16T08:00:00+08:00,340.0061,650.0,45.3342,25.0,1.5
2025-03-16T09:00:00+08:00,481.2579,650.0,64.1677,25.0,1.5
2025-03-16T10:00:00+08:00,588.8657,650.0,78.5154,25.0,1.5
2025-03-16T11:00:00+08:00,655.4964,650.0,87.3995,25.0,1.5
2025-03-16T12:00:00+08:00,676.6091,650.0,90.2145,25.0,1.5
2025-03-16T13:00:00+08:00,650.765,650.0,86.7687,25.0,1.5
2025-03-16T14:00:00+08:00,579.7255,650.0,77.2967,25.0,1.5
2025-03-16T15:00:00+08:00,468.3316,650.0,62.4442,25.0,1.5
2025-03-16T16:00:00+08:00,324.1747,650.0,43.2233,25.0,1.5
2025-03-16T17:00:00+08:00,157.0789,650.0,20.9439,25.0,1.5
2025-03-16T18:00:00+08:00,0.0,0.0,0.0,25.0,1.5
2025-03-16T19:00:00+08:00,0.0,0.0,0.0,25.0,1.5
2025-03-16T20:00:00+08:00,0.0,0.0,0.0,25.0,1.5
2025-03-16T21:00:00+08:00,0.0,0.0,0.0,25.0,1.5
2025-03-16T22:00:00+08:00,0.0,0.0,0.0,25.0,1.5
2025-03-16T23:00:00+08:00,0.0,0.0,0.0,25.0,1.5
2025-03-17T00:00:00+08:00,0.0,0.0,0.0,25.0,1.5
2025-03-17T01:00:00+08:00,0.0,0.0,0.0,25.0,1.5
2025-03-17T02:00:00+08:00,0.0,0.0,0.0,25.0,1.5
2025-03-17T03:00:00+08:00,0.0,0.0,0.0,25.0,1.5
2025-03-17T04:00:00+08:00,0.0,0.0,0.0,25.0,1.5
2025-03-17T05:00:00+08:00,0.0,0.0,0.0,25.0,1.5
2025-03-17T06:00:00+08:00,0.0,0.0,0.0,25.0,1.5
2025-03-17T07:00:00+08:00,176.8522,650.0,23.5803,25.0,1.5
2025-03-17T08:00:00+08:00,342.1666,650.0,45.6222,25.0,1.5
2025-03-17T09:00:00+08:00,483.4567,650.0,64.4609,25.0,1.5
2025-03-17T10:00:00+08:00,591.0938,650.0,78.8125,25.0,1.5
2025-03-17T11:00:00+08:00,657.7426,650.0,87.699,25.0,1.5
2025-03-17T12:00:00+08:00,678.861,650.0,90.5148,25.0,1.5
2025-03-17T13:00:00+08:00,653.0099,650.0,87.068,25.0,1.5
2025-03-17T14:00:00+08:00,581.9511,650.0,77.5935,25.0,1.5
2025-03-17T15:00:00+08:00,470.5269,650.0,62.7369,25.0,1.5
2025-03-17T16:00:00+08:00,326.3309,650.0,43.5108,25.0,1.5
2025-03-17T17:00:00+08:00,159.1897,650.0,21.2253,25.0,1.5
2025-03-17T18:00:00+08:00,0.0,0.0,0.0,25.0,1.5
2025-03-17T19:00:00+08:00,0.0,0.0,0.0,25.0,1.5
2025-03-17T20:00:00+08:00,0.0,0.0,0.0,25.0,1.5
2025-03-17T21:00:00+08:00,0.0,0.0,0.0,25.0,1.5
2025-03-17T22:00:00+08:00,0.0,0.0,0.0,25.0,1.5
2025-03-17T23:00:00+08:00,0.0,0.0,0.0,25.0,1.5
2025-03-18T00:00:00+08:00,0.0,0.0,0.0,25.0,1.5
2025-03-18T01:00:00+08:00,0.0,0.0,0.0,25.0,1.5
2025-03-18T02:00:00+08:00,0.0,0.0,0.0,25.0,1.5
2025-03-18T03:00:00+08:00,0.0,0.0,0.0,25.0,1.5
2025-03-18T04:00:00+08:00,0.0,0.0,0.0,25.0,1.5
2025-03-18T05:00:00+08:00,0.0,0.0,0.0,25.0,1.5
2025-03-18T06:00:00+08:00,0.8497,650.0,0.1133,25.0,1.5
2025-03-18T07:00:00+08:00,178.9622,650.0,23.8616,25.0,1.5
2025-03-18T08:00:00+08:00,344.3135,650.0,45.9085,25.0,1.5
2025-03-18T09:00:00+08:00,485.635,650.0,64.7513,25.0,1.5
2025-03-18T10:00:00+08:00,593.2961,650.0,79.1061,25.0,1.5
2025-03-18T11:00:00+08:00,659.9597,650.0,87.9946,25.0,1.5
2025-03-18T12:00:00+08:00,681.0828,650.0,90.811,25.0,1.5
2025-03-18T13:00:00+08:00,655.226,650.0,87.3635,25.0,1.5
2025-03-18T14:00:00+08:00,584.1513,650.0,77.8868,25.0,1.5
2025-03-18T15:00:00+08:00,472.7024,650.0,63.027,25.0,1.5
2025-03-18T16:00:00+08:00,328.4742,650.0,43.7966,25.0,1.5
2025-03-18T17:00:00+08:00,161.2959,650.0,21.5061,25.0,1.5
2025-03-18T18:00:00+08:00,0.0,0.0,0.0,25.0,1.5
2025-03-18T19:00:00+08:00,0.0,0.0,0.0,25.0,1.5
2025-03-18T20:00:00+08:00,0.0,0.0,0.0,25.0,1.5
2025-03-18T21:00:00+08:00,0.0,0.0,0.0,25.0,1.5
2025-03-18T22:00:00+08:00,0.0,0.0,0.0,25.0,1.5
2025-03-18T23:00:00+08:00,0.0,0.0,0.0,25.0,1.5
2025-03-19T00:00:00+08:00,0.0,0.0,0.0,25.0,1.5
2025-03-19T01:00:00+08:00,0.0,0.0,0.0,25.0,1.5
2025-03-19T02:00:00+08:00,0.0,0.0,0.0,25.0,1.5
2025-03-19T03:00:00+08:00,0.0,0.0,0.0,25.0,1.5
2025-03-19T04:00:00+08:00,0.0,0.0,0.0,25.0,1.5
2025-03-19T05:00:00+08:00,0.0,0.0,0.0,25.0,1.5
2025-03-19T06:00:00+08:00,2.9226,650.0,0.3897,25.0,1.5
2025-03-19T07:00:00+08:00,181.066,650.0,24.1421,25.0,1.5
2025-03-19T08:00:00+08:00,346.4459,650.0,46.1928,25.0,1.5
2025-03-19T09:00:00+08:00,487.7919,650.0,65.0389,25.0,1.5
2025-03-19T10:00:00+08:00,595.4716,650.0,79.3962,25.0,1.5
2025-03-19T11:00:00+08:00,662.1468,650.0,88.2862,25.0,1.5
2025-03-19T12:00:00+08:00,683.2736,650.0,91.1031,25.0,1.5
2025-03-19T13:00:00+08:00,657.4123,650.0,87.655,25.0,1.5
2025-03-19T14:00:00+08:00,586.3252,650.0,78.1767,25.0,1.5
2025-03-19T15:00:00+08:00,474.857,650.0,63.3143,25.0,1.5
2025-03-19T16:00:00+08:00,330.6039,650.0,44.0805,25.0,1.5
2025-03-19T17:00:00+08:00,163.3965,650.0,21.7862,25.0,1.5
2025-03-19T18:00:00+08:00,0.0,0.0,0.0,25.0,1.5
2025-03-19T19:00:00+08:00,0.0,0.0,0.0,25.0,1.5
2025-03-19T20:00:00+08:00,0.0,0.0,0.0,25.0,1.5
2025-03-19T21:00:00+08:00,0.0,0.0,0.0,25.0,1.5
2025-03-19T22:00:00+08:00,0.0,0.0,0.0,25.0,1.5
2025-03-19T23:00:00+08:00,0.0,0.0,0.0,25.0,1.5
2025-03-20T00:00:00+08:00,0.0,0.0,0.0,25.0,1.5
2025-03-20T01:00:00+08:00,0.0,0.0,0.0,25.0,1.5
2025-03-20T02:00:00+08:00,0.0,0.0,0.0,25.0,1.5
2025-03-20T03:00:00+08:00,0.0,0.0,0.0,25.0,1.5
2025-03-20T04:00:00+08:00,0.0,0.0,0.0,25.0,1.5
2025-03-20T05:00:00+08:00,0.0,0.0,0.0,25.0,1.5
2025-03-20T06:00:00+08:00,4.9971,650.0,0.6663,25.0,1.5
2025-03-20T07:00:00+08:00,183.1626,650.0,24.4217,25.0,1.5
2025-03-20T08:00:00+08:00,348.563,650.0,46.4751,25.0,1.5
2025-03-20T09:00:00+08:00,489.9266,650.0,65.3235,25.0,1.5
2025-03-20T10:00:00+08:00,597.6196,650.0,79.6826,25.0,1.5
2025-03-20T11:00:00+08:00,664.303,650.0,88.5737,25.0,1.5
2025-03-20T12:00:00+08:00,685.4324,650.0,91.391,25.0,1.5
2025-03-20T13:00:00+08:00,659.5679,650.0,87.9424,25.0,1.5
2025-03-20T14:00:00+08:00,588.4721,650.0,78.4629,25.0,1.5
2025-03-20T15:00:00+08:00,476.99,650.0,63.5987,25.0,1.5
2025-03-20T16:00:00+08:00,332.719,650.0,44.3625,25.0,1.5
2025-03-20T17:00:00+08:00,165.491,650.0,22.0655,25.0,1.5
2025-03-20T18:00:00+08:00,0.0,0.0,0.0,25.0,1.5
2025-03-20T19:00:00+08:00,0.0,0.0,0.0,25.0,1.5
2025-03-20T20:00:00+08:00,0.0,0.0,0.0,25.0,1.5
2025-03-20T21:00:00+08:00,0.0,0.0,0.0,25.0,1.5
2025-03-20T22:00:00+08:00,0.0,0.0,0.0,25.0,1.5
2025-03-20T23:00:00+08:00,0.0,0.0,0.0,25.0,1.5
2025-03-21T00:00:00+08:00,0.0,0.0,0.0,25.0,1.5
2025-03-21T01:00:00+08:00,0.0,0.0,0.0,25.0,1.5
2025-03-21T02:00:00+08:00,0.0,0.0,0.0,25.0,1.5
2025-03-21T03:00:00+08:00,0.0,0.0,0.0,25.0,1.5
2025-03-21T04:00:00+08:00,0.0,0.0,0.0,25.0,1.5
2025-03-21T05:00:00+08:00,0.0,0.0,0.0,25.0,1.5
2025-03-21T06:00:00+08:00,7.0726,650.0,0.943,25.0,1.5
2025-03-21T07:00:00+08:00,185.2514,650.0,24.7002,25.0,1.5
2025-03-21T08:00:00+08:00,350.6641,650.0,46.7552,25.0,1.5
2025-03-21T09:00:00+08:00,492.0382,650.0,65.6051,25.0,1.5
2025-03-21T10:00:00+08:00,599.7392,650.0,79.9652,25.0,1.5
2025-03-21T11:00:00+08:00,666.4276,650.0,88.857,25.0,1.5
2025-03-21T12:00:00+08:00,687.5586,650.0,91.6745,25.0,1.5
2025-03-21T13:00:00+08:00,661.6922,650.0,88.2256,25.0,1.5
2025-03-21T14:00:00+08:00,590.5911,650.0,78.7455,25.0,1.5
2025-03-21T15:00:00+08:00,479.1007,650.0,63.8801,25.0,1.5
2025-03-21T16:00:00+08:00,334.819,650.0,44.6425,25.0,1.5
2025-03-21T17:00:00+08:00,167.5784,650.0,22.3438,25.0,1.5
2025-03-21T18:00:00+08:00,0.0,0.0,0.0,25.0,1.5
2025-03-21T19:00:00+08:00,0.0,0.0,0.0,25.0,1.5
2025-03-21T20:00:00+08:00,0.0,0.0,0.0,25.0,1.5
2025-03-21T21:00:00+08:00,0.0,0.0,0.0,25.0,1.5
2025-03-21T22:00:00+08:00,0.0,0.0,0.0,25.0,1.5
2025-03-21T23:00:00+08:00,0.0,0.0,0.0,25.0,1.5
2025-03-22T00:00:00+08:00,0.0,0.0,0.0,25.0,1.5
2025-03-22T01:00:00+08:00,0.0,0.0,0.0,25.0,1.5
2025-03-22T02:00:00+08:00,0.0,0.0,0.0,25.0,1.5
2025-03-22T03:00:00+08:00,0.0,0.0,0.0,25.0,1.5
2025-03-22T04:00:00+08:00,0.0,0.0,0.0,25.0,1.5
2025-03-22T05:00:00+08:00,0.0,0.0,0.0,25.0,1.5
2025-03-22T06:00:00+08:00,9.1484,650.0,1.2198,25.0,1.5
2025-03-22T07:00:00+08:00,187.3316,650.0,24.9775,25.0,1.5
2025-03-22T08:00:00+08:00,352.7484,650.0,47.0331,25.0,1.5
2025-03-22T09:00:00+08:00,494.126,650.0,65.8835,25.0,1.5
2025-03-22T10:00:00+08:00,601.8297,650.0,80.244,25.0,1.5
2025-03-22T11:00:00+08:00,668.5198,650.0,89.136,25.0,1.5
2025-03-22T12:00:00+08:00,689.6513,650.0,91.9535,25.0,1.5
2025-03-22T13:00:00+08:00,663.7842,650.0,88.5046,25.0,1.5
2025-03-22T14:00:00+08:00,592.6813,650.0,79.0242,25.0,1.5
2025-03-22T15:00:00+08:00,481.1882,650.0,64.1584,25.0,1.5
2025-03-22T16:00:00+08:00,336.9029,650.0,44.9204,25.0,1.5
2025-03-22T17:00:00+08:00,169.6582,650.0,22.6211,25.0,1.5
2025-03-22T18:00:00+08:00,0.0,0.0,0.0,25.0,1.5
2025-03-22T19:00:00+08:00,0.0,0.0,0.0,25.0,1.5
2025-03-22T20:00:00+08:00,0.0,0.0,0.0,25.0,1.5
2025-03-22T21:00:00+08:00,0.0,0.0,0.0,25.0,1.5
2025-03-22T22:00:00+08:00,0.0,0.0,0.0,25.0,1.5
2025-03-22T23:00:00+08:00,0.0,0.0,0.0,25.0,1.5
2025-03-23T00:00:00+08:00,0.0,0.0,0.0,25.0,1.5
2025-03-23T01:00:00+08:00,0.0,0.0,0.0,25.0,1.5
2025-03-23T02:00:00+08:00,0.0,0.0,0.0,25.0,1.5
2025-03-23T03:00:00+08:00,0.0,0.0,0.0,25.0,1.5
2025-03-23T04:00:00+08:00,0.0,0.0,0.0,25.0,1.5
2025-03-23T05:00:00+08:00,0.0,0.0,0.0,25.0,1.5
2025-03-23T06:00:00+08:00,11.2238,650.0,1.4965,25.0,1.5
2025-03-23T07:00:00+08:00,189.4025,650.0,25.2537,25.0,1.5
2025-03-23T08:00:00+08:00,354.8152,650.0,47.3087,25.0,1.5
2025-03-23T09:00:00+08:00,496.1893,650.0,66.1586,25.0,1.5
2025-03-23T10:00:00+08:00,603.8904,650.0,80.5187,25.0,1.5
2025-03-23T11:00:00+08:00,670.5787,650.0,89.4105,25.0,1.5
2025-03-23T12:00:00+08:00,691.7097,650.0,92.228,25.0,1.5
2025-03-23T13:00:00+08:00,665.8433,650.0,88.7791,25.0,1.5
2025-03-23T14:00:00+08:00,594.7422,650.0,79.299,25.0,1.5
2025-03-23T15:00:00+08:00,483.2518,650.0,64.4336,25.0,1.5
2025-03-23T16:00:00+08:00,338.9701,650.0,45.196,25.0,1.5
2025-03-23T17:00:00+08:00,171.7295,650.0,22.8973,25.0,1.5
2025-03-23T18:00:00+08:00,0.0,0.0,0.0,25.0,1.5
2025-03-23T19:00:00+08:00,0.0,0.0,0.0,25.0,1.5
2025-03-23T20:00:00+08:00,0.0,0.0,0.0,25.0,1.5
2025-03-23T21:00:00+08:00,0.0,0.0,0.0,25.0,1.5
2025-03-23T22:00:00+08:00,0.0,0.0,0.0,25.0,1.5
2025-03-23T23:00:00+08:00,0.0,0.0,0.0,25.0,1.5
2025-03-24T00:00:00+08:00,0.0,0.0,0.0,25.0,1.5
2025-03-24T01:00:00+08:00,0.0,0.0,0.0,25.0,1.5
2025-03-24T02:00:00+08:00,0.0,0.0,0.0,25.0,1.5
2025-03-24T03:00:00+08:00,0.0,0.0,0.0,25.0,1.5
2025-03-24T04:00:00+08:00,0.0,0.0,0.0,25.0,1.5
2025-03-24T05:00:00+08:00,0.0,0.0,0.0,25.0,1.5
2025-03-24T06:00:00+08:00,13.2979,650.0,1.7731,25.0,1.5
2025-03-24T07:00:00+08:00,191.4634,650.0,25.5285,25.0,1.5
2025-03-24T08:00:00+08:00,356.8638,650.0,47.5818,25.0,1.5
2025-03-24T09:00:00+08:00,498.2274,650.0,66.4303,25.0,1.5
2025-03-24T10:00:00+08:00,605.9204,650.0,80.7894,25.0,1.5
2025-03-24T11:00:00+08:00,672.6038,650.0,89.6805,25.0,1.5
2025-03-24T12:00:00+08:00,693.7332,650.0,92.4978,25.0,1.5
2025-03-24T13:00:00+08:00,667.8687,650.0,89.0492,25.0,1.5
2025-03-24T14:00:00+08:00,596.7729,650.0,79.5697,25.0,1.5
2025-03-24T15:00:00+08:00,485.2908,650.0,64.7054,25.0,1.5
2025-03-24T16:00:00+08:00,341.0199,650.0,45.4693,25.0,1.5
2025-03-24T17:00:00+08:00,173.7918,650.0,23.1722,25.0,1.5
2025-03-24T18:00:00+08:00,0.0,0.0,0.0,25.0,1.5
2025-03-24T19:00:00+08:00,0.0,0.0,0.0,25.0,1.5
2025-03-24T20:00:00+08:00,0.0,0.0,0.0,25.0,1.5
2025-03-24T21:00:00+08:00,0.0,0.0,0.0,25.0,1.5
2025-03-24T22:00:00+08:00,0.0,0.0,0.0,25.0,1.5
2025-03-24T23:00:00+08:00,0.0,0.0,0.0,25.0,1.5
2025-03-25T00:00:00+08:00,0.0,0.0,0.0,25.0,1.5
2025-03-25T01:00:00+08:00,0.0,0.0,0.0,25.0,1.5
2025-03-25T02:00:00+08:00,0.0,0.0,0.0,25.0,1.5
2025-03-25T03:00:00+08:00,0.0,0.0,0.0,25.0,1.5
2025-03-25T04:00:00+08:00,0.0,0.0,0.0,25.0,1.5
2025-03-25T05:00:00+08:00,0.0,0.0,0.0,25.0,1.5
2025-03-25T06:00:00+08:00,15.3702,650.0,2.0494,25.0,1.5
2025-03-25T07:00:00+08:00,193.5136,650.0,25.8018,25.0,1.5
2025-03-25T08:00:00+08:00,358.8935,650.0,47.8525,25.0,1.5
2025-03-25T09:00:00+08:00,500.2395,650.0,66.6986,25.0,1.5
2025-03-25T10:00:00+08:00,607.9192,650.0,81.0559,25.0,1.5
2025-03-25T11:00:00+08:00,674.5944,650.0,89.9459,25.0,1.5
2025-03-25T12:00:00+08:00,695.7212,650.0,92.7628,25.0,1.5
2025-03-25T13:00:00+08:00,669.8599,650.0,89.3147,25.0,1.5
2025-03-25T14:00:00+08:00,598.7729,650.0,79.8364,25.0,1.5
2025-03-25T15:00:00+08:00,487.3046,650.0,64.9739,25.0,1.5
2025-03-25T16:00:00+08:00,343.0515,650.0,45.7402,25.0,1.5
2025-03-25T17:00:00+08:00,175.8441,650.0,23.4459,25.0,1.5
2025-03-25T18:00:00+08:00,0.0,0.0,0.0,25.0,1.5
2025-03-25T19:00:00+08:00,0.0,0.0,0.0,25.0,1.5
2025-03-25T20:00:00+08:00,0.0,0.0,0.0,25.0,1.5
2025-03-25T21:00:00+08:00,0.0,0.0,0.0,25.0,1.5
2025-03-25T22:00:00+08:00,0.0,0.0,0.0,25.0,1.5
2025-03-25T23:00:00+08:00,0.0,0.0,0.0,25.0,1.5
2025-03-26T00:00:00+08:00,0.0,0.0,0.0,25.0,1.5
2025-03-26T01:00:00+08:00,0.0,0.0,0.0,25.0,1.5
2025-03-26T02:00:00+08:00,0.0,0.0,0.0,25.0,1.5
2025-03-26T03:00:00+08:00,0.0,0.0,0.0,25.0,1.5
2025-03-26T04:00:00+08:00,0.0,0.0,0.0,25.0,1.5
2025-03-26T05:00:00+08:00,0.0,0.0,0.0,25.0,1.5
2025-03-26T06:00:00+08:00,17.4399,650.0,2.3253,25.0,1.5
2025-03-26T07:00:00+08:00,195.5524,650.0,26.0737,25.0,1.5
2025-03-26T08:00:00+08:00,360.9036,650.0,48.1205,25.0,1.5
2025-03-26T09:00:00+08:00,502.2252,650.0,66.9634,25.0,1.5
2025-03-26T10:00:00+08:00,609.8862,650.0,81.3182,25.0,1.5
2025-03-26T11:00:00+08:00,676.5498,650.0,90.2066,25.0,1.5
2025-03-26T12:00:00+08:00,697.6729,650.0,93.0231,25.0,1.5
2025-03-26T13:00:00+08:00,671.8161,650.0,89.5755,25.0,1.5
2025-03-26T14:00:00+08:00,600.7414,650.0,80.0989,25.0,1.5
2025-03-26T15:00:00+08:00,489.2925,650.0,65.239,25.0,1.5
2025-03-26T16:00:00+08:00,345.0644,650.0,46.0086,25.0,1.5
2025-03-26T17:00:00+08:00,177.886,650.0,23.7181,25.0,1.5
2025-03-26T18:00:00+08:00,0.0,0.0,0.0,25.0,1.5
2025-03-26T19:00:00+08:00,0.0,0.0,0.0,25.0,1.5
2025-03-26T20:00:00+08:00,0.0,0.0,0.0,25.0,1.5
2025-03-26T21:00:00+08:00,0.0,0.0,0.0,25.0,1.5
2025-03-26T22:00:00+08:00,0.0,0.0,0.0,25.0,1.5
2025-03-26T23:00:00+08:00,0.0,0.0,0.0,25.0,1.5
2025-03-27T00:00:00+08:00,0.0,0.0,0.0,25.0,1.5
2025-03-27T01:00:00+08:00,0.0,0.0,0.0,25.0,1.5
2025-03-27T02:00:00+08:00,0.0,0.0,0.0,25.0,1.5
2025-03-27T03:00:00+08:00,0.0,0.0,0.0,25.0,1.5
2025-03-27T04:00:00+08:00,0.0,0.0,0.0,25.0,1.5
2025-03-27T05:00:00+08:00,0.0,0.0,0.0,25.0,1.5
2025-03-27T06:00:00+08:00,19.5062,650.0,2.6008,25.0,1.5
2025-03-27T07:00:00+08:00,197.5791,650.0,26.3439,25.0,1.5
2025-03-27T08:00:00+08:00,362.8936,650.0,48.3858,25.0,1.5
2025-03-27T09:00:00+08:00,504.1837,650.0,67.2245,25.0,1.5
2025-03-27T10:00:00+08:00,611.8207,650.0,81.5761,25.0,1.5
2025-03-27T11:00:00+08:00,678.4695,650.0,90.4626,25.0,1.5
2025-03-27T12:00:00+08:00,699.5879,650.0,93.2784,25.0,1.5
2025-03-27T13:00:00+08:00,673.7369,650.0,89.8316,25.0,1.5
2025-03-27T14:00:00+08:00,602.678,650.0,80.3571,25.0,1.5
2025-03-27T15:00:00+08:00,491.2538,650.0,65.5005,25.0,1.5
2025-03-27T16:00:00+08:00,347.0578,650.0,46.2744,25.0,1.5
2025-03-27T17:00:00+08:00,179.9167,650.0,23.9889,25.0,1.5
2025-03-27T18:00:00+08:00,1.2207,650.0,0.1628,25.0,1.5
2025-03-27T19:00:00+08:00,0.0,0.0,0.0,25.0,1.5
2025-03-27T20:00:00+08:00,0.0,0.0,0.0,25.0,1.5
2025-03-27T21:00:00+08:00,0.0,0.0,0.0,25.0,1.5
2025-03-27T22:00:00+08:00,0.0,0.0,0.0,25.0,1.5
2025-03-27T23:00:00+08:00,0.0,0.0,0.0,25.0,1.5
2025-03-28T00:00:00+08:00,0.0,0.0,0.0,25.0,1.5
2025-03-28T01:00:00+08:00,0.0,0.0,0.0,25.0,1.5
2025-03-28T02:00:00+08:00,0.0,0.0,0.0,25.0,1.5
2025-03-28T03:00:00+08:00,0.0,0.0,0.0,25.0,1.5
2025-03-28T04:00:00+08:00,0.0,0.0,0.0,25.0,1.5
2025-03-28T05:00:00+08:00,0.0,0.0,0.0,25.0,1.5
2025-03-28T06:00:00+08:00,21.5685,650.0,2.8758,25.0,1.5
2025-03-28T07:00:00+08:00,199.5931,650.0,26.6124,25.0,1.5
2025-03-28T08:00:00+08:00,364.8627,650.0,48.6484,25.0,1.5
2025-03-28T09:00:00+08:00,506.1144,650.0,67.4819,25.0,1.5
2025-03-28T10:00:00+08:00,613.7223,650.0,81.8296,25.0,1.5
2025-03-28T11:00:00+08:00,680.3529,650.0,90.7137,25.0,1.5
2025-03-28T12:00:00+08:00,701.4656,650.0,93.5288,25.0,1.5
2025-03-28T13:00:00+08:00,675.6216,650.0,90.0829,25.0,1.5
2025-03-28T14:00:00+08:00,604.582,650.0,80.6109,25.0,1.5
2025-03-28T15:00:00+08:00,493.1881,650.0,65.7584,25.0,1.5
2025-03-28T16:00:00+08:00,349.0312,650.0,46.5375,25.0,1.5
2025-03-28T17:00:00+08:00,181.9354,650.0,24.2581,25.0,1.5
2025-03-28T18:00:00+08:00,3.288,650.0,0.4384,25.0,1.5
2025-03-28T19:00:00+08:00,0.0,0.0,0.0,25.0,1.5
2025-03-28T20:00:00+08:00,0.0,0.0,0.0,25.0,1.5
2025-03-28T21:00:00+08:00,0.0,0.0,0.0,25.0,1.5
2025-03-28T22:00:00+08:00,0.0,0.0,0.0,25.0,1.5
2025-03-28T23:00:00+08:00,0.0,0.0,0.0,25.0,1.5
2025-03-29T00:00:00+08:00,0.0,0.0,0.0,25.0,1.5
2025-03-29T01:00:00+08:00,0.0,0.0,0.0,25.0,1.5
2025-03-29T02:00:00+08:00,0.0,0.0,0.0,25.0,1.5
2025-03-29T03:00:00+08:00,0.0,0.0,0.0,25.0,1.5
2025-03-29T04:00:00+08:00,0.0,0.0,0.0,25.0,1.5
2025-03-29T05:00:00+08:00,0.0,0.0,0.0,25.0,1.5
2025-03-29T06:00:00+08:00,23.6261,650.0,3.1502,25.0,1.5
2025-03-29T07:00:00+08:00,201.5937,650.0,26.8792,25.0,1.5
2025-03-29T08:00:00+08:00,366.8104,650.0,48.908,25.0,1.5
2025-03-29T09:00:00+08:00,508.0169,650.0,67.7356,25.0,1.5
2025-03-29T10:00:00+08:00,615.5903,650.0,82.0787,25.0,1.5
2025-03-29T11:00:00+08:00,682.1996,650.0,90.96,25.0,1.5
2025-03-29T12:00:00+08:00,703.3056,650.0,93.7741,25.0,1.5
2025-03-29T13:00:00+08:00,677.4698,650.0,90.3293,25.0,1.5
2025-03-29T14:00:00+08:00,606.453,650.0,80.8604,25.0,1.5
2025-03-29T15:00:00+08:00,495.0947,650.0,66.0126,25.0,1.5
2025-03-29T16:00:00+08:00,350.984,650.0,46.7979,25.0,1.5
2025-03-29T17:00:00+08:00,183.9417,650.0,24.5256,25.0,1.5
2025-03-29T18:00:00+08:00,5.3514,650.0,0.7135,25.0,1.5
2025-03-29T19:00:00+08:00,0.0,0.0,0.0,25.0,1.5
2025-03-29T20:00:00+08:00,0.0,0.0,0.0,25.0,1.5
2025-03-29T21:00:00+08:00,0.0,0.0,0.0,25.0,1.5
2025-03-29T22:00:00+08:00,0.0,0.0,0.0,25.0,1.5
2025-03-29T23:00:00+08:00,0.0,0.0,0.0,25.0,1.5
2025-03-30T00:00:00+08:00,0.0,0.0,0.0,25.0,1.5
2025-03-30T01:00:00+08:00,0.0,0.0,0.0,25.0,1.5
2025-03-30T02:00:00+08:00,0.0,0.0,0.0,25.0,1.5
2025-03-30T03:00:00+08:00,0.0,0.0,0.0,25.0,1.5
2025-03-30T04:00:00+08:00,0.0,0.0,0.0,25.0,1.5
2025-03-30T05:00:00+08:00,0.0,0.0,0.0,25.0,1.5
2025-03-30T06:00:00+08:00,25.6783,650.0,3.4238,25.0,1.5
2025-03-30T07:00:00+08:00,203.5803,650.0,27.144,25.0,1.5
2025-03-30T08:00:00+08:00,368.7361,650.0,49.1648,25.0,1.5
2025-03-30T09:00:00+08:00,509.8906,650.0,67.9854,25.0,1.5
2025-03-30T10:00:00+08:00,617.4244,650.0,82.3232,25.0,1.5
2025-03-30T11:00:00+08:00,684.0092,650.0,91.2012,25.0,1.5
2025-03-30T12:00:00+08:00,705.1073,650.0,94.0143,25.0,1.5
2025-03-30T13:00:00+08:00,679.2811,650.0,90.5708,25.0,1.5
2025-03-30T14:00:00+08:00,608.2904,650.0,81.1054,25.0,1.5
2025-03-30T15:00:00+08:00,496.9732,650.0,66.2631,25.0,1.5
2025-03-30T16:00:00+08:00,352.9156,650.0,47.0554,25.0,1.5
2025-03-30T17:00:00+08:00,185.9348,650.0,24.7913,25.0,1.5
2025-03-30T18:00:00+08:00,7.4103,650.0,0.988,25.0,1.5
2025-03-30T19:00:00+08:00,0.0,0.0,0.0,25.0,1.5
2025-03-30T20:00:00+08:00,0.0,0.0,0.0,25.0,1.5
2025-03-30T21:00:00+08:00,0.0,0.0,0.0,25.0,1.5
2025-03-30T22:00:00+08:00,0.0,0.0,0.0,25.0,1.5
2025-03-30T23:00:00+08:00,0.0,0.0,0.0,25.0,1.5
2025-03-31T00:00:00+08:00,0.0,0.0,0.0,25.0,1.5
2025-03-31T01:00:00+08:00,0.0,0.0,0.0,25.0,1.5
2025-03-31T02:00:00+08:00,0.0,0.0,0.0,25.0,1.5
2025-03-31T03:00:00+08:00,0.0,0.0,0.0,25.0,1.5
2025-03-31T04:00:00+08:00,0.0,0.0,0.0,25.0,1.5
2025-03-31T05:00:00+08:00,0.0,0.0,0.0,25.0,1.5
2025-03-31T06:00:00+08:00,27.7243,650.0,3.6966,25.0,1.5
2025-03-31T07:00:00+08:00,205.5522,650.0,27.407,25.0,1.5
2025-03-31T08:00:00+08:00,370.6393,650.0,49.4186,25.0,1.5
2025-03-31T09:00:00+08:00,511.735,650.0,68.2313,25.0,1.5
2025-03-31T10:00:00+08:00,619.224,650.0,82.5632,25.0,1.5
2025-03-31T11:00:00+08:00,685.7811,650.0,91.4375,25.0,1.5
2025-03-31T12:00:00+08:00,706.8705,650.0,94.2494,25.0,1.5
2025-03-31T13:00:00+08:00,681.055,650.0,90.8073,25.0,1.5
2025-03-31T14:00:00+08:00,610.0938,650.0,81.3458,25.0,1.5
2025-03-31T15:00:00+08:00,498.823,650.0,66.5097,25.0,1.5
2025-03-31T16:00:00+08:00,354.8253,650.0,47.31,25.0,1.5
2025-03-31T17:00:00+08:00,187.9141,650.0,25.0552,25.0,1.5
2025-03-31T18:00:00+08:00,9.4639,650.0,1.2619,25.0,1.5
2025-03-31T19:00:00+08:00,0.0,0.0,0.0,25.0,1.5
2025-03-31T20:00:00+08:00,0.0,0.0,0.0,25.0,1.5
2025-03-31T21:00:00+08:00,0.0,0.0,0.0,25.0,1.5
2025-03-31T22:00:00+08:00,0.0,0.0,0.0,25.0,1.5
2025-03-31T23:00:00+08:00,0.0,0.0,0.0,25.0,1.5
2025-04-01T00:00:00+08:00,0.0,0.0,0.0,25.0,1.5
2025-04-01T01:00:00+08:00,0.0,0.0,0.0,25.0,1.5
2025-04-01T02:00:00+08:00,0.0,0.0,0.0,25.0,1.5
2025-04-01T03:00:00+08:00,0.0,0.0,0.0,25.0,1.5
2025-04-01T04:00:00+08:00,0.0,0.0,0.0,25.0,1.5
2025-04-01T05:00:00+08:00,0.0,0.0,0.0,25.0,1.5
2025-04-01T06:00:00+08:00,29.7635,650.0,3.9685,25.0,1.5
2025-04-01T07:00:00+08:00,207.5089,650.0,27.6679,25.0,1.5
2025-04-01T08:00:00+08:00,372.5194,650.0,49.6693,25.0,1.5
2025-04-01T09:00:00+08:00,513.5497,650.0,68.4733,25.0,1.5
2025-04-01T10:00:00+08:00,620.9889,650.0,82.7985,25.0,1.5
2025-04-01T11:00:00+08:00,687.5151,650.0,91.6687,25.0,1.5
2025-04-01T12:00:00+08:00,708.5947,650.0,94.4793,25.0,1.5
2025-04-01T13:00:00+08:00,682.7912,650.0,91.0388,25.0,1.5
2025-04-01T14:00:00+08:00,611.8629,650.0,81.5817,25.0,1.5
2025-04-01T15:00:00+08:00,500.6437,650.0,66.7525,25.0,1.5
2025-04-01T16:00:00+08:00,356.7128,650.0,47.5617,25.0,1.5
2025-04-01T17:00:00+08:00,189.879,650.0,25.3172,25.0,1.5
2025-04-01T18:00:00+08:00,11.5116,650.0,1.5349,25.0,1.5
2025-04-01T19:00:00+08:00,0.0,0.0,0.0,25.0,1.5
2025-04-01T20:00:00+08:00,0.0,0.0,0.0,25.0,1.5
2025-04-01T21:00:00+08:00,0.0,0.0,0.0,25.0,1.5
2025-04-01T22:00:00+08:00,0.0,0.0,0.0,25.0,1.5
2025-04-01T23:00:00+08:00,0.0,0.0,0.0,25.0,1.5
2025-04-02T00:00:00+08:00,0.0,0.0,0.0,25.0,1.5
2025-04-02T01:00:00+08:00,0.0,0.0,0.0,25.0,1.5
2025-04-02T02:00:00+08:00,0.0,0.0,0.0,25.0,1.5
2025-04-02T03:00:00+08:00,0.0,0.0,0.0,25.0,1.5
2025-04-02T04:00:00+08:00,0.0,0.0,0.0,25.0,1.5
2025-04-02T05:00:00+08:00,0.0,0.0,0.0,25.0,1.5
2025-04-02T06:00:00+08:00,31.7951,650.0,4.2394,25.0,1.5
2025-04-02T07:00:00+08:00,209.4498,650.0,27.9266,25.0,1.5
2025-04-02T08:00:00+08:00,374.376,650.0,49.9168,25.0,1.5
2025-04-02T09:00:00+08:00,515.3343,650.0,68.7112,25.0,1.5
2025-04-02T10:00:00+08:00,622.7186,650.0,83.0291,25.0,1.5
2025-04-02T11:00:00+08:00,689.2108,650.0,91.8948,25.0,1.5
2025-04-02T12:00:00+08:00,710.2797,650.0,94.704,25.0,1.5
2025-04-02T13:00:00+08:00,684.4893,650.0,91.2652,25.0,1.5
2025-04-02T14:00:00+08:00,613.5973,650.0,81.813,25.0,1.5
2025-04-02T15:00:00+08:00,502.4349,650.0,66.9913,25.0,1.5
2025-04-02T16:00:00+08:00,358.5775,650.0,47.8103,25.0,1.5
2025-04-02T17:00:00+08:00,191.8288,650.0,25.5772,25.0,1.5
2025-04-02T18:00:00+08:00,13.5526,650.0,1.807,25.0,1.5
2025-04-02T19:00:00+08:00,0.0,0.0,0.0,25.0,1.5
2025-04-02T20:00:00+08:00,0.0,0.0,0.0,25.0,1.5
2025-04-02T21:00:00+08:00,0.0,0.0,0.0,25.0,1.5
2025-04-02T22:00:00+08:00,0.0,0.0,0.0,25.0,1.5
2025-04-02T23:00:00+08:00,0.0,0.0,0.0,25.0,1.5
2025-04-03T00:00:00+08:00,0.0,0.0,0.0,25.0,1.5
2025-04-03T01:00:00+08:00,0.0,0.0,0.0,25.0,1.5
2025-04-03T02:00:00+08:00,0.0,0.0,0.0,25.0,1.5
2025-04-03T03:00:00+08:00,0.0,0.0,0.0,25.0,1.5
2025-04-03T04:00:00+08:00,0.0,0.0,0.0,25.0,1.5
2025-04-03T05:00:00+08:00,0.0,0.0,0.0,25.0,1.5
2025-04-03T06:00:00+08:00,33.8186,650.0,4.5091,25.0,1.5
2025-04-03T07:00:00+08:00,211.3743,650.0,28.1832,25.0,1.5
2025-04-03T08:00:00+08:00,376.2086,650.0,50.1612,25.0,1.5
2025-04-03T09:00:00+08:00,517.0884,650.0,68.9451,25.0,1.5
2025-04-03T10:00:00+08:00,624.4129,650.0,83.255,25.0,1.5
2025-04-03T11:00:00+08:00,690.8681,650.0,92.1157,25.0,1.5
2025-04-03T12:00:00+08:00,711.9252,650.0,94.9234,25.0,1.5
2025-04-03T13:00:00+08:00,686.1492,650.0,91.4866,25.0,1.5
2025-04-03T14:00:00+08:00,615.2967,650.0,82.0396,25.0,1.5
2025-04-03T15:00:00+08:00,504.1961,650.0,67.2262,25.0,1.5
2025-04-03T16:00:00+08:00,360.4189,650.0,48.0559,25.0,1.5
2025-04-03T17:00:00+08:00,193.7631,650.0,25.8351,25.0,1.5
2025-04-03T18:00:00+08:00,15.5862,650.0,2.0782,25.0,1.5
2025-04-03T19:00:00+08:00,0.0,0.0,0.0,25.0,1.5
2025-04-03T20:00:00+08:00,0.0,0.0,0.0,25.0,1.5
2025-04-03T21:00:00+08:00,0.0,0.0,0.0,25.0,1.5
2025-04-03T22:00:00+08:00,0.0,0.0,0.0,25.0,1.5
2025-04-03T23:00:00+08:00,0.0,0.0,0.0,25.0,1.5
2025-04-04T00:00:00+08:00,0.0,0.0,0.0,25.0,1.5
2025-04-04T01:00:00+08:00,0.0,0.0,0.0,25.0,1.5
2025-04-04T02:00:00+08:00,0.0,0.0,0.0,25.0,1.5
2025-04-04T03:00:00+08:00,0.0,0.0,0.0,25.0,1.5
2025-04-04T04:00:00+08:00,0.0,0.0,0.0,25.0,1.5
2025-04-04T05:00:00+08:00,0.0,0.0,0.0,25.0,1.5
2025-04-04T06:00:00+08:00,35.8331,650.0,4.7777,25.0,1.5
2025-04-04T07:00:00+08:00,213.2818,650.0,28.4376,25.0,1.5
2025-04-04T08:00:00+08:00,378.0168,650.0,50.4022,25.0,1.5
2025-04-04T09:00:00+08:00,518.8116,650.0,69.1749,25.0,1.5
2025-04-04T10:00:00+08:00,626.0714,650.0,83.4762,25.0,1.5
2025-04-04T11:00:00+08:00,692.4865,650.0,92.3315,25.0,1.5
2025-04-04T12:00:00+08:00,713.5309,650.0,95.1375,25.0,1.5
2025-04-04T13:00:00+08:00,687.7705,650.0,91.7027,25.0,1.5
2025-04-04T14:00:00+08:00,616.9607,650.0,82.2614,25.0,1.5
2025-04-04T15:00:00+08:00,505.9271,650.0,67.457,25.0,1.5
2025-04-04T16:00:00+08:00,362.2366,650.0,48.2982,25.0,1.5
2025-04-04T17:00:00+08:00,195.6813,650.0,26.0908,25.0,1.5
2025-04-04T18:00:00+08:00,17.6117,650.0,2.3482,25.0,1.5
2025-04-04T19:00:00+08:00,0.0,0.0,0.0,25.0,1.5
2025-04-04T20:00:00+08:00,0.0,0.0,0.0,25.0,1.5
2025-04-04T21:00:00+08:00,0.0,0.0,0.0,25.0,1.5
2025-04-04T22:00:00+08:00,0.0,0.0,0.0,25.0,1.5
2025-04-04T23:00:00+08:00,0.0,0.0,0.0,25.0,1.5
2025-04-05T00:00:00+08:00,0.0,0.0,0.0,25.0,1.5
2025-04-05T01:00:00+08:00,0.0,0.0,0.0,25.0,1.5
2025-04-05T02:00:00+08:00,0.0,0.0,0.0,25.0,1.5
2025-04-05T03:00:00+08:00,0.0,0.0,0.0,25.0,1.5
2025-04-05T04:00:00+08:00,0.0,0.0,0.0,25.0,1.5
2025-04-05T05:00:00+08:00,0.0,0.0,0.0,25.0,1.5
2025-04-05T06:00:00+08:00,37.8381,650.0,5.0451,25.0,1.5
2025-04-05T07:00:00+08:00,215.1718,650.0,28.6896,25.0,1.5
2025-04-05T08:00:00+08:00,379.8001,650.0,50.64,25.0,1.5
2025-04-05T09:00:00+08:00,520.5037,650.0,69.4005,25.0,1.5
2025-04-05T10:00:00+08:00,627.694,650.0,83.6925,25.0,1.5
2025-04-05T11:00:00+08:00,694.0661,650.0,92.5421,25.0,1.5
2025-04-05T12:00:00+08:00,715.0968,650.0,95.3462,25.0,1.5
2025-04-05T13:00:00+08:00,689.3531,650.0,91.9137,25.0,1.5
2025-04-05T14:00:00+08:00,618.5891,650.0,82.4786,25.0,1.5
2025-04-05T15:00:00+08:00,507.6275,650.0,67.6837,25.0,1.5
2025-04-05T16:00:00+08:00,364.0301,650.0,48.5373,25.0,1.5
2025-04-05T17:00:00+08:00,197.5827,650.0,26.3444,25.0,1.5
2025-04-05T18:00:00+08:00,19.6285,650.0,2.6171,25.0,1.5
2025-04-05T19:00:00+08:00,0.0,0.0,0.0,25.0,1.5
2025-04-05T20:00:00+08:00,0.0,0.0,0.0,25.0,1.5
2025-04-05T21:00:00+08:00,0.0,0.0,0.0,25.0,1.5
2025-04-05T22:00:00+08:00,0.0,0.0,0.0,25.0,1.5
2025-04-05T23:00:00+08:00,0.0,0.0,0.0,25.0,1.5
2025-04-06T00:00:00+08:00,0.0,0.0,0.0,25.0,1.5
2025-04-06T01:00:00+08:00,0.0,0.0,0.0,25.0,1.5
2025-04-06T02:00:00+08:00,0.0,0.0,0.0,25.0,1.5
2025-04-06T03:00:00+08:00,0.0,0.0,0.0,25.0,1.5
2025-04-06T04:00:00+08:00,0.0,0.0,0.0,25.0,1.5
2025-04-06T05:00:00+08:00,0.0,0.0,0.0,25.0,1.5
2025-04-06T06:00:00+08:00,39.8329,650.0,5.311,25.0,1.5
2025-04-06T07:00:00+08:00,217.0438,650.0,28.9392,25.0,1.5
2025-04-06T08:00:00+08:00,381.5581,650.0,50.8744,25.0,1.5
2025-04-06T09:00:00+08:00,522.1643,650.0,69.6219,25.0,1.5
2025-04-06T10:00:00+08:00,629.2803,650.0,83.904,25.0,1.5
2025-04-06T11:00:00+08:00,695.6065,650.0,92.7475,25.0,1.5
2025-04-06T12:00:00+08:00,716.6227,650.0,95.5497,25.0,1.5
2025-04-06T13:00:00+08:00,690.8968,650.0,92.1196,25.0,1.5
2025-04-06T14:00:00+08:00,620.1818,650.0,82.6909,25.0,1.5
2025-04-06T15:00:00+08:00,509.297,650.0,67.9063,25.0,1.5
2025-04-06T16:00:00+08:00,365.799,650.0,48.7732,25.0,1.5
2025-04-06T17:00:00+08:00,199.4668,650.0,26.5956,25.0,1.5
2025-04-06T18:00:00+08:00,21.6359,650.0,2.8848,25.0,1.5
2025-04-06T19:00:00+08:00,0.0,0.0,0.0,25.0,1.5
2025-04-06T20:00:00+08:00,0.0,0.0,0.0,25.0,1.5
2025-04-06T21:00:00+08:00,0.0,0.0,0.0,25.0,1.5
2025-04-06T22:00:00+08:00,0.0,0.0,0.0,25.0,1.5
2025-04-06T23:00:00+08:00,0.0,0.0,0.0,25.0,1.5
2025-04-07T00:00:00+08:00,0.0,0.0,0.0,25.0,1.5
2025-04-07T01:00:00+08:00,0.0,0.0,0.0,25.0,1.5
2025-04-07T02:00:00+08:00,0.0,0.0,0.0,25.0,1.5
2025-04-07T03:00:00+08:00,0.0,0.0,0.0,25.0,1.5
2025-04-07T04:00:00+08:00,0.0,0.0,0.0,25.0,1.5
2025-04-07T05:00:00+08:00,0.0,0.0,0.0,25.0,1.5
2025-04-07T06:00:00+08:00,41.8167,650.0,5.5756,25.0,1.5
2025-04-07T07:00:00+08:00,218.8972,650.0,29.1863,25.0,1.5
2025-04-07T08:00:00+08:00,383.2904,650.0,51.1054,25.0,1.5
2025-04-07T09:00:00+08:00,523.7932,650.0,69.8391,25.0,1.5
2025-04-07T10:00:00+08:00,630.8304,650.0,84.1107,25.0,1.5
2025-04-07T11:00:00+08:00,697.1077,650.0,92.9477,25.0,1.5
2025-04-07T12:00:00+08:00,718.1085,650.0,95.7478,25.0,1.5
2025-04-07T13:00:00+08:00,692.4015,650.0,92.3202,25.0,1.5
2025-04-07T14:00:00+08:00,621.7386,650.0,82.8985,25.0,1.5
2025-04-07T15:00:00+08:00,510.9354,650.0,68.1247,25.0,1.5
2025-04-07T16:00:00+08:00,367.543,650.0,49.0057,25.0,1.5
2025-04-07T17:00:00+08:00,201.3332,650.0,26.8444,25.0,1.5
2025-04-07T18:00:00+08:00,23.6331,650.0,3.1511,25.0,1.5
2025-04-07T19:00:00+08:00,0.0,0.0,0.0,25.0,1.5
2025-04-07T20:00:00+08:00,0.0,0.0,0.0,25.0,1.5
2025-04-07T21:00:00+08:00,0.0,0.0,0.0,25.0,1.5
2025-04-07T22:00:00+08:00,0.0,0.0,0.0,25.0,1.5
2025-04-07T23:00:00+08:00,0.0,0.0,0.0,25.0,1.5
2025-04-08T00:00:00+08:00,0.0,0.0,0.0,25.0,1.5
2025-04-08T01:00:00+08:00,0.0,0.0,0.0,25.0,1.5
2025-04-08T02:00:00+08:00,0.0,0.0,0.0,25.0,1.5
2025-04-08T03:00:00+08:00,0.0,0.0,0.0,25.0,1.5
2025-04-08T04:00:00+08:00,0.0,0.0,0.0,25.0,1.5
2025-04-08T05:00:00+08:00,0.0,0.0,0.0,25.0,1.5
2025-04-08T06:00:00+08:00,43.789,650.0,5.8385,25.0,1.5
2025-04-08T07:00:00+08:00,220.7317,650.0,29.4309,25.0,1.5
2025-04-08T08:00:00+08:00,384.9968,650.0,51.3329,25.0,1.5
2025-04-08T09:00:00+08:00,525.3901,650.0,70.052,25.0,1.5
2025-04-08T10:00:00+08:00,632.344,650.0,84.3125,25.0,1.5
2025-04-08T11:00:00+08:00,698.5697,650.0,93.1426,25.0,1.5
2025-04-08T12:00:00+08:00,719.5541,650.0,95.9406,25.0,1.5
2025-04-08T13:00:00+08:00,693.8671,650.0,92.5156,25.0,1.5
2025-04-08T14:00:00+08:00,623.2593,650.0,83.1012,25.0,1.5
2025-04-08T15:00:00+08:00,512.5424,650.0,68.339,25.0,1.5
2025-04-08T16:00:00+08:00,369.2616,650.0,49.2349,25.0,1.5
2025-04-08T17:00:00+08:00,203.1813,650.0,27.0908,25.0,1.5
2025-04-08T18:00:00+08:00,25.6196,650.0,3.4159,25.0,1.5
2025-04-08T19:00:00+08:00,0.0,0.0,0.0,25.0,1.5
2025-04-08T20:00:00+08:00,0.0,0.0,0.0,25.0,1.5
2025-04-08T21:00:00+08:00,0.0,0.0,0.0,25.0,1.5
2025-04-08T22:00:00+08:00,0.0,0.0,0.0,25.0,1.5
2025-04-08T23:00:00+08:00,0.0,0.0,0.0,25.0,1.5
2025-04-09T00:00:00+08:00,0.0,0.0,0.0,25.0,1.5
2025-04-09T01:00:00+08:00,0.0,0.0,0.0,25.0,1.5
2025-04-09T02:00:00+08:00,0.0,0.0,0.0,25.0,1.5
2025-04-09T03:00:00+08:00,0.0,0.0,0.0,25.0,1.5
2025-04-09T04:00:00+08:00,0.0,0.0,0.0,25.0,1.5
2025-04-09T05:00:00+08:00,0.0,0.0,0.0,25.0,1.5
2025-04-09T06:00:00+08:00,45.7492,650.0,6.0999,25.0,1.5
2025-04-09T07:00:00+08:00,222.5466,650.0,29.6729,25.0,1.5
2025-04-09T08:00:00+08:00,386.6769,650.0,51.5569,25.0,1.5
2025-04-09T09:00:00+08:00,526.955,650.0,70.2607,25.0,1.5
2025-04-09T10:00:00+08:00,633.8211,650.0,84.5095,25.0,1.5
2025-04-09T11:00:00+08:00,699.9925,650.0,93.3323,25.0,1.5
2025-04-09T12:00:00+08:00,720.9596,650.0,96.128,25.0,1.5
2025-04-09T13:00:00+08:00,695.2937,650.0,92.7058,25.0,1.5
2025-04-09T14:00:00+08:00,624.7438,650.0,83.2992,25.0,1.5
2025-04-09T15:00:00+08:00,514.1178,650.0,68.549,25.0,1.5
2025-04-09T16:00:00+08:00,370.9546,650.0,49.4606,25.0,1.5
2025-04-09T17:00:00+08:00,205.0106,650.0,27.3348,25.0,1.5
2025-04-09T18:00:00+08:00,27.5946,650.0,3.6793,25.0,1.5
2025-04-09T19:00:00+08:00,0.0,0.0,0.0,25.0,1.5
2025-04-09T20:00:00+08:00,0.0,0.0,0.0,25.0,1.5
2025-04-09T21:00:00+08:00,0.0,0.0,0.0,25.0,1.5
2025-04-09T22:00:00+08:00,0.0,0.0,0.0,25.0,1.5
2025-04-09T23:00:00+08:00,0.0,0.0,0.0,25.0,1.5
2025-04-10T00:00:00+08:00,0.0,0.0,0.0,25.0,1.5
2025-04-10T01:00:00+08:00,0.0,0.0,0.0,25.0,1.5
2025-04-10T02:00:00+08:00,0.0,0.0,0.0,25.0,1.5
2025-04-10T03:00:00+08:00,0.0,0.0,0.0,25.0,1.5
2025-04-10T04:00:00+08:00,0.0,0.0,0.0,25.0,1.5
2025-04-10T05:00:00+08:00,0.0,0.0,0.0,25.0,1.5
2025-04-10T06:00:00+08:00,47.6965,650.0,6.3595,25.0,1.5
2025-04-10T07:00:00+08:00,224.3415,650.0,29.9122,25.0,1.5
2025-04-10T08:00:00+08:00,388.3304,650.0,51.7774,25.0,1.5
2025-04-10T09:00:00+08:00,528.4876,650.0,70.465,25.0,1.5
2025-04-10T10:00:00+08:00,635.2616,650.0,84.7015,25.0,1.5
2025-04-10T11:00:00+08:00,701.376,650.0,93.5168,25.0,1.5
2025-04-10T12:00:00+08:00,722.3251,650.0,96.31,25.0,1.5
2025-04-10T13:00:00+08:00,696.6813,650.0,92.8908,25.0,1.5
2025-04-10T14:00:00+08:00,626.1922,650.0,83.4923,25.0,1.5
2025-04-10T15:00:00+08:00,515.6615,650.0,68.7549,25.0,1.5
2025-04-10T16:00:00+08:00,372.6217,650.0,49.6829,25.0,1.5
2025-04-10T17:00:00+08:00,206.8207,650.0,27.5761,25.0,1.5
2025-04-10T18:00:00+08:00,29.5576,650.0,3.941,25.0,1.5
2025-04-10T19:00:00+08:00,0.0,0.0,0.0,25.0,1.5
2025-04-10T20:00:00+08:00,0.0,0.0,0.0,25.0,1.5
2025-04-10T21:00:00+08:00,0.0,0.0,0.0,25.0,1.5
2025-04-10T22:00:00+08:00,0.0,0.0,0.0,25.0,1.5
2025-04-10T23:00:00+08:00,0.0,0.0,0.0,25.0,1.5
2025-04-11T00:00:00+08:00,0.0,0.0,0.0,25.0,1.5
2025-04-11T01:00:00+08:00,0.0,0.0,0.0,25.0,1.5
2025-04-11T02:00:00+08:00,0.0,0.0,0.0,25.0,1.5
2025-04-11T03:00:00+08:00,0.0,0.0,0.0,25.0,1.5
2025-04-11T04:00:00+08:00,0.0,0.0,0.0,25.0,1.5
2025-04-11T05:00:00+08:00,0.0,0.0,0.0,25.0,1.5
2025-04-11T06:00:00+08:00,49.6303,650.0,6.6174,25.0,1.5
2025-04-11T07:00:00+08:00,226.116,650.0,30.1488,25.0,1.5
2025-04-11T08:00:00+08:00,389.957,650.0,51.9943,25.0,1.5
2025-04-11T09:00:00+08:00,529.9878,650.0,70.665,25.0,1.5
2025-04-11T10:00:00+08:00,636.6655,650.0,84.8887,25.0,1.5
2025-04-11T11:00:00+08:00,702.7203,650.0,93.696,25.0,1.5
2025-04-11T12:00:00+08:00,723.6505,650.0,96.4867,25.0,1.5
2025-04-11T13:00:00+08:00,698.0298,650.0,93.0706,25.0,1.5
2025-04-11T14:00:00+08:00,627.6043,650.0,83.6806,25.0,1.5
2025-04-11T15:00:00+08:00,517.1733,650.0,68.9564,25.0,1.5
2025-04-11T16:00:00+08:00,374.2625,650.0,49.9017,25.0,1.5
2025-04-11T17:00:00+08:00,208.611,650.0,27.8148,25.0,1.5
2025-04-11T18:00:00+08:00,31.5078,650.0,4.201,25.0,1.5
2025-04-11T19:00:00+08:00,0.0,0.0,0.0,25.0,1.5
2025-04-11T20:00:00+08:00,0.0,0.0,0.0,25.0,1.5
2025-04-11T21:00:00+08:00,0.0,0.0,0.0,25.0,1.5
2025-04-11T22:00:00+08:00,0.0,0.0,0.0,25.0,1.5
2025-04-11T23:00:00+08:00,0.0,0.0,0.0,25.0,1.5
2025-04-12T00:00:00+08:00,0.0,0.0,0.0,25.0,1.5
2025-04-12T01:00:00+08:00,0.0,0.0,0.0,25.0,1.5
2025-04-12T02:00:00+08:00,0.0,0.0,0.0,25.0,1.5
2025-04-12T03:00:00+08:00,0.0,0.0,0.0,25.0,1.5
2025-04-12T04:00:00+08:00,0.0,0.0,0.0,25.0,1.5
2025-04-12T05:00:00+08:00,0.0,0.0,0.0,25.0,1.5
2025-04-12T06:00:00+08:00,51.5501,650.0,6.8733,25.0,1.5
2025-04-12T07:00:00+08:00,227.8697,650.0,30.3826,25.0,1.5
2025-04-12T08:00:00+08:00,391.5566,650.0,52.2075,25.0,1.5
2025-04-12T09:00:00+08:00,531.4556,650.0,70.8607,25.0,1.5
2025-04-12T10:00:00+08:00,638.0329,650.0,85.0711,25.0,1.5
2025-04-12T11:00:00+08:00,704.0255,650.0,93.8701,25.0,1.5
2025-04-12T12:00:00+08:00,724.936,650.0,96.6581,25.0,1.5
2025-04-12T13:00:00+08:00,699.3394,650.0,93.2453,25.0,1.5
2025-04-12T14:00:00+08:00,628.9802,650.0,83.864,25.0,1.5
2025-04-12T15:00:00+08:00,518.6531,650.0,69.1537,25.0,1.5
2025-04-12T16:00:00+08:00,375.8768,650.0,50.1169,25.0,1.5
2025-04-12T17:00:00+08:00,210.3812,650.0,28.0508,25.0,1.5
2025-04-12T18:00:00+08:00,33.4446,650.0,4.4593,25.0,1.5
2025-04-12T19:00:00+08:00,0.0,0.0,0.0,25.0,1.5
2025-04-12T20:00:00+08:00,0.0,0.0,0.0,25.0,1.5
2025-04-12T21:00:00+08:00,0.0,0.0,0.0,25.0,1.5
2025-04-12T22:00:00+08:00,0.0,0.0,0.0,25.0,1.5
2025-04-12T23:00:00+08:00,0.0,0.0,0.0,25.0,1.5
2025-04-13T00:00:00+08:00,0.0,0.0,0.0,25.0,1.5
2025-04-13T01:00:00+08:00,0.0,0.0,0.0,25.0,1.5
2025-04-13T02:00:00+08:00,0.0,0.0,0.0,25.0,1.5
2025-04-13T03:00:00+08:00,0.0,0.0,0.0,25.0,1.5
2025-04-13T04:00:00+08:00,0.0,0.0,0.0,25.0,1.5
2025-04-13T05:00:00+08:00,0.0,0.0,0.0,25.0,1.5
2025-04-13T06:00:00+08:00,53.4551,650.0,7.1274,25.0,1.5
2025-04-13T07:00:00+08:00,229.6022,650.0,30.6136,25.0,1.5
2025-04-13T08:00:00+08:00,393.1288,650.0,52.4172,25.0,1.5
2025-04-13T09:00:00+08:00,532.8908,650.0,71.0521,25.0,1.5
2025-04-13T10:00:00+08:00,639.3638,650.0,85.2485,25.0,1.5
2025-04-13T11:00:00+08:00,705.2918,650.0,94.0389,25.0,1.5
2025-04-13T12:00:00+08:00,726.1818,650.0,96.8242,25.0,1.5
2025-04-13T13:00:00+08:00,700.6103,650.0,93.4147,25.0,1.5
2025-04-13T14:00:00+08:00,630.3199,650.0,84.0427,25.0,1.5
2025-04-13T15:00:00+08:00,520.1009,650.0,69.3468,25.0,1.5
2025-04-13T16:00:00+08:00,377.4643,650.0,50.3286,25.0,1.5
2025-04-13T17:00:00+08:00,212.1308,650.0,28.2841,25.0,1.5
2025-04-13T18:00:00+08:00,35.3674,650.0,4.7157,25.0,1.5
2025-04-13T19:00:00+08:00,0.0,0.0,0.0,25.0,1.5
2025-04-13T20:00:00+08:00,0.0,0.0,0.0,25.0,1.5
2025-04-13T21:00:00+08:00,0.0,0.0,0.0,25.0,1.5
2025-04-13T22:00:00+08:00,0.0,0.0,0.0,25.0,1.5
2025-04-13T23:00:00+08:00,0.0,0.0,0.0,25.0,1.5
2025-04-14T00:00:00+08:00,0.0,0.0,0.0,25.0,1.5
2025-04-14T01:00:00+08:00,0.0,0.0,0.0,25.0,1.5
2025-04-14T02:00:00+08:00,0.0,0.0,0.0,25.0,1.5
2025-04-14T03:00:00+08:00,0.0,0.0,0.0,25.0,1.5
2025-04-14T04:00:00+08:00,0.0,0.0,0.0,25.0,1.5
2025-04-14T05:00:00+08:00,0.0,0.0,0.0,25.0,1.5
2025-04-14T06:00:00+08:00,55.3449,650.0,7.3793,25.0,1.5
2025-04-14T07:00:00+08:00,231.313,650.0,30.8417,25.0,1.5
2025-04-14T08:00:00+08:00,394.6734,650.0,52.6231,25.0,1.5
2025-04-14T09:00:00+08:00,534.2935,650.0,71.2391,25.0,1.5
2025-04-14T10:00:00+08:00,640.6583,650.0,85.4211,25.0,1.5
2025-04-14T11:00:00+08:00,706.5193,650.0,94.2026,25.0,1.5
2025-04-14T12:00:00+08:00,727.3881,650.0,96.9851,25.0,1.5
2025-04-14T13:00:00+08:00,701.8426,650.0,93.579,25.0,1.5
2025-04-14T14:00:00+08:00,631.6236,650.0,84.2165,25.0,1.5
2025-04-14T15:00:00+08:00,521.5165,650.0,69.5355,25.0,1.5
2025-04-14T16:00:00+08:00,379.0249,650.0,50.5367,25.0,1.5
2025-04-14T17:00:00+08:00,213.8593,650.0,28.5146,25.0,1.5
2025-04-14T18:00:00+08:00,37.2756,650.0,4.9701,25.0,1.5
2025-04-14T19:00:00+08:00,0.0,0.0,0.0,25.0,1.5
2025-04-14T20:00:00+08:00,0.0,0.0,0.0,25.0,1.5
2025-04-14T21:00:00+08:00,0.0,0.0,0.0,25.0,1.5
2025-04-14T22:00:00+08:00,0.0,0.0,0.0,25.0,1.5
2025-04-14T23:00:00+08:00,0.0,0.0,0.0,25.0,1.5
2025-04-15T00:00:00+08:00,0.0,0.0,0.0,25.0,1.5
2025-04-15T01:00:00+08:00,0.0,0.0,0.0,25.0,1.5
2025-04-15T02:00:00+08:00,0.0,0.0,0.0,25.0,1.5
2025-04-15T03:00:00+08:00,0.0,0.0,0.0,25.0,1.5
2025-04-15T04:00:00+08:00,0.0,0.0,0.0,25.0,1.5
2025-04-15T05:00:00+08:00,0.0,0.0,0.0,25.0,1.5
2025-04-15T06:00:00+08:00,57.2189,650.0,7.6292,25.0,1.5
2025-04-15T07:00:00+08:00,233.0018,650.0,31.0669,25.0,1.5
2025-04-15T08:00:00+08:00,396.1904,650.0,52.8254,25.0,1.5
2025-04-15T09:00:00+08:00,535.6636,650.0,71.4218,25.0,1.5
2025-04-15T10:00:00+08:00,641.9166,650.0,85.5889,25.0,1.5
2025-04-15T11:00:00+08:00,707.7083,650.0,94.3611,25.0,1.5
2025-04-15T12:00:00+08:00,728.5551,650.0,97.1407,25.0,1.5
2025-04-15T13:00:00+08:00,703.0365,650.0,93.7382,25.0,1.5
2025-04-15T14:00:00+08:00,632.8914,650.0,84.3855,25.0,1.5
2025-04-15T15:00:00+08:00,522.9001,650.0,69.72,25.0,1.5
2025-04-15T16:00:00+08:00,380.5584,650.0,50.7411,25.0,1.5
2025-04-15T17:00:00+08:00,215.5665,650.0,28.7422,25.0,1.5
2025-04-15T18:00:00+08:00,39.1685,650.0,5.2225,25.0,1.5
2025-04-15T19:00:00+08:00,0.0,0.0,0.0,25.0,1.5
2025-04-15T20:00:00+08:00,0.0,0.0,0.0,25.0,1.5
2025-04-15T21:00:00+08:00,0.0,0.0,0.0,25.0,1.5
2025-04-15T22:00:00+08:00,0.0,0.0,0.0,25.0,1.5
2025-04-15T23:00:00+08:00,0.0,0.0,0.0,25.0,1.5
2025-04-16T00:00:00+08:00,0.0,0.0,0.0,25.0,1.5
2025-04-16T01:00:00+08:00,0.0,0.0,0.0,25.0,1.5
2025-04-16T02:00:00+08:00,0.0,0.0,0.0,25.0,1.5
2025-04-16T03:00:00+08:00,0.0,0.0,0.0,25.0,1.5
2025-04-16T04:00:00+08:00,0.0,0.0,0.0,25.0,1.5
2025-04-16T05:00:00+08:00,0.0,0.0,0.0,25.0,1.5
2025-04-16T06:00:00+08:00,59.0763,650.0,7.8768,25.0,1.5
2025-04-16T07:00:00+08:00,234.6683,650.0,31.2891,25.0,1.5
2025-04-16T08:00:00+08:00,397.6796,650.0,53.0239,25.0,1.5
2025-04-16T09:00:00+08:00,537.0012,650.0,71.6002,25.0,1.5
2025-04-16T10:00:00+08:00,643.1387,650.0,85.7518,25.0,1.5
2025-04-16T11:00:00+08:00,708.8589,650.0,94.5145,25.0,1.5
2025-04-16T12:00:00+08:00,729.6832,650.0,97.2911,25.0,1.5
2025-04-16T13:00:00+08:00,704.1922,650.0,93.8923,25.0,1.5
2025-04-16T14:00:00+08:00,634.1234,650.0,84.5498,25.0,1.5
2025-04-16T15:00:00+08:00,524.2516,650.0,69.9002,25.0,1.5
2025-04-16T16:00:00+08:00,382.0645,650.0,50.9419,25.0,1.5
2025-04-16T17:00:00+08:00,217.2519,650.0,28.9669,25.0,1.5
2025-04-16T18:00:00+08:00,41.0455,650.0,5.4727,25.0,1.5
2025-04-16T19:00:00+08:00,0.0,0.0,0.0,25.0,1.5
2025-04-16T20:00:00+08:00,0.0,0.0,0.0,25.0,1.5
2025-04-16T21:00:00+08:00,0.0,0.0,0.0,25.0,1.5
2025-04-16T22:00:00+08:00,0.0,0.0,0.0,25.0,1.5
2025-04-16T23:00:00+08:00,0.0,0.0,0.0,25.0,1.5
2025-04-17T00:00:00+08:00,0.0,0.0,0.0,25.0,1.5
2025-04-17T01:00:00+08:00,0.0,0.0,0.0,25.0,1.5
2025-04-17T02:00:00+08:00,0.0,0.0,0.0,25.0,1.5
2025-04-17T03:00:00+08:00,0.0,0.0,0.0,25.0,1.5
2025-04-17T04:00:00+08:00,0.0,0.0,0.0,25.0,1.5
2025-04-17T05:00:00+08:00,0.0,0.0,0.0,25.0,1.5
2025-04-17T06:00:00+08:00,60.9167,650.0,8.1222,25.0,1.5
2025-04-17T07:00:00+08:00,236.3121,650.0,31.5083,25.0,1.5
2025-04-17T08:00:00+08:00,399.1408,650.0,53.2188,25.0,1.5
2025-04-17T09:00:00+08:00,538.3064,650.0,71.7742,25.0,1.5
2025-04-17T10:00:00+08:00,644.325,650.0,85.91,25.0,1.5
2025-04-17T11:00:00+08:00,709.9716,650.0,94.6629,25.0,1.5
2025-04-17T12:00:00+08:00,730.7725,650.0,97.4363,25.0,1.5
2025-04-17T13:00:00+08:00,705.3101,650.0,94.0414,25.0,1.5
2025-04-17T14:00:00+08:00,635.3197,650.0,84.7093,25.0,1.5
2025-04-17T15:00:00+08:00,525.571,650.0,70.0761,25.0,1.5
2025-04-17T16:00:00+08:00,383.5432,650.0,51.1391,25.0,1.5
2025-04-17T17:00:00+08:00,218.9152,650.0,29.1887,25.0,1.5
2025-04-17T18:00:00+08:00,42.9062,650.0,5.7208,25.0,1.5
2025-04-17T19:00:00+08:00,0.0,0.0,0.0,25.0,1.5
2025-04-17T20:00:00+08:00,0.0,0.0,0.0,25.0,1.5
2025-04-17T21:00:00+08:00,0.0,0.0,0.0,25.0,1.5
2025-04-17T22:00:00+08:00,0.0,0.0,0.0,25.0,1.5
2025-04-17T23:00:00+08:00,0.0,0.0,0.0,25.0,1.5
2025-04-18T00:00:00+08:00,0.0,0.0,0.0,25.0,1.5
2025-04-18T01:00:00+08:00,0.0,0.0,0.0,25.0,1.5
2025-04-18T02:00:00+08:00,0.0,0.0,0.0,25.0,1.5
2025-04-18T03:00:00+08:00,0.0,0.0,0.0,25.0,1.5
2025-04-18T04:00:00+08:00,0.0,0.0,0.0,25.0,1.5
2025-04-18T05:00:00+08:00,0.0,0.0,0.0,25.0,1.5
2025-04-18T06:00:00+08:00,62.7395,650.0,8.3653,25.0,1.5
2025-04-18T07:00:00+08:00,237.9328,650.0,31.7244,25.0,1.5
2025-04-18T08:00:00+08:00,400.5739,650.0,53.4099,25.0,1.5
2025-04-18T09:00:00+08:00,539.5792,650.0,71.9439,25.0,1.5
2025-04-18T10:00:00+08:00,645.4757,650.0,86.0634,25.0,1.5
2025-04-18T11:00:00+08:00,711.0466,650.0,94.8062,25.0,1.5
2025-04-18T12:00:00+08:00,731.8236,650.0,97.5765,25.0,1.5
2025-04-18T13:00:00+08:00,706.3905,650.0,94.1854,25.0,1.5
2025-04-18T14:00:00+08:00,636.4808,650.0,84.8641,25.0,1.5
2025-04-18T15:00:00+08:00,526.8585,650.0,70.2478,25.0,1.5
2025-04-18T16:00:00+08:00,384.9943,650.0,51.3326,25.0,1.5
2025-04-18T17:00:00+08:00,220.556,650.0,29.4075,25.0,1.5
2025-04-18T18:00:00+08:00,44.7497,650.0,5.9666,25.0,1.5
2025-04-18T19:00:00+08:00,0.0,0.0,0.0,25.0,1.5
2025-04-18T20:00:00+08:00,0.0,0.0,0.0,25.0,1.5
2025-04-18T21:00:00+08:00,0.0,0.0,0.0,25.0,1.5
2025-04-18T22:00:00+08:00,0.0,0.0,0.0,25.0,1.5
2025-04-18T23:00:00+08:00,0.0,0.0,0.0,25.0,1.5
2025-04-19T00:00:00+08:00,0.0,0.0,0.0,25.0,1.5
2025-04-19T01:00:00+08:00,0.0,0.0,0.0,25.0,1.5
2025-04-19T02:00:00+08:00,0.0,0.0,0.0,25.0,1.5
2025-04-19T03:00:00+08:00,0.0,0.0,0.0,25.0,1.5
2025-04-19T04:00:00+08:00,0.0,0.0,0.0,25.0,1.5
2025-04-19T05:00:00+08:00,0.0,0.0,0.0,25.0,1.5
2025-04-19T06:00:00+08:00,64.5442,650.0,8.6059,25.0,1.5
2025-04-19T07:00:00+08:00,239.5302,650.0,31.9374,25.0,1.5
2025-04-19T08:00:00+08:00,401.9789,650.0,53.5972,25.0,1.5
2025-04-19T09:00:00+08:00,540.8197,650.0,72.1093,25.0,1.5
2025-04-19T10:00:00+08:00,646.5909,650.0,86.2121,25.0,1.5
2025-04-19T11:00:00+08:00,712.0843,650.0,94.9446,25.0,1.5
2025-04-19T12:00:00+08:00,732.8367,650.0,97.7116,25.0,1.5
2025-04-19T13:00:00+08:00,707.4337,650.0,94.3245,25.0,1.5
2025-04-19T14:00:00+08:00,637.6067,650.0,85.0142,25.0,1.5
2025-04-19T15:00:00+08:00,528.1141,650.0,70.4152,25.0,1.5
2025-04-19T16:00:00+08:00,386.4177,650.0,51.5224,25.0,1.5
2025-04-19T17:00:00+08:00,222.1739,650.0,29.6232,25.0,1.5
2025-04-19T18:00:00+08:00,46.5757,650.0,6.2101,25.0,1.5
2025-04-19T19:00:00+08:00,0.0,0.0,0.0,25.0,1.5
2025-04-19T20:00:00+08:00,0.0,0.0,0.0,25.0,1.5
2025-04-19T21:00:00+08:00,0.0,0.0,0.0,25.0,1.5
2025-04-19T22:00:00+08:00,0.0,0.0,0.0,25.0,1.5
2025-04-19T23:00:00+08:00,0.0,0.0,0.0,25.0,1.5
2025-04-20T00:00:00+08:00,0.0,0.0,0.0,25.0,1.5
2025-04-20T01:00:00+08:00,0.0,0.0,0.0,25.0,1.5
2025-04-20T02:00:00+08:00,0.0,0.0,0.0,25.0,1.5
2025-04-20T03:00:00+08:00,0.0,0.0,0.0,25.0,1.5
2025-04-20T04:00:00+08:00,0.0,0.0,0.0,25.0,1.5
2025-04-20T05:00:00+08:00,0.0,0.0,0.0,25.0,1.5
2025-04-20T06:00:00+08:00,66.3302,650.0,8.844,25.0,1.5
2025-04-20T07:00:00+08:00,241.104,650.0,32.1472,25.0,1.5
2025-04-20T08:00:00+08:00,403.3557,650.0,53.7808,25.0,1.5
2025-04-20T09:00:00+08:00,542.0282,650.0,72.2704,25.0,1.5
2025-04-20T10:00:00+08:00,647.6711,650.0,86.3561,25.0,1.5
2025-04-20T11:00:00+08:00,713.0851,650.0,95.078,25.0,1.5
2025-04-20T12:00:00+08:00,733.8123,650.0,97.8416,25.0,1.5
2025-04-20T13:00:00+08:00,708.4401,650.0,94.4587,25.0,1.5
2025-04-20T14:00:00+08:00,638.6977,650.0,85.1597,25.0,1.5
2025-04-20T15:00:00+08:00,529.3379,650.0,70.5784,25.0,1.5
2025-04-20T16:00:00+08:00,387.8134,650.0,51.7085,25.0,1.5
2025-04-20T17:00:00+08:00,223.7688,650.0,29.8358,25.0,1.5
2025-04-20T18:00:00+08:00,48.3835,650.0,6.4511,25.0,1.5
2025-04-20T19:00:00+08:00,0.0,0.0,0.0,25.0,1.5
2025-04-20T20:00:00+08:00,0.0,0.0,0.0,25.0,1.5
2025-04-20T21:00:00+08:00,0.0,0.0,0.0,25.0,1.5
2025-04-20T22:00:00+08:00,0.0,0.0,0.0,25.0,1.5
2025-04-20T23:00:00+08:00,0.0,0.0,0.0,25.0,1.5
2025-04-21T00:00:00+08:00,0.0,0.0,0.0,25.0,1.5
2025-04-21T01:00:00+08:00,0.0,0.0,0.0,25.0,1.5
2025-04-21T02:00:00+08:00,0.0,0.0,0.0,25.0,1.5
2025-04-21T03:00:00+08:00,0.0,0.0,0.0,25.0,1.5
2025-04-21T04:00:00+08:00,0.0,0.0,0.0,25.0,1.5
2025-04-21T05:00:00+08:00,0.0,0.0,0.0,25.0,1.5
2025-04-21T06:00:00+08:00,68.097,650.0,9.0796,25.0,1.5
2025-04-21T07:00:00+08:00,242.6539,650.0,32.3539,25.0,1.5
2025-04-21T08:00:00+08:00,404.7043,650.0,53.9606,25.0,1.5
2025-04-21T09:00:00+08:00,543.2047,650.0,72.4273,25.0,1.5
2025-04-21T10:00:00+08:00,648.7165,650.0,86.4955,25.0,1.5
2025-04-21T11:00:00+08:00,714.0493,650.0,95.2066,25.0,1.5
2025-04-21T12:00:00+08:00,734.7508,650.0,97.9668,25.0,1.5
2025-04-21T13:00:00+08:00,709.4101,650.0,94.588,25.0,1.5
2025-04-21T14:00:00+08:00,639.7543,650.0,85.3006,25.0,1.5
2025-04-21T15:00:00+08:00,530.5302,650.0,70.7374,25.0,1.5
2025-04-21T16:00:00+08:00,389.1813,650.0,51.8908,25.0,1.5
2025-04-21T17:00:00+08:00,225.3402,650.0,30.0454,25.0,1.5
2025-04-21T18:00:00+08:00,50.1725,650.0,6.6897,25.0,1.5
2025-04-21T19:00:00+08:00,0.0,0.0,0.0,25.0,1.5
2025-04-21T20:00:00+08:00,0.0,0.0,0.0,25.0,1.5
2025-04-21T21:00:00+08:00,0.0,0.0,0.0,25.0,1.5
2025-04-21T22:00:00+08:00,0.0,0.0,0.0,25.0,1.5
2025-04-21T23:00:00+08:00,0.0,0.0,0.0,25.0,1.5
2025-04-22T00:00:00+08:00,0.0,0.0,0.0,25.0,1.5
2025-04-22T01:00:00+08:00,0.0,0.0,0.0,25.0,1.5
2025-04-22T02:00:00+08:00,0.0,0.0,0.0,25.0,1.5
2025-04-22T03:00:00+08:00,0.0,0.0,0.0,25.0,1.5
2025-04-22T04:00:00+08:00,0.0,0.0,0.0,25.0,1.5
2025-04-22T05:00:00+08:00,0.0,0.0,0.0,25.0,1.5
2025-04-22T06:00:00+08:00,69.8441,650.0,9.3125,25.0,1.5
2025-04-22T07:00:00+08:00,244.1797,650.0,32.5573,25.0,1.5
2025-04-22T08:00:00+08:00,406.0247,650.0,54.1366,25.0,1.5
2025-04-22T09:00:00+08:00,544.3495,650.0,72.5799,25.0,1.5
2025-04-22T10:00:00+08:00,649.7276,650.0,86.6303,25.0,1.5
2025-04-22T11:00:00+08:00,714.9775,650.0,95.3303,25.0,1.5
2025-04-22T12:00:00+08:00,735.6528,650.0,98.087,25.0,1.5
2025-04-22T13:00:00+08:00,710.3442,650.0,94.7126,25.0,1.5
2025-04-22T14:00:00+08:00,640.7767,650.0,85.4369,25.0,1.5
2025-04-22T15:00:00+08:00,531.691,650.0,70.8921,25.0,1.5
2025-04-22T16:00:00+08:00,390.5213,650.0,52.0695,25.0,1.5
2025-04-22T17:00:00+08:00,226.8879,650.0,30.2517,25.0,1.5
2025-04-22T18:00:00+08:00,51.9423,650.0,6.9256,25.0,1.5
2025-04-22T19:00:00+08:00,0.0,0.0,0.0,25.0,1.5
2025-04-22T20:00:00+08:00,0.0,0.0,0.0,25.0,1.5
2025-04-22T21:00:00+08:00,0.0,0.0,0.0,25.0,1.5
2025-04-22T22:00:00+08:00,0.0,0.0,0.0,25.0,1.5
2025-04-22T23:00:00+08:00,0.0,0.0,0.0,25.0,1.5
2025-04-23T00:00:00+08:00,0.0,0.0,0.0,25.0,1.5
2025-04-23T01:00:00+08:00,0.0,0.0,0.0,25.0,1.5
2025-04-23T02:00:00+08:00,0.0,0.0,0.0,25.0,1.5
2025-04-23T03:00:00+08:00,0.0,0.0,0.0,25.0,1.5
2025-04-23T04:00:00+08:00,0.0,0.0,0.0,25.0,1.5
2025-04-23T05:00:00+08:00,0.0,0.0,0.0,25.0,1.5
2025-04-23T06:00:00+08:00,71.5709,650.0,9.5428,25.0,1.5
2025-04-23T07:00:00+08:00,245.6811,650.0,32.7575,25.0,1.5
2025-04-23T08:00:00+08:00,407.3168,650.0,54.3089,25.0,1.5
2025-04-23T09:00:00+08:00,545.4628,650.0,72.7284,25.0,1.5
2025-04-23T10:00:00+08:00,650.7046,650.0,86.7606,25.0,1.5
2025-04-23T11:00:00+08:00,715.8702,650.0,95.4494,25.0,1.5
2025-04-23T12:00:00+08:00,736.5187,650.0,98.2025,25.0,1.5
2025-04-23T13:00:00+08:00,711.2429,650.0,94.8324,25.0,1.5
2025-04-23T14:00:00+08:00,641.7653,650.0,85.5687,25.0,1.5
2025-04-23T15:00:00+08:00,532.8207,650.0,71.0428,25.0,1.5
2025-04-23T16:00:00+08:00,391.8335,650.0,52.2445,25.0,1.5
2025-04-23T17:00:00+08:00,228.4117,650.0,30.4549,25.0,1.5
2025-04-23T18:00:00+08:00,53.6923,650.0,7.159,25.0,1.5
2025-04-23T19:00:00+08:00,0.0,0.0,0.0,25.0,1.5
2025-04-23T20:00:00+08:00,0.0,0.0,0.0,25.0,1.5
2025-04-23T21:00:00+08:00,0.0,0.0,0.0,25.0,1.5
2025-04-23T22:00:00+08:00,0.0,0.0,0.0,25.0,1.5
2025-04-23T23:00:00+08:00,0.0,0.0,0.0,25.0,1.5
2025-04-24T00:00:00+08:00,0.0,0.0,0.0,25.0,1.5
2025-04-24T01:00:00+08:00,0.0,0.0,0.0,25.0,1.5
2025-04-24T02:00:00+08:00,0.0,0.0,0.0,25.0,1.5
2025-04-24T03:00:00+08:00,0.0,0.0,0.0,25.0,1.5
2025-04-24T04:00:00+08:00,0.0,0.0,0.0,25.0,1.5
2025-04-24T05:00:00+08:00,0.0,0.0,0.0,25.0,1.5
2025-04-24T06:00:00+08:00,73.277,650.0,9.7703,25.0,1.5
2025-04-24T07:00:00+08:00,247.1579,650.0,32.9544,25.0,1.5
2025-04-24T08:00:00+08:00,408.5807,650.0,54.4774,25.0,1.5
2025-04-24T09:00:00+08:00,546.5448,650.0,72.8726,25.0,1.5
2025-04-24T10:00:00+08:00,651.648,650.0,86.8864,25.0,1.5
2025-04-24T11:00:00+08:00,716.7278,650.0,95.5637,25.0,1.5
2025-04-24T12:00:00+08:00,737.3491,650.0,98.3132,25.0,1.5
2025-04-24T13:00:00+08:00,712.1066,650.0,94.9475,25.0,1.5
2025-04-24T14:00:00+08:00,642.7205,650.0,85.6961,25.0,1.5
2025-04-24T15:00:00+08:00,533.9193,650.0,71.1892,25.0,1.5
2025-04-24T16:00:00+08:00,393.1178,650.0,52.4157,25.0,1.5
2025-04-24T17:00:00+08:00,229.9112,650.0,30.6548,25.0,1.5
2025-04-24T18:00:00+08:00,55.4219,650.0,7.3896,25.0,1.5
2025-04-24T19:00:00+08:00,0.0,0.0,0.0,25.0,1.5
2025-04-24T20:00:00+08:00,0.0,0.0,0.0,25.0,1.5
2025-04-24T21:00:00+08:00,0.0,0.0,0.0,25.0,1.5
2025-04-24T22:00:00+08:00,0.0,0.0,0.0,25.0,1.5
2025-04-24T23:00:00+08:00,0.0,0.0,0.0,25.0,1.5
2025-04-25T00:00:00+08:00,0.0,0.0,0.0,25.0,1.5
2025-04-25T01:00:00+08:00,0.0,0.0,0.0,25.0,1.5
2025-04-25T02:00:00+08:00,0.0,0.0,0.0,25.0,1.5
2025-04-25T03:00:00+08:00,0.0,0.0,0.0,25.0,1.5
2025-04-25T04:00:00+08:00,0.0,0.0,0.0,25.0,1.5
2025-04-25T05:00:00+08:00,0.0,0.0,0.0,25.0,1.5
2025-04-25T06:00:00+08:00,74.9619,650.0,9.9949,25.0,1.5
2025-04-25T07:00:00+08:00,248.6099,650.0,33.148,25.0,1.5
2025-04-25T08:00:00+08:00,409.8165,650.0,54.6422,25.0,1.5
2025-04-25T09:00:00+08:00,547.5958,650.0,73.0128,25.0,1.5
2025-04-25T10:00:00+08:00,652.5582,650.0,87.0078,25.0,1.5
2025-04-25T11:00:00+08:00,717.5509,650.0,95.6735,25.0,1.5
2025-04-25T12:00:00+08:00,738.1445,650.0,98.4193,25.0,1.5
2025-04-25T13:00:00+08:00,712.9358,650.0,95.0581,25.0,1.5
2025-04-25T14:00:00+08:00,643.6427,650.0,85.819,25.0,1.5
2025-04-25T15:00:00+08:00,534.9873,650.0,71.3316,25.0,1.5
2025-04-25T16:00:00+08:00,394.3743,650.0,52.5832,25.0,1.5
2025-04-25T17:00:00+08:00,231.3863,650.0,30.8515,25.0,1.5
2025-04-25T18:00:00+08:00,57.1307,650.0,7.6174,25.0,1.5
2025-04-25T19:00:00+08:00,0.0,0.0,0.0,25.0,1.5
2025-04-25T20:00:00+08:00,0.0,0.0,0.0,25.0,1.5
2025-04-25T21:00:00+08:00,0.0,0.0,0.0,25.0,1.5
2025-04-25T22:00:00+08:00,0.0,0.0,0.0,25.0,1.5
2025-04-25T23:00:00+08:00,0.0,0.0,0.0,25.0,1.5
2025-04-26T00:00:00+08:00,0.0,0.0,0.0,25.0,1.5
2025-04-26T01:00:00+08:00,0.0,0.0,0.0,25.0,1.5
2025-04-26T02:00:00+08:00,0.0,0.0,0.0,25.0,1.5
2025-04-26T03:00:00+08:00,0.0,0.0,0.0,25.0,1.5
2025-04-26T04:00:00+08:00,0.0,0.0,0.0,25.0,1.5
2025-04-26T05:00:00+08:00,0.0,0.0,0.0,25.0,1.5
2025-04-26T06:00:00+08:00,76.6251,650.0,10.2167,25.0,1.5
2025-04-26T07:00:00+08:00,250.0369,650.0,33.3383,25.0,1.5
2025-04-26T08:00:00+08:00,411.0243,650.0,54.8032,25.0,1.5
2025-04-26T09:00:00+08:00,548.6161,650.0,73.1488,25.0,1.5
2025-04-26T10:00:00+08:00,653.4358,650.0,87.1248,25.0,1.5
2025-04-26T11:00:00+08:00,718.34,650.0,95.7787,25.0,1.5
2025-04-26T12:00:00+08:00,738.9057,650.0,98.5208,25.0,1.5
2025-04-26T13:00:00+08:00,713.7313,650.0,95.1642,25.0,1.5
2025-04-26T14:00:00+08:00,644.5323,650.0,85.9376,25.0,1.5
2025-04-26T15:00:00+08:00,536.0247,650.0,71.47,25.0,1.5
2025-04-26T16:00:00+08:00,395.603,650.0,52.7471,25.0,1.5
2025-04-26T17:00:00+08:00,232.8368,650.0,31.0449,25.0,1.5
2025-04-26T18:00:00+08:00,58.8182,650.0,7.8424,25.0,1.5
2025-04-26T19:00:00+08:00,0.0,0.0,0.0,25.0,1.5
2025-04-26T20:00:00+08:00,0.0,0.0,0.0,25.0,1.5
2025-04-26T21:00:00+08:00,0.0,0.0,0.0,25.0,1.5
2025-04-26T22:00:00+08:00,0.0,0.0,0.0,25.0,1.5
2025-04-26T23:00:00+08:00,0.0,0.0,0.0,25.0,1.5
2025-04-27T00:00:00+08:00,0.0,0.0,0.0,25.0,1.5
2025-04-27T01:00:00+08:00,0.0,0.0,0.0,25.0,1.5
2025-04-27T02:00:00+08:00,0.0,0.0,0.0,25.0,1.5
2025-04-27T03:00:00+08:00,0.0,0.0,0.0,25.0,1.5
2025-04-27T04:00:00+08:00,0.0,0.0,0.0,25.0,1.5
2025-04-27T05:00:00+08:00,0.0,0.0,0.0,25.0,1.5
2025-04-27T06:00:00+08:00,78.2661,650.0,10.4355,25.0,1.5
2025-04-27T07:00:00+08:00,251.4387,650.0,33.5252,25.0,1.5
2025-04-27T08:00:00+08:00,412.204,650.0,54.9605,25.0,1.5
2025-04-27T09:00:00+08:00,549.606,650.0,73.2808,25.0,1.5
2025-04-27T10:00:00+08:00,654.2811,650.0,87.2375,25.0,1.5
2025-04-27T11:00:00+08:00,719.0958,650.0,95.8794,25.0,1.5
2025-04-27T12:00:00+08:00,739.6331,650.0,98.6177,25.0,1.5
2025-04-27T13:00:00+08:00,714.4934,650.0,95.2658,25.0,1.5
2025-04-27T14:00:00+08:00,645.39,650.0,86.052,25.0,1.5
2025-04-27T15:00:00+08:00,537.032,650.0,71.6043,25.0,1.5
2025-04-27T16:00:00+08:00,396.8041,650.0,52.9072,25.0,1.5
2025-04-27T17:00:00+08:00,234.2623,650.0,31.235,25.0,1.5
2025-04-27T18:00:00+08:00,60.4838,650.0,8.0645,25.0,1.5
2025-04-27T19:00:00+08:00,0.0,0.0,0.0,25.0,1.5
2025-04-27T20:00:00+08:00,0.0,0.0,0.0,25.0,1.5
2025-04-27T21:00:00+08:00,0.0,0.0,0.0,25.0,1.5
2025-04-27T22:00:00+08:00,0.0,0.0,0.0,25.0,1.5
2025-04-27T23:00:00+08:00,0.0,0.0,0.0,25.0,1.5
2025-04-28T00:00:00+08:00,0.0,0.0,0.0,25.0,1.5
2025-04-28T01:00:00+08:00,0.0,0.0,0.0,25.0,1.5
2025-04-28T02:00:00+08:00,0.0,0.0,0.0,25.0,1.5
2025-04-28T03:00:00+08:00,0.0,0.0,0.0,25.0,1.5
2025-04-28T04:00:00+08:00,0.0,0.0,0.0,25.0,1.5
2025-04-28T05:00:00+08:00,0.0,0.0,0.0,25.0,1.5
2025-04-28T06:00:00+08:00,79.8846,650.0,10.6513,25.0,1.5
2025-04-28T07:00:00+08:00,252.8152,650.0,33.7087,25.0,1.5
2025-04-28T08:00:00+08:00,413.3559,650.0,55.1141,25.0,1.5
2025-04-28T09:00:00+08:00,550.5659,650.0,73.4088,25.0,1.5
2025-04-28T10:00:00+08:00,655.0948,650.0,87.346,25.0,1.5
2025-04-28T11:00:00+08:00,719.8189,650.0,95.9759,25.0,1.5
2025-04-28T12:00:00+08:00,740.3275,650.0,98.7103,25.0,1.5
2025-04-28T13:00:00+08:00,715.2229,650.0,95.3631,25.0,1.5
2025-04-28T14:00:00+08:00,646.216,650.0,86.1621,25.0,1.5
2025-04-28T15:00:00+08:00,538.0095,650.0,71.7346,25.0,1.5
2025-04-28T16:00:00+08:00,397.9774,650.0,53.0637,25.0,1.5
2025-04-28T17:00:00+08:00,235.6628,650.0,31.4217,25.0,1.5
2025-04-28T18:00:00+08:00,62.1271,650.0,8.2836,25.0,1.5
2025-04-28T19:00:00+08:00,0.0,0.0,0.0,25.0,1.5
2025-04-28T20:00:00+08:00,0.0,0.0,0.0,25.0,1.5
2025-04-28T21:00:00+08:00,0.0,0.0,0.0,25.0,1.5
2025-04-28T22:00:00+08:00,0.0,0.0,0.0,25.0,1.5
2025-04-28T23:00:00+08:00,0.0,0.0,0.0,25.0,1.5
2025-04-29T00:00:00+08:00,0.0,0.0,0.0,25.0,1.5
2025-04-29T01:00:00+08:00,0.0,0.0,0.0,25.0,1.5
2025-04-29T02:00:00+08:00,0.0,0.0,0.0,25.0,1.5
2025-04-29T03:00:00+08:00,0.0,0.0,0.0,25.0,1.5
2025-04-29T04:00:00+08:00,0.0,0.0,0.0,25.0,1.5
2025-04-29T05:00:00+08:00,0.0,0.0,0.0,25.0,1.5
2025-04-29T06:00:00+08:00,81.48,650.0,10.864,25.0,1.5
2025-04-29T07:00:00+08:00,254.1662,650.0,33.8888,25.0,1.5
2025-04-29T08:00:00+08:00,414.48,650.0,55.264,25.0,1.5
2025-04-29T09:00:00+08:00,551.4961,650.0,73.5328,25.0,1.5
2025-04-29T10:00:00+08:00,655.8772,650.0,87.4503,25.0,1.5
2025-04-29T11:00:00+08:00,720.5099,650.0,96.068,25.0,1.5
2025-04-29T12:00:00+08:00,740.9895,650.0,98.7986,25.0,1.5
2025-04-29T13:00:00+08:00,715.9204,650.0,95.4561,25.0,1.5
2025-04-29T14:00:00+08:00,647.011,650.0,86.2681,25.0,1.5
2025-04-29T15:00:00+08:00,538.9574,650.0,71.861,25.0,1.5
2025-04-29T16:00:00+08:00,399.1233,650.0,53.2164,25.0,1.5
2025-04-29T17:00:00+08:00,237.0381,650.0,31.6051,25.0,1.5
2025-04-29T18:00:00+08:00,63.7476,650.0,8.4997,25.0,1.5
2025-04-29T19:00:00+08:00,0.0,0.0,0.0,25.0,1.5
2025-04-29T20:00:00+08:00,0.0,0.0,0.0,25.0,1.5
2025-04-29T21:00:00+08:00,0.0,0.0,0.0,25.0,1.5
2025-04-29T22:00:00+08:00,0.0,0.0,0.0,25.0,1.5
2025-04-29T23:00:00+08:00,0.0,0.0,0.0,25.0,1.5
2025-04-30T00:00:00+08:00,0.0,0.0,0.0,25.0,1.5
2025-04-30T01:00:00+08:00,0.0,0.0,0.0,25.0,1.5
2025-04-30T02:00:00+08:00,0.0,0.0,0.0,25.0,1.5
2025-04-30T03:00:00+08:00,0.0,0.0,0.0,25.0,1.5
2025-04-30T04:00:00+08:00,0.0,0.0,0.0,25.0,1.5
2025-04-30T05:00:00+08:00,0.0,0.0,0.0,25.0,1.5
2025-04-30T06:00:00+08:00,83.052,650.0,11.0736,25.0,1.5
2025-04-30T07:00:00+08:00,255.4917,650.0,34.0656,25.0,1.5
2025-04-30T08:00:00+08:00,415.5765,650.0,55.4102,25.0,1.5
2025-04-30T09:00:00+08:00,552.397,650.0,73.6529,25.0,1.5
2025-04-30T10:00:00+08:00,656.629,650.0,87.5505,25.0,1.5
2025-04-30T11:00:00+08:00,721.1694,650.0,96.1559,25.0,1.5
2025-04-30T12:00:00+08:00,741.6198,650.0,98.8826,25.0,1.5
2025-04-30T13:00:00+08:00,716.5865,650.0,95.5449,25.0,1.5
2025-04-30T14:00:00+08:00,647.7755,650.0,86.3701,25.0,1.5
2025-04-30T15:00:00+08:00,539.8762,650.0,71.9835,25.0,1.5
2025-04-30T16:00:00+08:00,400.2417,650.0,53.3656,25.0,1.5
2025-04-30T17:00:00+08:00,238.3879,650.0,31.7851,25.0,1.5
2025-04-30T18:00:00+08:00,65.3449,650.0,8.7127,25.0,1.5
2025-04-30T19:00:00+08:00,0.0,0.0,0.0,25.0,1.5
2025-04-30T20:00:00+08:00,0.0,0.0,0.0,25.0,1.5
2025-04-30T21:00:00+08:00,0.0,0.0,0.0,25.0,1.5
2025-04-30T22:00:00+08:00,0.0,0.0,0.0,25.0,1.5
2025-04-30T23:00:00+08:00,0.0,0.0,0.0,25.0,1.5
2025-05-01T00:00:00+08:00,0.0,0.0,0.0,25.0,1.5
2025-05-01T01:00:00+08:00,0.0,0.0,0.0,25.0,1.5
2025-05-01T02:00:00+08:00,0.0,0.0,0.0,25.0,1.5
2025-05-01T03:00:00+08:00,0.0,0.0,0.0,25.0,1.5
2025-05-01T04:00:00+08:00,0.0,0.0,0.0,25.0,1.5
2025-05-01T05:00:00+08:00,0.0,0.0,0.0,25.0,1.5
2025-05-01T06:00:00+08:00,84.6001,650.0,11.28,25.0,1.5
2025-05-01T07:00:00+08:00,256.7913,650.0,34.2388,25.0,1.5
2025-05-01T08:00:00+08:00,416.6455,650.0,55.5527,25.0,1.5
2025-05-01T09:00:00+08:00,553.2689,650.0,73.7692,25.0,1.5
2025-05-01T10:00:00+08:00,657.3508,650.0,87.6468,25.0,1.5
2025-05-01T11:00:00+08:00,721.7982,650.0,96.2398,25.0,1.5
2025-05-01T12:00:00+08:00,742.2191,650.0,98.9625,25.0,1.5
2025-05-01T13:00:00+08:00,717.2219,650.0,95.6296,25.0,1.5
2025-05-01T14:00:00+08:00,648.51,650.0,86.468,25.0,1.5
2025-05-01T15:00:00+08:00,540.7662,650.0,72.1022,25.0,1.5
2025-05-01T16:00:00+08:00,401.3329,650.0,53.511,25.0,1.5
2025-05-01T17:00:00+08:00,239.7123,650.0,31.9616,25.0,1.5
2025-05-01T18:00:00+08:00,66.9186,650.0,8.9225,25.0,1.5
2025-05-01T19:00:00+08:00,0.0,0.0,0.0,25.0,1.5
2025-05-01T20:00:00+08:00,0.0,0.0,0.0,25.0,1.5
2025-05-01T21:00:00+08:00,0.0,0.0,0.0,25.0,1.5
2025-05-01T22:00:00+08:00,0.0,0.0,0.0,25.0,1.5
2025-05-01T23:00:00+08:00,0.0,0.0,0.0,25.0,1.5
2025-05-02T00:00:00+08:00,0.0,0.0,0.0,25.0,1.5
2025-05-02T01:00:00+08:00,0.0,0.0,0.0,25.0,1.5
2025-05-02T02:00:00+08:00,0.0,0.0,0.0,25.0,1.5
2025-05-02T03:00:00+08:00,0.0,0.0,0.0,25.0,1.5
2025-05-02T04:00:00+08:00,0.0,0.0,0.0,25.0,1.5
2025-05-02T05:00:00+08:00,0.0,0.0,0.0,25.0,1.5
2025-05-02T06:00:00+08:00,86.124,650.0,11.4832,25.0,1.5
2025-05-02T07:00:00+08:00,258.0652,650.0,34.4087,25.0,1.5
2025-05-02T08:00:00+08:00,417.6873,650.0,55.6916,25.0,1.5
2025-05-02T09:00:00+08:00,554.1123,650.0,73.8816,25.0,1.5
2025-05-02T10:00:00+08:00,658.0431,650.0,87.7391,25.0,1.5
2025-05-02T11:00:00+08:00,722.3969,650.0,96.3196,25.0,1.5
2025-05-02T12:00:00+08:00,742.7882,650.0,99.0384,25.0,1.5
2025-05-02T13:00:00+08:00,717.8272,650.0,95.7103,25.0,1.5
2025-05-02T14:00:00+08:00,649.2152,650.0,86.562,25.0,1.5
2025-05-02T15:00:00+08:00,541.6277,650.0,72.217,25.0,1.5
2025-05-02T16:00:00+08:00,402.3969,650.0,53.6529,25.0,1.5
2025-05-02T17:00:00+08:00,241.0109,650.0,32.1348,25.0,1.5
2025-05-02T18:00:00+08:00,68.4681,650.0,9.1291,25.0,1.5
2025-05-02T19:00:00+08:00,0.0,0.0,0.0,25.0,1.5
2025-05-02T20:00:00+08:00,0.0,0.0,0.0,25.0,1.5
2025-05-02T21:00:00+08:00,0.0,0.0,0.0,25.0,1.5
2025-05-02T22:00:00+08:00,0.0,0.0,0.0,25.0,1.5
2025-05-02T23:00:00+08:00,0.0,0.0,0.0,25.0,1.5
2025-05-03T00:00:00+08:00,0.0,0.0,0.0,25.0,1.5
2025-05-03T01:00:00+08:00,0.0,0.0,0.0,25.0,1.5
2025-05-03T02:00:00+08:00,0.0,0.0,0.0,25.0,1.5
2025-05-03T03:00:00+08:00,0.0,0.0,0.0,25.0,1.5
2025-05-03T04:00:00+08:00,0.0,0.0,0.0,25.0,1.5
2025-05-03T05:00:00+08:00,0.0,0.0,0.0,25.0,1.5
2025-05-03T06:00:00+08:00,87.6232,650.0,11.6831,25.0,1.5
2025-05-03T07:00:00+08:00,259.3131,650.0,34.5751,25.0,1.5
2025-05-03T08:00:00+08:00,418.702,650.0,55.8269,25.0,1.5
2025-05-03T09:00:00+08:00,554.9277,650.0,73.9904,25.0,1.5
2025-05-03T10:00:00+08:00,658.7065,650.0,87.8275,25.0,1.5
2025-05-03T11:00:00+08:00,722.9663,650.0,96.3955,25.0,1.5
2025-05-03T12:00:00+08:00,743.3278,650.0,99.1104,25.0,1.5
2025-05-03T13:00:00+08:00,718.4033,650.0,95.7871,25.0,1.5
2025-05-03T14:00:00+08:00,649.8915,650.0,86.6522,25.0,1.5
2025-05-03T15:00:00+08:00,542.4613,650.0,72.3282,25.0,1.5
2025-05-03T16:00:00+08:00,403.4339,650.0,53.7912,25.0,1.5
2025-05-03T17:00:00+08:00,242.2838,650.0,32.3045,25.0,1.5
2025-05-03T18:00:00+08:00,69.9931,650.0,9.3324,25.0,1.5
2025-05-03T19:00:00+08:00,0.0,0.0,0.0,25.0,1.5
2025-05-03T20:00:00+08:00,0.0,0.0,0.0,25.0,1.5
2025-05-03T21:00:00+08:00,0.0,0.0,0.0,25.0,1.5
2025-05-03T22:00:00+08:00,0.0,0.0,0.0,25.0,1.5
2025-05-03T23:00:00+08:00,0.0,0.0,0.0,25.0,1.5
2025-05-04T00:00:00+08:00,0.0,0.0,0.0,25.0,1.5
2025-05-04T01:00:00+08:00,0.0,0.0,0.0,25.0,1.5
2025-05-04T02:00:00+08:00,0.0,0.0,0.0,25.0,1.5
2025-05-04T03:00:00+08:00,0.0,0.0,0.0,25.0,1.5
2025-05-04T04:00:00+08:00,0.0,0.0,0.0,25.0,1.5
2025-05-04T05:00:00+08:00,0.0,0.0,0.0,25.0,1.5
2025-05-04T06:00:00+08:00,89.0974,650.0,11.8796,25.0,1.5
2025-05-04T07:00:00+08:00,260.5351,650.0,34.738,25.0,1.5
2025-05-04T08:00:00+08:00,419.6898,650.0,55.9586,25.0,1.5
2025-05-04T09:00:00+08:00,555.7153,650.0,74.0954,25.0,1.5
2025-05-04T10:00:00+08:00,659.3417,650.0,87.9122,25.0,1.5
2025-05-04T11:00:00+08:00,723.5071,650.0,96.4676,25.0,1.5
2025-05-04T12:00:00+08:00,743.8387,650.0,99.1785,25.0,1.5
2025-05-04T13:00:00+08:00,718.9508,650.0,95.8601,25.0,1.5
2025-05-04T14:00:00+08:00,650.5396,650.0,86.7386,25.0,1.5
2025-05-04T15:00:00+08:00,543.2673,650.0,72.4356,25.0,1.5
2025-05-04T16:00:00+08:00,404.4441,650.0,53.9259,25.0,1.5
2025-05-04T17:00:00+08:00,243.5308,650.0,32.4708,25.0,1.5
2025-05-04T18:00:00+08:00,71.4932,650.0,9.5324,25.0,1.5
2025-05-04T19:00:00+08:00,0.0,0.0,0.0,25.0,1.5
2025-05-04T20:00:00+08:00,0.0,0.0,0.0,25.0,1.5
2025-05-04T21:00:00+08:00,0.0,0.0,0.0,25.0,1.5
2025-05-04T22:00:00+08:00,0.0,0.0,0.0,25.0,1.5
2025-05-04T23:00:00+08:00,0.0,0.0,0.0,25.0,1.5
2025-05-05T00:00:00+08:00,0.0,0.0,0.0,25.0,1.5
2025-05-05T01:00:00+08:00,0.0,0.0,0.0,25.0,1.5
2025-05-05T02:00:00+08:00,0.0,0.0,0.0,25.0,1.5
2025-05-05T03:00:00+08:00,0.0,0.0,0.0,25.0,1.5
2025-05-05T04:00:00+08:00,0.0,0.0,0.0,25.0,1.5
2025-05-05T05:00:00+08:00,0.0,0.0,0.0,25.0,1.5
2025-05-05T06:00:00+08:00,90.5461,650.0,12.0728,25.0,1.5
2025-05-05T07:00:00+08:00,261.731,650.0,34.8975,25.0,1.5
2025-05-05T08:00:00+08:00,420.6509,650.0,56.0868,25.0,1.5
2025-05-05T09:00:00+08:00,556.4758,650.0,74.1968,25.0,1.5
2025-05-05T10:00:00+08:00,659.9493,650.0,87.9932,25.0,1.5
2025-05-05T11:00:00+08:00,724.02,650.0,96.536,25.0,1.5
2025-05-05T12:00:00+08:00,744.3216,650.0,99.2429,25.0,1.5
2025-05-05T13:00:00+08:00,719.4705,650.0,95.9294,25.0,1.5
2025-05-05T14:00:00+08:00,651.1602,650.0,86.8214,25.0,1.5
2025-05-05T15:00:00+08:00,544.0461,650.0,72.5395,25.0,1.5
2025-05-05T16:00:00+08:00,405.4277,650.0,54.057,25.0,1.5
2025-05-05T17:00:00+08:00,244.7517,650.0,32.6336,25.0,1.5
2025-05-05T18:00:00+08:00,72.9679,650.0,9.7291,25.0,1.5
2025-05-05T19:00:00+08:00,0.0,0.0,0.0,25.0,1.5
2025-05-05T20:00:00+08:00,0.0,0.0,0.0,25.0,1.5
2025-05-05T21:00:00+08:00,0.0,0.0,0.0,25.0,1.5
2025-05-05T22:00:00+08:00,0.0,0.0,0.0,25.0,1.5
2025-05-05T23:00:00+08:00,0.0,0.0,0.0,25.0,1.5
2025-05-06T00:00:00+08:00,0.0,0.0,0.0,25.0,1.5
2025-05-06T01:00:00+08:00,0.0,0.0,0.0,25.0,1.5
2025-05-06T02:00:00+08:00,0.0,0.0,0.0,25.0,1.5
2025-05-06T03:00:00+08:00,0.0,0.0,0.0,25.0,1.5
2025-05-06T04:00:00+08:00,0.0,0.0,0.0,25.0,1.5
2025-05-06T05:00:00+08:00,0.0,0.0,0.0,25.0,1.5
2025-05-06T06:00:00+08:00,91.9692,650.0,12.2626,25.0,1.5
2025-05-06T07:00:00+08:00,262.9008,650.0,35.0534,25.0,1.5
2025-05-06T08:00:00+08:00,421.5856,650.0,56.2114,25.0,1.5
2025-05-06T09:00:00+08:00,557.2095,650.0,74.2946,25.0,1.5
2025-05-06T10:00:00+08:00,660.5299,650.0,88.0707,25.0,1.5
2025-05-06T11:00:00+08:00,724.5059,650.0,96.6008,25.0,1.5
2025-05-06T12:00:00+08:00,744.7774,650.0,99.3037,25.0,1.5
2025-05-06T13:00:00+08:00,719.963,650.0,95.9951,25.0,1.5
2025-05-06T14:00:00+08:00,651.7538,650.0,86.9005,25.0,1.5
2025-05-06T15:00:00+08:00,544.7982,650.0,72.6398,25.0,1.5
2025-05-06T16:00:00+08:00,406.3849,650.0,54.1847,25.0,1.5
2025-05-06T17:00:00+08:00,245.9466,650.0,32.7929,25.0,1.5
2025-05-06T18:00:00+08:00,74.417,650.0,9.9223,25.0,1.5
2025-05-06T19:00:00+08:00,0.0,0.0,0.0,25.0,1.5
2025-05-06T20:00:00+08:00,0.0,0.0,0.0,25.0,1.5
2025-05-06T21:00:00+08:00,0.0,0.0,0.0,25.0,1.5
2025-05-06T22:00:00+08:00,0.0,0.0,0.0,25.0,1.5
2025-05-06T23:00:00+08:00,0.0,0.0,0.0,25.0,1.5
2025-05-07T00:00:00+08:00,0.0,0.0,0.0,25.0,1.5
2025-05-07T01:00:00+08:00,0.0,0.0,0.0,25.0,1.5
2025-05-07T02:00:00+08:00,0.0,0.0,0.0,25.0,1.5
2025-05-07T03:00:00+08:00,0.0,0.0,0.0,25.0,1.5
2025-05-07T04:00:00+08:00,0.0,0.0,0.0,25.0,1.5
2025-05-07T05:00:00+08:00,0.0,0.0,0.0,25.0,1.5
2025-05-07T06:00:00+08:00,93.3661,650.0,12.4488,25.0,1.5
2025-05-07T07:00:00+08:00,264.0444,650.0,35.2059,25.0,1.5
2025-05-07T08:00:00+08:00,422.494,650.0,56.3325,25.0,1.5
2025-05-07T09:00:00+08:00,557.9169,650.0,74.3889,25.0,1.5
2025-05-07T10:00:00+08:00,661.0843,650.0,88.1446,25.0,1.5
2025-05-07T11:00:00+08:00,724.9654,650.0,96.662,25.0,1.5
2025-05-07T12:00:00+08:00,745.2068,650.0,99.3609,25.0,1.5
2025-05-07T13:00:00+08:00,720.4293,650.0,96.0572,25.0,1.5
2025-05-07T14:00:00+08:00,652.3212,650.0,86.9762,25.0,1.5
2025-05-07T15:00:00+08:00,545.524,650.0,72.7365,25.0,1.5
2025-05-07T16:00:00+08:00,407.3159,650.0,54.3088,25.0,1.5
2025-05-07T17:00:00+08:00,247.1154,650.0,32.9487,25.0,1.5
2025-05-07T18:00:00+08:00,75.84,650.0,10.112,25.0,1.5
2025-05-07T19:00:00+08:00,0.0,0.0,0.0,25.0,1.5
2025-05-07T20:00:00+08:00,0.0,0.0,0.0,25.0,1.5
2025-05-07T21:00:00+08:00,0.0,0.0,0.0,25.0,1.5
2025-05-07T22:00:00+08:00,0.0,0.0,0.0,25.0,1.5
2025-05-07T23:00:00+08:00,0.0,0.0,0.0,25.0,1.5
2025-05-08T00:00:00+08:00,0.0,0.0,0.0,25.0,1.5
2025-05-08T01:00:00+08:00,0.0,0.0,0.0,25.0,1.5
2025-05-08T02:00:00+08:00,0.0,0.0,0.0,25.0,1.5
2025-05-08T03:00:00+08:00,0.0,0.0,0.0,25.0,1.5
2025-05-08T04:00:00+08:00,0.0,0.0,0.0,25.0,1.5
2025-05-08T05:00:00+08:00,0.0,0.0,0.0,25.0,1.5
2025-05-08T06:00:00+08:00,94.7367,650.0,12.6316,25.0,1.5
2025-05-08T07:00:00+08:00,265.1618,650.0,35.3549,25.0,1.5
2025-05-08T08:00:00+08:00,423.3765,650.0,56.4502,25.0,1.5
2025-05-08T09:00:00+08:00,558.5986,650.0,74.4798,25.0,1.5
2025-05-08T10:00:00+08:00,661.613,650.0,88.2151,25.0,1.5
2025-05-08T11:00:00+08:00,725.3993,650.0,96.7199,25.0,1.5
2025-05-08T12:00:00+08:00,745.6108,650.0,99.4148,25.0,1.5
2025-05-08T13:00:00+08:00,720.8699,650.0,96.116,25.0,1.5
2025-05-08T14:00:00+08:00,652.8628,650.0,87.0484,25.0,1.5
2025-05-08T15:00:00+08:00,546.2241,650.0,72.8299,25.0,1.5
2025-05-08T16:00:00+08:00,408.2209,650.0,54.4294,25.0,1.5
2025-05-08T17:00:00+08:00,248.2579,650.0,33.1011,25.0,1.5
2025-05-08T18:00:00+08:00,77.2365,650.0,10.2982,25.0,1.5
2025-05-08T19:00:00+08:00,0.0,0.0,0.0,25.0,1.5
2025-05-08T20:00:00+08:00,0.0,0.0,0.0,25.0,1.5
2025-05-08T21:00:00+08:00,0.0,0.0,0.0,25.0,1.5
2025-05-08T22:00:00+08:00,0.0,0.0,0.0,25.0,1.5
2025-05-08T23:00:00+08:00,0.0,0.0,0.0,25.0,1.5
2025-05-09T00:00:00+08:00,0.0,0.0,0.0,25.0,1.5
2025-05-09T01:00:00+08:00,0.0,0.0,0.0,25.0,1.5
2025-05-09T02:00:00+08:00,0.0,0.0,0.0,25.0,1.5
2025-05-09T03:00:00+08:00,0.0,0.0,0.0,25.0,1.5
2025-05-09T04:00:00+08:00,0.0,0.0,0.0,25.0,1.5
2025-05-09T05:00:00+08:00,0.0,0.0,0.0,25.0,1.5
2025-05-09T06:00:00+08:00,96.0805,650.0,12.8107,25.0,1.5
2025-05-09T07:00:00+08:00,266.2531,650.0,35.5004,25.0,1.5
2025-05-09T08:00:00+08:00,424.2333,650.0,56.5644,25.0,1.5
2025-05-09T09:00:00+08:00,559.255,650.0,74.5673,25.0,1.5
2025-05-09T10:00:00+08:00,662.1167,650.0,88.2822,25.0,1.5
2025-05-09T11:00:00+08:00,725.8085,650.0,96.7745,25.0,1.5
2025-05-09T12:00:00+08:00,745.99,650.0,99.4653,25.0,1.5
2025-05-09T13:00:00+08:00,721.2859,650.0,96.1714,25.0,1.5
2025-05-09T14:00:00+08:00,653.3795,650.0,87.1173,25.0,1.5
2025-05-09T15:00:00+08:00,546.8988,650.0,72.9198,25.0,1.5
2025-05-09T16:00:00+08:00,409.1001,650.0,54.5467,25.0,1.5
2025-05-09T17:00:00+08:00,249.3742,650.0,33.2499,25.0,1.5
2025-05-09T18:00:00+08:00,78.6062,650.0,10.4808,25.0,1.5
2025-05-09T19:00:00+08:00,0.0,0.0,0.0,25.0,1.5
2025-05-09T20:00:00+08:00,0.0,0.0,0.0,25.0,1.5
2025-05-09T21:00:00+08:00,0.0,0.0,0.0,25.0,1.5
2025-05-09T22:00:00+08:00,0.0,0.0,0.0,25.0,1.5
2025-05-09T23:00:00+08:00,0.0,0.0,0.0,25.0,1.5
2025-05-10T00:00:00+08:00,0.0,0.0,0.0,25.0,1.5
2025-05-10T01:00:00+08:00,0.0,0.0,0.0,25.0,1.5
2025-05-10T02:00:00+08:00,0.0,0.0,0.0,25.0,1.5
2025-05-10T03:00:00+08:00,0.0,0.0,0.0,25.0,1.5
2025-05-10T04:00:00+08:00,0.0,0.0,0.0,25.0,1.5
2025-05-10T05:00:00+08:00,0.0,0.0,0.0,25.0,1.5
2025-05-10T06:00:00+08:00,97.3972,650.0,12.9863,25.0,1.5
2025-05-10T07:00:00+08:00,267.3181,650.0,35.6424,25.0,1.5
2025-05-10T08:00:00+08:00,425.0646,650.0,56.6753,25.0,1.5
2025-05-10T09:00:00+08:00,559.8866,650.0,74.6515,25.0,1.5
2025-05-10T10:00:00+08:00,662.5961,650.0,88.3462,25.0,1.5
2025-05-10T11:00:00+08:00,726.1938,650.0,96.8258,25.0,1.5
2025-05-10T12:00:00+08:00,746.3454,650.0,99.5127,25.0,1.5
2025-05-10T13:00:00+08:00,721.6778,650.0,96.2237,25.0,1.5
2025-05-10T14:00:00+08:00,653.8719,650.0,87.1829,25.0,1.5
2025-05-10T15:00:00+08:00,547.5487,650.0,73.0065,25.0,1.5
2025-05-10T16:00:00+08:00,409.9538,650.0,54.6605,25.0,1.5
2025-05-10T17:00:00+08:00,250.4642,650.0,33.3952,25.0,1.5
2025-05-10T18:00:00+08:00,79.9488,650.0,10.6598,25.0,1.5
2025-05-10T19:00:00+08:00,0.0,0.0,0.0,25.0,1.5
2025-05-10T20:00:00+08:00,0.0,0.0,0.0,25.0,1.5
2025-05-10T21:00:00+08:00,0.0,0.0,0.0,25.0,1.5
2025-05-10T22:00:00+08:00,0.0,0.0,0.0,25.0,1.5
2025-05-10T23:00:00+08:00,0.0,0.0,0.0,25.0,1.5
2025-05-11T00:00:00+08:00,0.0,0.0,0.0,25.0,1.5
2025-05-11T01:00:00+08:00,0.0,0.0,0.0,25.0,1.5
2025-05-11T02:00:00+08:00,0.0,0.0,0.0,25.0,1.5
2025-05-11T03:00:00+08:00,0.0,0.0,0.0,25.0,1.5
2025-05-11T04:00:00+08:00,0.0,0.0,0.0,25.0,1.5
2025-05-11T05:00:00+08:00,0.0,0.0,0.0,25.0,1.5
2025-05-11T06:00:00+08:00,98.6867,650.0,13.1582,25.0,1.5
2025-05-11T07:00:00+08:00,268.3569,650.0,35.7809,25.0,1.5
2025-05-11T08:00:00+08:00,425.8708,650.0,56.7828,25.0,1.5
2025-05-11T09:00:00+08:00,560.4939,650.0,74.7325,25.0,1.5
2025-05-11T10:00:00+08:00,663.052,650.0,88.4069,25.0,1.5
2025-05-11T11:00:00+08:00,726.5558,650.0,96.8741,25.0,1.5
2025-05-11T12:00:00+08:00,746.6778,650.0,99.557,25.0,1.5
2025-05-11T13:00:00+08:00,722.0465,650.0,96.2729,25.0,1.5
2025-05-11T14:00:00+08:00,654.3407,650.0,87.2454,25.0,1.5
2025-05-11T15:00:00+08:00,548.1742,650.0,73.0899,25.0,1.5
2025-05-11T16:00:00+08:00,410.7823,650.0,54.771,25.0,1.5
2025-05-11T17:00:00+08:00,251.5279,650.0,33.5371,25.0,1.5
2025-05-11T18:00:00+08:00,81.264,650.0,10.8352,25.0,1.5
2025-05-11T19:00:00+08:00,0.0,0.0,0.0,25.0,1.5
2025-05-11T20:00:00+08:00,0.0,0.0,0.0,25.0,1.5
2025-05-11T21:00:00+08:00,0.0,0.0,0.0,25.0,1.5
2025-05-11T22:00:00+08:00,0.0,0.0,0.0,25.0,1.5
2025-05-11T23:00:00+08:00,0.0,0.0,0.0,25.0,1.5
2025-05-12T00:00:00+08:00,0.0,0.0,0.0,25.0,1.5
2025-05-12T01:00:00+08:00,0.0,0.0,0.0,25.0,1.5
2025-05-12T02:00:00+08:00,0.0,0.0,0.0,25.0,1.5
2025-05-12T03:00:00+08:00,0.0,0.0,0.0,25.0,1.5
2025-05-12T04:00:00+08:00,0.0,0.0,0.0,25.0,1.5
2025-05-12T05:00:00+08:00,0.0,0.0,0.0,25.0,1.5
2025-05-12T06:00:00+08:00,99.9485,650.0,13.3265,25.0,1.5
2025-05-12T07:00:00+08:00,269.3696,650.0,35.9159,25.0,1.5
2025-05-12T08:00:00+08:00,426.6521,650.0,56.8869,25.0,1.5
2025-05-12T09:00:00+08:00,561.0775,650.0,74.8103,25.0,1.5
2025-05-12T10:00:00+08:00,663.485,650.0,88.4647,25.0,1.5
2025-05-12T11:00:00+08:00,726.8956,650.0,96.9194,25.0,1.5
2025-05-12T12:00:00+08:00,746.988,650.0,99.5984,25.0,1.5
2025-05-12T13:00:00+08:00,722.3929,650.0,96.319,25.0,1.5
2025-05-12T14:00:00+08:00,654.7864,650.0,87.3049,25.0,1.5
2025-05-12T15:00:00+08:00,548.7759,650.0,73.1701,25.0,1.5
2025-05-12T16:00:00+08:00,411.5858,650.0,54.8781,25.0,1.5
2025-05-12T17:00:00+08:00,252.5652,650.0,33.6754,25.0,1.5
2025-05-12T18:00:00+08:00,82.5514,650.0,11.0068,25.0,1.5
2025-05-12T19:00:00+08:00,0.0,0.0,0.0,25.0,1.5
2025-05-12T20:00:00+08:00,0.0,0.0,0.0,25.0,1.5
2025-05-12T21:00:00+08:00,0.0,0.0,0.0,25.0,1.5
2025-05-12T22:00:00+08:00,0.0,0.0,0.0,25.0,1.5
2025-05-12T23:00:00+08:00,0.0,0.0,0.0,25.0,1.5
2025-05-13T00:00:00+08:00,0.0,0.0,0.0,25.0,1.5
2025-05-13T01:00:00+08:00,0.0,0.0,0.0,25.0,1.5
2025-05-13T02:00:00+08:00,0.0,0.0,0.0,25.0,1.5
2025-05-13T03:00:00+08:00,0.0,0.0,0.0,25.0,1.5
2025-05-13T04:00:00+08:00,0.0,0.0,0.0,25.0,1.5
2025-05-13T05:00:00+08:00,0.0,0.0,0.0,25.0,1.5
2025-05-13T06:00:00+08:00,101.1824,650.0,13.491,25.0,1.5
2025-05-13T07:00:00+08:00,270.356,650.0,36.0475,25.0,1.5
2025-05-13T08:00:00+08:00,427.4088,650.0,56.9878,25.0,1.5
2025-05-13T09:00:00+08:00,561.6379,650.0,74.8851,25.0,1.5
2025-05-13T10:00:00+08:00,663.8958,650.0,88.5194,25.0,1.5
2025-05-13T11:00:00+08:00,727.2138,650.0,96.9618,25.0,1.5
2025-05-13T12:00:00+08:00,747.2768,650.0,99.6369,25.0,1.5
2025-05-13T13:00:00+08:00,722.7176,650.0,96.3624,25.0,1.5
2025-05-13T14:00:00+08:00,655.21,650.0,87.3613,25.0,1.5
2025-05-13T15:00:00+08:00,549.3543,650.0,73.2472,25.0,1.5
2025-05-13T16:00:00+08:00,412.3645,650.0,54.9819,25.0,1.5
2025-05-13T17:00:00+08:00,253.5762,650.0,33.8102,25.0,1.5
2025-05-13T18:00:00+08:00,83.8107,650.0,11.1748,25.0,1.5
2025-05-13T19:00:00+08:00,0.0,0.0,0.0,25.0,1.5
2025-05-13T20:00:00+08:00,0.0,0.0,0.0,25.0,1.5
2025-05-13T21:00:00+08:00,0.0,0.0,0.0,25.0,1.5
2025-05-13T22:00:00+08:00,0.0,0.0,0.0,25.0,1.5
2025-05-13T23:00:00+08:00,0.0,0.0,0.0,25.0,1.5
2025-05-14T00:00:00+08:00,0.0,0.0,0.0,25.0,1.5
2025-05-14T01:00:00+08:00,0.0,0.0,0.0,25.0,1.5
2025-05-14T02:00:00+08:00,0.0,0.0,0.0,25.0,1.5
2025-05-14T03:00:00+08:00,0.0,0.0,0.0,25.0,1.5
2025-05-14T04:00:00+08:00,0.0,0.0,0.0,25.0,1.5
2025-05-14T05:00:00+08:00,0.0,0.0,0.0,25.0,1.5
2025-05-14T06:00:00+08:00,102.3881,650.0,13.6517,25.0,1.5
2025-05-14T07:00:00+08:00,271.3163,650.0,36.1755,25.0,1.5
2025-05-14T08:00:00+08:00,428.1412,650.0,57.0855,25.0,1.5
2025-05-14T09:00:00+08:00,562.1756,650.0,74.9567,25.0,1.5
2025-05-14T10:00:00+08:00,664.2851,650.0,88.5713,25.0,1.5
2025-05-14T11:00:00+08:00,727.5112,650.0,97.0015,25.0,1.5
2025-05-14T12:00:00+08:00,747.5452,650.0,99.6727,25.0,1.5
2025-05-14T13:00:00+08:00,723.0216,650.0,96.4029,25.0,1.5
2025-05-14T14:00:00+08:00,655.6119,650.0,87.4149,25.0,1.5
2025-05-14T15:00:00+08:00,549.9098,650.0,73.3213,25.0,1.5
2025-05-14T16:00:00+08:00,413.1188,650.0,55.0825,25.0,1.5
2025-05-14T17:00:00+08:00,254.5609,650.0,33.9414,25.0,1.5
2025-05-14T18:00:00+08:00,85.0416,650.0,11.3389,25.0,1.5
2025-05-14T19:00:00+08:00,0.0,0.0,0.0,25.0,1.5
2025-05-14T20:00:00+08:00,0.0,0.0,0.0,25.0,1.5
2025-05-14T21:00:00+08:00,0.0,0.0,0.0,25.0,1.5
2025-05-14T22:00:00+08:00,0.0,0.0,0.0,25.0,1.5
2025-05-14T23:00:00+08:00,0.0,0.0,0.0,25.0,1.5
2025-05-15T00:00:00+08:00,0.0,0.0,0.0,25.0,1.5
2025-05-15T01:00:00+08:00,0.0,0.0,0.0,25.0,1.5
2025-05-15T02:00:00+08:00,0.0,0.0,0.0,25.0,1.5
2025-05-15T03:00:00+08:00,0.0,0.0,0.0,25.0,1.5
2025-05-15T04:00:00+08:00,0.0,0.0,0.0,25.0,1.5
2025-05-15T05:00:00+08:00,0.0,0.0,0.0,25.0,1.5
2025-05-15T06:00:00+08:00,103.5654,650.0,13.8087,25.0,1.5
2025-05-15T07:00:00+08:00,272.2505,650.0,36.3001,25.0,1.5
2025-05-15T08:00:00+08:00,428.8497,650.0,57.18,25.0,1.5
2025-05-15T09:00:00+08:00,562.6911,650.0,75.0255,25.0,1.5
2025-05-15T10:00:00+08:00,664.6537,650.0,88.6205,25.0,1.5
2025-05-15T11:00:00+08:00,727.7888,650.0,97.0385,25.0,1.5
2025-05-15T12:00:00+08:00,747.7939,650.0,99.7058,25.0,1.5
2025-05-15T13:00:00+08:00,723.3056,650.0,96.4408,25.0,1.5
2025-05-15T14:00:00+08:00,655.9929,650.0,87.4657,25.0,1.5
2025-05-15T15:00:00+08:00,550.443,650.0,73.3924,25.0,1.5
2025-05-15T16:00:00+08:00,413.8488,650.0,55.1798,25.0,1.5
2025-05-15T17:00:00+08:00,255.5192,650.0,34.0692,25.0,1.5
2025-05-15T18:00:00+08:00,86.2439,650.0,11.4992,25.0,1.5
2025-05-15T19:00:00+08:00,0.0,0.0,0.0,25.0,1.5
2025-05-15T20:00:00+08:00,0.0,0.0,0.0,25.0,1.5
2025-05-15T21:00:00+08:00,0.0,0.0,0.0,25.0,1.5
2025-05-15T22:00:00+08:00,0.0,0.0,0.0,25.0,1.5
2025-05-15T23:00:00+08:00,0.0,0.0,0.0,25.0,1.5
2025-05-16T00:00:00+08:00,0.0,0.0,0.0,25.0,1.5
2025-05-16T01:00:00+08:00,0.0,0.0,0.0,25.0,1.5
2025-05-16T02:00:00+08:00,0.0,0.0,0.0,25.0,1.5
2025-05-16T03:00:00+08:00,0.0,0.0,0.0,25.0,1.5
2025-05-16T04:00:00+08:00,0.0,0.0,0.0,25.0,1.5
2025-05-16T05:00:00+08:00,0.0,0.0,0.0,25.0,1.5
2025-05-16T06:00:00+08:00,104.7141,650.0,13.9619,25.0,1.5
2025-05-16T07:00:00+08:00,273.1586,650.0,36.4211,25.0,1.5
2025-05-16T08:00:00+08:00,429.5345,650.0,57.2713,25.0,1.5
2025-05-16T09:00:00+08:00,563.185,650.0,75.0913,25.0,1.5
2025-05-16T10:00:00+08:00,665.0022,650.0,88.667,25.0,1.5
2025-05-16T11:00:00+08:00,728.0472,650.0,97.073,25.0,1.5
2025-05-16T12:00:00+08:00,748.0238,650.0,99.7365,25.0,1.5
2025-05-16T13:00:00+08:00,723.5705,650.0,96.4761,25.0,1.5
2025-05-16T14:00:00+08:00,656.3538,650.0,87.5138,25.0,1.5
2025-05-16T15:00:00+08:00,550.9543,650.0,73.4606,25.0,1.5
2025-05-16T16:00:00+08:00,414.555,650.0,55.274,25.0,1.5
2025-05-16T17:00:00+08:00,256.4511,650.0,34.1935,25.0,1.5
2025-05-16T18:00:00+08:00,87.4172,650.0,11.6556,25.0,1.5
2025-05-16T19:00:00+08:00,0.0,0.0,0.0,25.0,1.5
2025-05-16T20:00:00+08:00,0.0,0.0,0.0,25.0,1.5
2025-05-16T21:00:00+08:00,0.0,0.0,0.0,25.0,1.5
2025-05-16T22:00:00+08:00,0.0,0.0,0.0,25.0,1.5
2025-05-16T23:00:00+08:00,0.0,0.0,0.0,25.0,1.5
2025-05-17T00:00:00+08:00,0.0,0.0,0.0,25.0,1.5
2025-05-17T01:00:00+08:00,0.0,0.0,0.0,25.0,1.5
2025-05-17T02:00:00+08:00,0.0,0.0,0.0,25.0,1.5
2025-05-17T03:00:00+08:00,0.0,0.0,0.0,25.0,1.5
2025-05-17T04:00:00+08:00,0.0,0.0,0.0,25.0,1.5
2025-05-17T05:00:00+08:00,0.0,0.0,0.0,25.0,1.5
2025-05-17T06:00:00+08:00,105.8338,650.0,14.1112,25.0,1.5
2025-05-17T07:00:00+08:00,274.0406,650.0,36.5387,25.0,1.5
2025-05-17T08:00:00+08:00,430.1959,650.0,57.3594,25.0,1.5
2025-05-17T09:00:00+08:00,563.6578,650.0,75.1544,25.0,1.5
2025-05-17T10:00:00+08:00,665.3313,650.0,88.7108,25.0,1.5
2025-05-17T11:00:00+08:00,728.2874,650.0,97.105,25.0,1.5
2025-05-17T12:00:00+08:00,748.2357,650.0,99.7648,25.0,1.5
2025-05-17T13:00:00+08:00,723.8169,650.0,96.5089,25.0,1.5
2025-05-17T14:00:00+08:00,656.6951,650.0,87.5593,25.0,1.5
2025-05-17T15:00:00+08:00,551.4444,650.0,73.5259,25.0,1.5
2025-05-17T16:00:00+08:00,415.2375,650.0,55.365,25.0,1.5
2025-05-17T17:00:00+08:00,257.3568,650.0,34.3142,25.0,1.5
2025-05-17T18:00:00+08:00,88.5614,650.0,11.8082,25.0,1.5
2025-05-17T19:00:00+08:00,0.0,0.0,0.0,25.0,1.5
2025-05-17T20:00:00+08:00,0.0,0.0,0.0,25.0,1.5
2025-05-17T21:00:00+08:00,0.0,0.0,0.0,25.0,1.5
2025-05-17T22:00:00+08:00,0.0,0.0,0.0,25.0,1.5
2025-05-17T23:00:00+08:00,0.0,0.0,0.0,25.0,1.5
2025-05-18T00:00:00+08:00,0.0,0.0,0.0,25.0,1.5
2025-05-18T01:00:00+08:00,0.0,0.0,0.0,25.0,1.5
2025-05-18T02:00:00+08:00,0.0,0.0,0.0,25.0,1.5
2025-05-18T03:00:00+08:00,0.0,0.0,0.0,25.0,1.5
2025-05-18T04:00:00+08:00,0.0,0.0,0.0,25.0,1.5
2025-05-18T05:00:00+08:00,0.0,0.0,0.0,25.0,1.5
2025-05-18T06:00:00+08:00,106.9245,650.0,14.2566,25.0,1.5
2025-05-18T07:00:00+08:00,274.8967,650.0,36.6529,25.0,1.5
2025-05-18T08:00:00+08:00,430.8342,650.0,57.4446,25.0,1.5
2025-05-18T09:00:00+08:00,564.11,650.0,75.2147,25.0,1.5
2025-05-18T10:00:00+08:00,665.6417,650.0,88.7522,25.0,1.5
2025-05-18T11:00:00+08:00,728.51,650.0,97.1347,25.0,1.5
2025-05-18T12:00:00+08:00,748.4306,650.0,99.7907,25.0,1.5
2025-05-18T13:00:00+08:00,724.0458,650.0,96.5394,25.0,1.5
2025-05-18T14:00:00+08:00,657.0176,650.0,87.6023,25.0,1.5
2025-05-18T15:00:00+08:00,551.9136,650.0,73.5885,25.0,1.5
2025-05-18T16:00:00+08:00,415.8967,650.0,55.4529,25.0,1.5
2025-05-18T17:00:00+08:00,258.2361,650.0,34.4315,25.0,1.5
2025-05-18T18:00:00+08:00,89.6762,650.0,11.9568,25.0,1.5
2025-05-18T19:00:00+08:00,0.0,0.0,0.0,25.0,1.5
2025-05-18T20:00:00+08:00,0.0,0.0,0.0,25.0,1.5
2025-05-18T21:00:00+08:00,0.0,0.0,0.0,25.0,1.5
2025-05-18T22:00:00+08:00,0.0,0.0,0.0,25.0,1.5
2025-05-18T23:00:00+08:00,0.0,0.0,0.0,25.0,1.5
2025-05-19T00:00:00+08:00,0.0,0.0,0.0,25.0,1.5
2025-05-19T01:00:00+08:00,0.0,0.0,0.0,25.0,1.5
2025-05-19T02:00:00+08:00,0.0,0.0,0.0,25.0,1.5
2025-05-19T03:00:00+08:00,0.0,0.0,0.0,25.0,1.5
2025-05-19T04:00:00+08:00,0.0,0.0,0.0,25.0,1.5
2025-05-19T05:00:00+08:00,0.0,0.0,0.0,25.0,1.5
2025-05-19T06:00:00+08:00,107.9858,650.0,14.3981,25.0,1.5
2025-05-19T07:00:00+08:00,275.7269,650.0,36.7636,25.0,1.5
2025-05-19T08:00:00+08:00,431.4498,650.0,57.5266,25.0,1.5
2025-05-19T09:00:00+08:00,564.5422,650.0,75.2723,25.0,1.5
2025-05-19T10:00:00+08:00,665.9342,650.0,88.7912,25.0,1.5
2025-05-19T11:00:00+08:00,728.716,650.0,97.1621,25.0,1.5
2025-05-19T12:00:00+08:00,748.6091,650.0,99.8146,25.0,1.5
2025-05-19T13:00:00+08:00,724.2579,650.0,96.5677,25.0,1.5
2025-05-19T14:00:00+08:00,657.3219,650.0,87.6429,25.0,1.5
2025-05-19T15:00:00+08:00,552.3626,650.0,73.6483,25.0,1.5
2025-05-19T16:00:00+08:00,416.5329,650.0,55.5377,25.0,1.5
2025-05-19T17:00:00+08:00,259.0892,650.0,34.5452,25.0,1.5
2025-05-19T18:00:00+08:00,90.7612,650.0,12.1015,25.0,1.5
2025-05-19T19:00:00+08:00,0.0,0.0,0.0,25.0,1.5
2025-05-19T20:00:00+08:00,0.0,0.0,0.0,25.0,1.5
2025-05-19T21:00:00+08:00,0.0,0.0,0.0,25.0,1.5
2025-05-19T22:00:00+08:00,0.0,0.0,0.0,25.0,1.5
2025-05-19T23:00:00+08:00,0.0,0.0,0.0,25.0,1.5
2025-05-20T00:00:00+08:00,0.0,0.0,0.0,25.0,1.5
2025-05-20T01:00:00+08:00,0.0,0.0,0.0,25.0,1.5
2025-05-20T02:00:00+08:00,0.0,0.0,0.0,25.0,1.5
2025-05-20T03:00:00+08:00,0.0,0.0,0.0,25.0,1.5
2025-05-20T04:00:00+08:00,0.0,0.0,0.0,25.0,1.5
2025-05-20T05:00:00+08:00,0.0,0.0,0.0,25.0,1.5
2025-05-20T06:00:00+08:00,109.0176,650.0,14.5357,25.0,1.5
2025-05-20T07:00:00+08:00,276.5312,650.0,36.8708,25.0,1.5
2025-05-20T08:00:00+08:00,432.0429,650.0,57.6057,25.0,1.5
2025-05-20T09:00:00+08:00,564.9549,650.0,75.3273,25.0,1.5
2025-05-20T10:00:00+08:00,666.2094,650.0,88.8279,25.0,1.5
2025-05-20T11:00:00+08:00,728.9061,650.0,97.1875,25.0,1.5
2025-05-20T12:00:00+08:00,748.7722,650.0,99.8363,25.0,1.5
2025-05-20T13:00:00+08:00,724.4541,650.0,96.5939,25.0,1.5
2025-05-20T14:00:00+08:00,657.6088,650.0,87.6812,25.0,1.5
2025-05-20T15:00:00+08:00,552.7918,650.0,73.7056,25.0,1.5
2025-05-20T16:00:00+08:00,417.1462,650.0,55.6195,25.0,1.5
2025-05-20T17:00:00+08:00,259.9161,650.0,34.6555,25.0,1.5
2025-05-20T18:00:00+08:00,91.8164,650.0,12.2422,25.0,1.5
2025-05-20T19:00:00+08:00,0.0,0.0,0.0,25.0,1.5
2025-05-20T20:00:00+08:00,0.0,0.0,0.0,25.0,1.5
2025-05-20T21:00:00+08:00,0.0,0.0,0.0,25.0,1.5
2025-05-20T22:00:00+08:00,0.0,0.0,0.0,25.0,1.5
2025-05-20T23:00:00+08:00,0.0,0.0,0.0,25.0,1.5
2025-05-21T00:00:00+08:00,0.0,0.0,0.0,25.0,1.5
2025-05-21T01:00:00+08:00,0.0,0.0,0.0,25.0,1.5
2025-05-21T02:00:00+08:00,0.0,0.0,0.0,25.0,1.5
2025-05-21T03:00:00+08:00,0.0,0.0,0.0,25.0,1.5
2025-05-21T04:00:00+08:00,0.0,0.0,0.0,25.0,1.5
2025-05-21T05:00:00+08:00,0.0,0.0,0.0,25.0,1.5
2025-05-21T06:00:00+08:00,110.0196,650.0,14.6693,25.0,1.5
2025-05-21T07:00:00+08:00,277.3098,650.0,36.9746,25.0,1.5
2025-05-21T08:00:00+08:00,432.614,650.0,57.6819,25.0,1.5
2025-05-21T09:00:00+08:00,565.3486,650.0,75.3798,25.0,1.5
2025-05-21T10:00:00+08:00,666.468,650.0,88.8624,25.0,1.5
2025-05-21T11:00:00+08:00,729.081,650.0,97.2108,25.0,1.5
2025-05-21T12:00:00+08:00,748.9207,650.0,99.8561,25.0,1.5
2025-05-21T13:00:00+08:00,724.6349,650.0,96.618,25.0,1.5
2025-05-21T14:00:00+08:00,657.8789,650.0,87.7172,25.0,1.5
2025-05-21T15:00:00+08:00,553.2018,650.0,73.7602,25.0,1.5
2025-05-21T16:00:00+08:00,417.7372,650.0,55.6983,25.0,1.5
2025-05-21T17:00:00+08:00,260.7168,650.0,34.7622,25.0,1.5
2025-05-21T18:00:00+08:00,92.8414,650.0,12.3788,25.0,1.5
2025-05-21T19:00:00+08:00,0.0,0.0,0.0,25.0,1.5
2025-05-21T20:00:00+08:00,0.0,0.0,0.0,25.0,1.5
2025-05-21T21:00:00+08:00,0.0,0.0,0.0,25.0,1.5
2025-05-21T22:00:00+08:00,0.0,0.0,0.0,25.0,1.5
2025-05-21T23:00:00+08:00,0.0,0.0,0.0,25.0,1.5
2025-05-22T00:00:00+08:00,0.0,0.0,0.0,25.0,1.5
2025-05-22T01:00:00+08:00,0.0,0.0,0.0,25.0,1.5
2025-05-22T02:00:00+08:00,0.0,0.0,0.0,25.0,1.5
2025-05-22T03:00:00+08:00,0.0,0.0,0.0,25.0,1.5
2025-05-22T04:00:00+08:00,0.0,0.0,0.0,25.0,1.5
2025-05-22T05:00:00+08:00,0.0,0.0,0.0,25.0,1.5
2025-05-22T06:00:00+08:00,110.9918,650.0,14.7989,25.0,1.5
2025-05-22T07:00:00+08:00,278.0626,650.0,37.075,25.0,1.5
2025-05-22T08:00:00+08:00,433.1633,650.0,57.7551,25.0,1.5
2025-05-22T09:00:00+08:00,565.7239,650.0,75.4299,25.0,1.5
2025-05-22T10:00:00+08:00,666.7107,650.0,88.8948,25.0,1.5
2025-05-22T11:00:00+08:00,729.2416,650.0,97.2322,25.0,1.5
2025-05-22T12:00:00+08:00,749.0553,650.0,99.874,25.0,1.5
2025-05-22T13:00:00+08:00,724.8014,650.0,96.6402,25.0,1.5
2025-05-22T14:00:00+08:00,658.1328,650.0,87.751,25.0,1.5
2025-05-22T15:00:00+08:00,553.5929,650.0,73.8124,25.0,1.5
2025-05-22T16:00:00+08:00,418.3059,650.0,55.7741,25.0,1.5
2025-05-22T17:00:00+08:00,261.4914,650.0,34.8655,25.0,1.5
2025-05-22T18:00:00+08:00,93.836,650.0,12.5115,25.0,1.5
2025-05-22T19:00:00+08:00,0.0,0.0,0.0,25.0,1.5
2025-05-22T20:00:00+08:00,0.0,0.0,0.0,25.0,1.5
2025-05-22T21:00:00+08:00,0.0,0.0,0.0,25.0,1.5
2025-05-22T22:00:00+08:00,0.0,0.0,0.0,25.0,1.5
2025-05-22T23:00:00+08:00,0.0,0.0,0.0,25.0,1.5
2025-05-23T00:00:00+08:00,0.0,0.0,0.0,25.0,1.5
2025-05-23T01:00:00+08:00,0.0,0.0,0.0,25.0,1.5
2025-05-23T02:00:00+08:00,0.0,0.0,0.0,25.0,1.5
2025-05-23T03:00:00+08:00,0.0,0.0,0.0,25.0,1.5
2025-05-23T04:00:00+08:00,0.0,0.0,0.0,25.0,1.5
2025-05-23T05:00:00+08:00,0.0,0.0,0.0,25.0,1.5
2025-05-23T06:00:00+08:00,111.9338,650.0,14.9245,25.0,1.5
2025-05-23T07:00:00+08:00,278.7898,650.0,37.172,25.0,1.5
2025-05-23T08:00:00+08:00,433.691,650.0,57.8255,25.0,1.5
2025-05-23T09:00:00+08:00,566.0812,650.0,75.4775,25.0,1.5
2025-05-23T10:00:00+08:00,666.9381,650.0,88.9251,25.0,1.5
2025-05-23T11:00:00+08:00,729.3887,650.0,97.2518,25.0,1.5
2025-05-23T12:00:00+08:00,749.1768,650.0,99.8902,25.0,1.5
2025-05-23T13:00:00+08:00,724.9541,650.0,96.6606,25.0,1.5
2025-05-23T14:00:00+08:00,658.3713,650.0,87.7828,25.0,1.5
2025-05-23T15:00:00+08:00,553.9658,650.0,73.8621,25.0,1.5
2025-05-23T16:00:00+08:00,418.8528,650.0,55.847,25.0,1.5
2025-05-23T17:00:00+08:00,262.2399,650.0,34.9653,25.0,1.5
2025-05-23T18:00:00+08:00,94.8001,650.0,12.64,25.0,1.5
2025-05-23T19:00:00+08:00,0.0,0.0,0.0,25.0,1.5
2025-05-23T20:00:00+08:00,0.0,0.0,0.0,25.0,1.5
2025-05-23T21:00:00+08:00,0.0,0.0,0.0,25.0,1.5
2025-05-23T22:00:00+08:00,0.0,0.0,0.0,25.0,1.5
2025-05-23T23:00:00+08:00,0.0,0.0,0.0,25.0,1.5
2025-05-24T00:00:00+08:00,0.0,0.0,0.0,25.0,1.5
2025-05-24T01:00:00+08:00,0.0,0.0,0.0,25.0,1.5
2025-05-24T02:00:00+08:00,0.0,0.0,0.0,25.0,1.5
2025-05-24T03:00:00+08:00,0.0,0.0,0.0,25.0,1.5
2025-05-24T04:00:00+08:00,0.0,0.0,0.0,25.0,1.5
2025-05-24T05:00:00+08:00,0.0,0.0,0.0,25.0,1.5
2025-05-24T06:00:00+08:00,112.8456,650.0,15.0461,25.0,1.5
2025-05-24T07:00:00+08:00,279.4915,650.0,37.2655,25.0,1.5
2025-05-24T08:00:00+08:00,434.1976,650.0,57.893,25.0,1.5
2025-05-24T09:00:00+08:00,566.4211,650.0,75.5228,25.0,1.5
2025-05-24T10:00:00+08:00,667.151,650.0,88.9535,25.0,1.5
2025-05-24T11:00:00+08:00,729.5229,650.0,97.2697,25.0,1.5
2025-05-24T12:00:00+08:00,749.2861,650.0,99.9048,25.0,1.5
2025-05-24T13:00:00+08:00,725.0939,650.0,96.6792,25.0,1.5
2025-05-24T14:00:00+08:00,658.595,650.0,87.8127,25.0,1.5
2025-05-24T15:00:00+08:00,554.321,650.0,73.9095,25.0,1.5
2025-05-24T16:00:00+08:00,419.3781,650.0,55.9171,25.0,1.5
2025-05-24T17:00:00+08:00,262.9625,650.0,35.0617,25.0,1.5
2025-05-24T18:00:00+08:00,95.7335,650.0,12.7645,25.0,1.5
2025-05-24T19:00:00+08:00,0.0,0.0,0.0,25.0,1.5
2025-05-24T20:00:00+08:00,0.0,0.0,0.0,25.0,1.5
2025-05-24T21:00:00+08:00,0.0,0.0,0.0,25.0,1.5
2025-05-24T22:00:00+08:00,0.0,0.0,0.0,25.0,1.5
2025-05-24T23:00:00+08:00,0.0,0.0,0.0,25.0,1.5
2025-05-25T00:00:00+08:00,0.0,0.0,0.0,25.0,1.5
2025-05-25T01:00:00+08:00,0.0,0.0,0.0,25.0,1.5
2025-05-25T02:00:00+08:00,0.0,0.0,0.0,25.0,1.5
2025-05-25T03:00:00+08:00,0.0,0.0,0.0,25.0,1.5
2025-05-25T04:00:00+08:00,0.0,0.0,0.0,25.0,1.5
2025-05-25T05:00:00+08:00,0.0,0.0,0.0,25.0,1.5
2025-05-25T06:00:00+08:00,113.727,650.0,15.1636,25.0,1.5
2025-05-25T07:00:00+08:00,280.1677,650.0,37.3557,25.0,1.5
2025-05-25T08:00:00+08:00,434.6834,650.0,57.9578,25.0,1.5
2025-05-25T09:00:00+08:00,566.744,650.0,75.5659,25.0,1.5
2025-05-25T10:00:00+08:00,667.3499,650.0,88.98,25.0,1.5
2025-05-25T11:00:00+08:00,729.645,650.0,97.286,25.0,1.5
2025-05-25T12:00:00+08:00,749.3839,650.0,99.9179,25.0,1.5
2025-05-25T13:00:00+08:00,725.2215,650.0,96.6962,25.0,1.5
2025-05-25T14:00:00+08:00,658.8044,650.0,87.8406,25.0,1.5
2025-05-25T15:00:00+08:00,554.6588,650.0,73.9545,25.0,1.5
2025-05-25T16:00:00+08:00,419.8821,650.0,55.9843,25.0,1.5
2025-05-25T17:00:00+08:00,263.659,650.0,35.1545,25.0,1.5
2025-05-25T18:00:00+08:00,96.636,650.0,12.8848,25.0,1.5
2025-05-25T19:00:00+08:00,0.0,0.0,0.0,25.0,1.5
2025-05-25T20:00:00+08:00,0.0,0.0,0.0,25.0,1.5
2025-05-25T21:00:00+08:00,0.0,0.0,0.0,25.0,1.5
2025-05-25T22:00:00+08:00,0.0,0.0,0.0,25.0,1.5
2025-05-25T23:00:00+08:00,0.0,0.0,0.0,25.0,1.5
2025-05-26T00:00:00+08:00,0.0,0.0,0.0,25.0,1.5
2025-05-26T01:00:00+08:00,0.0,0.0,0.0,25.0,1.5
2025-05-26T02:00:00+08:00,0.0,0.0,0.0,25.0,1.5
2025-05-26T03:00:00+08:00,0.0,0.0,0.0,25.0,1.5
2025-05-26T04:00:00+08:00,0.0,0.0,0.0,25.0,1.5
2025-05-26T05:00:00+08:00,0.0,0.0,0.0,25.0,1.5
2025-05-26T06:00:00+08:00,114.5778,650.0,15.277,25.0,1.5
2025-05-26T07:00:00+08:00,280.8185,650.0,37.4425,25.0,1.5
2025-05-26T08:00:00+08:00,435.1485,650.0,58.0198,25.0,1.5
2025-05-26T09:00:00+08:00,567.0505,650.0,75.6067,25.0,1.5
2025-05-26T10:00:00+08:00,667.5356,650.0,89.0047,25.0,1.5
2025-05-26T11:00:00+08:00,729.7558,650.0,97.3008,25.0,1.5
2025-05-26T12:00:00+08:00,749.471,650.0,99.9295,25.0,1.5
2025-05-26T13:00:00+08:00,725.3376,650.0,96.7117,25.0,1.5
2025-05-26T14:00:00+08:00,659.0003,650.0,87.8667,25.0,1.5
2025-05-26T15:00:00+08:00,554.9798,650.0,73.9973,25.0,1.5
2025-05-26T16:00:00+08:00,420.365,650.0,56.0487,25.0,1.5
2025-05-26T17:00:00+08:00,264.3297,650.0,35.244,25.0,1.5
2025-05-26T18:00:00+08:00,97.5073,650.0,13.001,25.0,1.5
2025-05-26T19:00:00+08:00,0.0,0.0,0.0,25.0,1.5
2025-05-26T20:00:00+08:00,0.0,0.0,0.0,25.0,1.5
2025-05-26T21:00:00+08:00,0.0,0.0,0.0,25.0,1.5
2025-05-26T22:00:00+08:00,0.0,0.0,0.0,25.0,1.5
2025-05-26T23:00:00+08:00,0.0,0.0,0.0,25.0,1.5
2025-05-27T00:00:00+08:00,0.0,0.0,0.0,25.0,1.5
2025-05-27T01:00:00+08:00,0.0,0.0,0.0,25.0,1.5
2025-05-27T02:00:00+08:00,0.0,0.0,0.0,25.0,1.5
2025-05-27T03:00:00+08:00,0.0,0.0,0.0,25.0,1.5
2025-05-27T04:00:00+08:00,0.0,0.0,0.0,25.0,1.5
2025-05-27T05:00:00+08:00,0.0,0.0,0.0,25.0,1.5
2025-05-27T06:00:00+08:00,115.3979,650.0,15.3864,25.0,1.5
2025-05-27T07:00:00+08:00,281.4441,650.0,37.5259,25.0,1.5
2025-05-27T08:00:00+08:00,435.5935,650.0,58.0791,25.0,1.5
2025-05-27T09:00:00+08:00,567.3411,650.0,75.6455,25.0,1.5
2025-05-27T10:00:00+08:00,667.7085,650.0,89.0278,25.0,1.5
2025-05-27T11:00:00+08:00,729.8559,650.0,97.3141,25.0,1.5
2025-05-27T12:00:00+08:00,749.5481,650.0,99.9397,25.0,1.5
2025-05-27T13:00:00+08:00,725.4429,650.0,96.7257,25.0,1.5
2025-05-27T14:00:00+08:00,659.1833,650.0,87.8911,25.0,1.5
2025-05-27T15:00:00+08:00,555.2845,650.0,74.0379,25.0,1.5
2025-05-27T16:00:00+08:00,420.8273,650.0,56.1103,25.0,1.5
2025-05-27T17:00:00+08:00,264.9745,650.0,35.3299,25.0,1.5
2025-05-27T18:00:00+08:00,98.3474,650.0,13.113,25.0,1.5
2025-05-27T19:00:00+08:00,0.0,0.0,0.0,25.0,1.5
2025-05-27T20:00:00+08:00,0.0,0.0,0.0,25.0,1.5
2025-05-27T21:00:00+08:00,0.0,0.0,0.0,25.0,1.5
2025-05-27T22:00:00+08:00,0.0,0.0,0.0,25.0,1.5
2025-05-27T23:00:00+08:00,0.0,0.0,0.0,25.0,1.5
2025-05-28T00:00:00+08:00,0.0,0.0,0.0,25.0,1.5
2025-05-28T01:00:00+08:00,0.0,0.0,0.0,25.0,1.5
2025-05-28T02:00:00+08:00,0.0,0.0,0.0,25.0,1.5
2025-05-28T03:00:00+08:00,0.0,0.0,0.0,25.0,1.5
2025-05-28T04:00:00+08:00,0.0,0.0,0.0,25.0,1.5
2025-05-28T05:00:00+08:00,0.0,0.0,0.0,25.0,1.5
2025-05-28T06:00:00+08:00,116.1872,650.0,15.4916,25.0,1.5
2025-05-28T07:00:00+08:00,282.0444,650.0,37.6059,25.0,1.5
2025-05-28T08:00:00+08:00,436.0184,650.0,58.1358,25.0,1.5
2025-05-28T09:00:00+08:00,567.6162,650.0,75.6822,25.0,1.5
2025-05-28T10:00:00+08:00,667.8694,650.0,89.0493,25.0,1.5
2025-05-28T11:00:00+08:00,729.9461,650.0,97.3262,25.0,1.5
2025-05-28T12:00:00+08:00,749.6159,650.0,99.9488,25.0,1.5
2025-05-28T13:00:00+08:00,725.5381,650.0,96.7384,25.0,1.5
2025-05-28T14:00:00+08:00,659.3538,650.0,87.9138,25.0,1.5
2025-05-28T15:00:00+08:00,555.5733,650.0,74.0764,25.0,1.5
2025-05-28T16:00:00+08:00,421.269,650.0,56.1692,25.0,1.5
2025-05-28T17:00:00+08:00,265.5936,650.0,35.4125,25.0,1.5
2025-05-28T18:00:00+08:00,99.156,650.0,13.2208,25.0,1.5
2025-05-28T19:00:00+08:00,0.0,0.0,0.0,25.0,1.5
2025-05-28T20:00:00+08:00,0.0,0.0,0.0,25.0,1.5
2025-05-28T21:00:00+08:00,0.0,0.0,0.0,25.0,1.5
2025-05-28T22:00:00+08:00,0.0,0.0,0.0,25.0,1.5
2025-05-28T23:00:00+08:00,0.0,0.0,0.0,25.0,1.5
2025-05-29T00:00:00+08:00,0.0,0.0,0.0,25.0,1.5
2025-05-29T01:00:00+08:00,0.0,0.0,0.0,25.0,1.5
2025-05-29T02:00:00+08:00,0.0,0.0,0.0,25.0,1.5
2025-05-29T03:00:00+08:00,0.0,0.0,0.0,25.0,1.5
2025-05-29T04:00:00+08:00,0.0,0.0,0.0,25.0,1.5
2025-05-29T05:00:00+08:00,0.0,0.0,0.0,25.0,1.5
2025-05-29T06:00:00+08:00,116.9454,650.0,15.5927,25.0,1.5
2025-05-29T07:00:00+08:00,282.6196,650.0,37.6826,25.0,1.5
2025-05-29T08:00:00+08:00,436.4237,650.0,58.1898,25.0,1.5
2025-05-29T09:00:00+08:00,567.8762,650.0,75.7168,25.0,1.5
2025-05-29T10:00:00+08:00,668.0188,650.0,89.0692,25.0,1.5
2025-05-29T11:00:00+08:00,730.027,650.0,97.3369,25.0,1.5
2025-05-29T12:00:00+08:00,749.6751,650.0,99.9567,25.0,1.5
2025-05-29T13:00:00+08:00,725.6239,650.0,96.7499,25.0,1.5
2025-05-29T14:00:00+08:00,659.5127,650.0,87.935,25.0,1.5
2025-05-29T15:00:00+08:00,555.8467,650.0,74.1129,25.0,1.5
2025-05-29T16:00:00+08:00,421.6906,650.0,56.2254,25.0,1.5
2025-05-29T17:00:00+08:00,266.187,650.0,35.4916,25.0,1.5
2025-05-29T18:00:00+08:00,99.9331,650.0,13.3244,25.0,1.5
2025-05-29T19:00:00+08:00,0.0,0.0,0.0,25.0,1.5
2025-05-29T20:00:00+08:00,0.0,0.0,0.0,25.0,1.5
2025-05-29T21:00:00+08:00,0.0,0.0,0.0,25.0,1.5
2025-05-29T22:00:00+08:00,0.0,0.0,0.0,25.0,1.5
2025-05-29T23:00:00+08:00,0.0,0.0,0.0,25.0,1.5
2025-05-30T00:00:00+08:00,0.0,0.0,0.0,25.0,1.5
2025-05-30T01:00:00+08:00,0.0,0.0,0.0,25.0,1.5
2025-05-30T02:00:00+08:00,0.0,0.0,0.0,25.0,1.5
2025-05-30T03:00:00+08:00,0.0,0.0,0.0,25.0,1.5
2025-05-30T04:00:00+08:00,0.0,0.0,0.0,25.0,1.5
2025-05-30T05:00:00+08:00,0.0,0.0,0.0,25.0,1.5
2025-05-30T06:00:00+08:00,117.6726,650.0,15.6897,25.0,1.5
2025-05-30T07:00:00+08:00,283.1698,650.0,37.756,25.0,1.5
2025-05-30T08:00:00+08:00,436.8096,650.0,58.2413,25.0,1.5
2025-05-30T09:00:00+08:00,568.1217,650.0,75.7496,25.0,1.5
2025-05-30T10:00:00+08:00,668.1574,650.0,89.0877,25.0,1.5
2025-05-30T11:00:00+08:00,730.0993,650.0,97.3466,25.0,1.5
2025-05-30T12:00:00+08:00,749.7264,650.0,99.9635,25.0,1.5
2025-05-30T13:00:00+08:00,725.7009,650.0,96.7601,25.0,1.5
2025-05-30T14:00:00+08:00,659.6603,650.0,87.9547,25.0,1.5
2025-05-30T15:00:00+08:00,556.105,650.0,74.1473,25.0,1.5
2025-05-30T16:00:00+08:00,422.0922,650.0,56.279,25.0,1.5
2025-05-30T17:00:00+08:00,266.7547,650.0,35.5673,25.0,1.5
2025-05-30T18:00:00+08:00,100.6784,650.0,13.4238,25.0,1.5
2025-05-30T19:00:00+08:00,0.0,0.0,0.0,25.0,1.5
2025-05-30T20:00:00+08:00,0.0,0.0,0.0,25.0,1.5
2025-05-30T21:00:00+08:00,0.0,0.0,0.0,25.0,1.5
2025-05-30T22:00:00+08:00,0.0,0.0,0.0,25.0,1.5
2025-05-30T23:00:00+08:00,0.0,0.0,0.0,25.0,1.5
2025-05-31T00:00:00+08:00,0.0,0.0,0.0,25.0,1.5
2025-05-31T01:00:00+08:00,0.0,0.0,0.0,25.0,1.5
2025-05-31T02:00:00+08:00,0.0,0.0,0.0,25.0,1.5
2025-05-31T03:00:00+08:00,0.0,0.0,0.0,25.0,1.5
2025-05-31T04:00:00+08:00,0.0,0.0,0.0,25.0,1.5
2025-05-31T05:00:00+08:00,0.0,0.0,0.0,25.0,1.5
2025-05-31T06:00:00+08:00,118.3685,650.0,15.7825,25.0,1.5
2025-05-31T07:00:00+08:00,283.6951,650.0,37.826,25.0,1.5
2025-05-31T08:00:00+08:00,437.1764,650.0,58.2902,25.0,1.5
2025-05-31T09:00:00+08:00,568.3531,650.0,75.7804,25.0,1.5
2025-05-31T10:00:00+08:00,668.2856,650.0,89.1047,25.0,1.5
2025-05-31T11:00:00+08:00,730.1637,650.0,97.3552,25.0,1.5
2025-05-31T12:00:00+08:00,749.7705,650.0,99.9694,25.0,1.5
2025-05-31T13:00:00+08:00,725.7698,650.0,96.7693,25.0,1.5
2025-05-31T14:00:00+08:00,659.7973,650.0,87.973,25.0,1.5
2025-05-31T15:00:00+08:00,556.3488,650.0,74.1798,25.0,1.5
2025-05-31T16:00:00+08:00,422.4742,650.0,56.3299,25.0,1.5
2025-05-31T17:00:00+08:00,267.2969,650.0,35.6396,25.0,1.5
2025-05-31T18:00:00+08:00,101.3919,650.0,13.5189,25.0,1.5
2025-05-31T19:00:00+08:00,0.0,0.0,0.0,25.0,1.5
2025-05-31T20:00:00+08:00,0.0,0.0,0.0,25.0,1.5
2025-05-31T21:00:00+08:00,0.0,0.0,0.0,25.0,1.5
2025-05-31T22:00:00+08:00,0.0,0.0,0.0,25.0,1.5
2025-05-31T23:00:00+08:00,0.0,0.0,0.0,25.0,1.5
2025-06-01T00:00:00+08:00,0.0,0.0,0.0,25.0,1.5
2025-06-01T01:00:00+08:00,0.0,0.0,0.0,25.0,1.5
2025-06-01T02:00:00+08:00,0.0,0.0,0.0,25.0,1.5
2025-06-01T03:00:00+08:00,0.0,0.0,0.0,25.0,1.5
2025-06-01T04:00:00+08:00,0.0,0.0,0.0,25.0,1.5
2025-06-01T05:00:00+08:00,0.0,0.0,0.0,25.0,1.5
2025-06-01T06:00:00+08:00,119.0331,650.0,15.8711,25.0,1.5
2025-06-01T07:00:00+08:00,284.1955,650.0,37.8927,25.0,1.5
2025-06-01T08:00:00+08:00,437.5244,650.0,58.3366,25.0,1.5
2025-06-01T09:00:00+08:00,568.5708,650.0,75.8094,25.0,1.5
2025-06-01T10:00:00+08:00,668.404,650.0,89.1205,25.0,1.5
2025-06-01T11:00:00+08:00,730.2206,650.0,97.3628,25.0,1.5
2025-06-01T12:00:00+08:00,749.808,650.0,99.9744,25.0,1.5
2025-06-01T13:00:00+08:00,725.8311,650.0,96.7775,25.0,1.5
2025-06-01T14:00:00+08:00,659.9241,650.0,87.9899,25.0,1.5
2025-06-01T15:00:00+08:00,556.5784,650.0,74.2105,25.0,1.5
2025-06-01T16:00:00+08:00,422.8368,650.0,56.3782,25.0,1.5
2025-06-01T17:00:00+08:00,267.8136,650.0,35.7085,25.0,1.5
2025-06-01T18:00:00+08:00,102.0733,650.0,13.6098,25.0,1.5
2025-06-01T19:00:00+08:00,0.0,0.0,0.0,25.0,1.5
2025-06-01T20:00:00+08:00,0.0,0.0,0.0,25.0,1.5
2025-06-01T21:00:00+08:00,0.0,0.0,0.0,25.0,1.5
2025-06-01T22:00:00+08:00,0.0,0.0,0.0,25.0,1.5
2025-06-01T23:00:00+08:00,0.0,0.0,0.0,25.0,1.5
2025-06-02T00:00:00+08:00,0.0,0.0,0.0,25.0,1.5
2025-06-02T01:00:00+08:00,0.0,0.0,0.0,25.0,1.5
2025-06-02T02:00:00+08:00,0.0,0.0,0.0,25.0,1.5
2025-06-02T03:00:00+08:00,0.0,0.0,0.0,25.0,1.5
2025-06-02T04:00:00+08:00,0.0,0.0,0.0,25.0,1.5
2025-06-02T05:00:00+08:00,0.0,0.0,0.0,25.0,1.5
2025-06-02T06:00:00+08:00,119.6663,650.0,15.9555,25.0,1.5
2025-06-02T07:00:00+08:00,284.6711,650.0,37.9562,25.0,1.5
2025-06-02T08:00:00+08:00,437.8538,650.0,58.3805,25.0,1.5
2025-06-02T09:00:00+08:00,568.7752,650.0,75.8367,25.0,1.5
2025-06-02T10:00:00+08:00,668.5132,650.0,89.1351,25.0,1.5
2025-06-02T11:00:00+08:00,730.2708,650.0,97.3694,25.0,1.5
2025-06-02T12:00:00+08:00,749.8395,650.0,99.9786,25.0,1.5
2025-06-02T13:00:00+08:00,725.8855,650.0,96.7847,25.0,1.5
2025-06-02T14:00:00+08:00,660.0414,650.0,88.0055,25.0,1.5
2025-06-02T15:00:00+08:00,556.7942,650.0,74.2392,25.0,1.5
2025-06-02T16:00:00+08:00,423.1802,650.0,56.424,25.0,1.5
2025-06-02T17:00:00+08:00,268.3049,650.0,35.774,25.0,1.5
2025-06-02T18:00:00+08:00,102.7227,650.0,13.6964,25.0,1.5
2025-06-02T19:00:00+08:00,0.0,0.0,0.0,25.0,1.5
2025-06-02T20:00:00+08:00,0.0,0.0,0.0,25.0,1.5
2025-06-02T21:00:00+08:00,0.0,0.0,0.0,25.0,1.5
2025-06-02T22:00:00+08:00,0.0,0.0,0.0,25.0,1.5
2025-06-02T23:00:00+08:00,0.0,0.0,0.0,25.0,1.5
2025-06-03T00:00:00+08:00,0.0,0.0,0.0,25.0,1.5
2025-06-03T01:00:00+08:00,0.0,0.0,0.0,25.0,1.5
2025-06-03T02:00:00+08:00,0.0,0.0,0.0,25.0,1.5
2025-06-03T03:00:00+08:00,0.0,0.0,0.0,25.0,1.5
2025-06-03T04:00:00+08:00,0.0,0.0,0.0,25.0,1.5
2025-06-03T05:00:00+08:00,0.0,0.0,0.0,25.0,1.5
2025-06-03T06:00:00+08:00,120.268,650.0,16.0357,25.0,1.5
2025-06-03T07:00:00+08:00,285.1221,650.0,38.0163,25.0,1.5
2025-06-03T08:00:00+08:00,438.1649,650.0,58.422,25.0,1.5
2025-06-03T09:00:00+08:00,568.9667,650.0,75.8622,25.0,1.5
2025-06-03T10:00:00+08:00,668.6136,650.0,89.1485,25.0,1.5
2025-06-03T11:00:00+08:00,730.3148,650.0,97.3753,25.0,1.5
2025-06-03T12:00:00+08:00,749.8656,650.0,99.9821,25.0,1.5
2025-06-03T13:00:00+08:00,725.9335,650.0,96.7911,25.0,1.5
2025-06-03T14:00:00+08:00,660.1495,650.0,88.0199,25.0,1.5
2025-06-03T15:00:00+08:00,556.9967,650.0,74.2662,25.0,1.5
2025-06-03T16:00:00+08:00,423.5047,650.0,56.4673,25.0,1.5
2025-06-03T17:00:00+08:00,268.7708,650.0,35.8361,25.0,1.5
2025-06-03T18:00:00+08:00,103.3399,650.0,13.7786,25.0,1.5
2025-06-03T19:00:00+08:00,0.0,0.0,0.0,25.0,1.5
2025-06-03T20:00:00+08:00,0.0,0.0,0.0,25.0,1.5
2025-06-03T21:00:00+08:00,0.0,0.0,0.0,25.0,1.5
2025-06-03T22:00:00+08:00,0.0,0.0,0.0,25.0,1.5
2025-06-03T23:00:00+08:00,0.0,0.0,0.0,25.0,1.5
2025-06-04T00:00:00+08:00,0.0,0.0,0.0,25.0,1.5
2025-06-04T01:00:00+08:00,0.0,0.0,0.0,25.0,1.5
2025-06-04T02:00:00+08:00,0.0,0.0,0.0,25.0,1.5
2025-06-04T03:00:00+08:00,0.0,0.0,0.0,25.0,1.5
2025-06-04T04:00:00+08:00,0.0,0.0,0.0,25.0,1.5
2025-06-04T05:00:00+08:00,0.0,0.0,0.0,25.0,1.5
2025-06-04T06:00:00+08:00,120.8381,650.0,16.1117,25.0,1.5
2025-06-04T07:00:00+08:00,285.5485,650.0,38.0731,25.0,1.5
2025-06-04T08:00:00+08:00,438.4579,650.0,58.461,25.0,1.5
2025-06-04T09:00:00+08:00,569.1457,650.0,75.8861,25.0,1.5
2025-06-04T10:00:00+08:00,668.7057,650.0,89.1608,25.0,1.5
2025-06-04T11:00:00+08:00,730.3532,650.0,97.3804,25.0,1.5
2025-06-04T12:00:00+08:00,749.8869,650.0,99.9849,25.0,1.5
2025-06-04T13:00:00+08:00,725.9757,650.0,96.7968,25.0,1.5
2025-06-04T14:00:00+08:00,660.249,650.0,88.0332,25.0,1.5
2025-06-04T15:00:00+08:00,557.1861,650.0,74.2915,25.0,1.5
2025-06-04T16:00:00+08:00,423.8104,650.0,56.5081,25.0,1.5
2025-06-04T17:00:00+08:00,269.2114,650.0,35.8949,25.0,1.5
2025-06-04T18:00:00+08:00,103.9247,650.0,13.8566,25.0,1.5
2025-06-04T19:00:00+08:00,0.0,0.0,0.0,25.0,1.5
2025-06-04T20:00:00+08:00,0.0,0.0,0.0,25.0,1.5
2025-06-04T21:00:00+08:00,0.0,0.0,0.0,25.0,1.5
2025-06-04T22:00:00+08:00,0.0,0.0,0.0,25.0,1.5
2025-06-04T23:00:00+08:00,0.0,0.0,0.0,25.0,1.5
2025-06-05T00:00:00+08:00,0.0,0.0,0.0,25.0,1.5
2025-06-05T01:00:00+08:00,0.0,0.0,0.0,25.0,1.5
2025-06-05T02:00:00+08:00,0.0,0.0,0.0,25.0,1.5
2025-06-05T03:00:00+08:00,0.0,0.0,0.0,25.0,1.5
2025-06-05T04:00:00+08:00,0.0,0.0,0.0,25.0,1.5
2025-06-05T05:00:00+08:00,0.0,0.0,0.0,25.0,1.5
2025-06-05T06:00:00+08:00,121.3764,650.0,16.1835,25.0,1.5
2025-06-05T07:00:00+08:00,285.9504,650.0,38.1267,25.0,1.5
2025-06-05T08:00:00+08:00,438.733,650.0,58.4977,25.0,1.5
2025-06-05T09:00:00+08:00,569.3125,650.0,75.9083,25.0,1.5
2025-06-05T10:00:00+08:00,668.7901,650.0,89.172,25.0,1.5
2025-06-05T11:00:00+08:00,730.3865,650.0,97.3849,25.0,1.5
2025-06-05T12:00:00+08:00,749.904,650.0,99.9872,25.0,1.5
2025-06-05T13:00:00+08:00,726.0126,650.0,96.8017,25.0,1.5
2025-06-05T14:00:00+08:00,660.3404,650.0,88.0454,25.0,1.5
2025-06-05T15:00:00+08:00,557.3628,650.0,74.315,25.0,1.5
2025-06-05T16:00:00+08:00,424.0977,650.0,56.5464,25.0,1.5
2025-06-05T17:00:00+08:00,269.6268,650.0,35.9502,25.0,1.5
2025-06-05T18:00:00+08:00,104.4771,650.0,13.9303,25.0,1.5
2025-06-05T19:00:00+08:00,0.0,0.0,0.0,25.0,1.5
2025-06-05T20:00:00+08:00,0.0,0.0,0.0,25.0,1.5
2025-06-05T21:00:00+08:00,0.0,0.0,0.0,25.0,1.5
2025-06-05T22:00:00+08:00,0.0,0.0,0.0,25.0,1.5
2025-06-05T23:00:00+08:00,0.0,0.0,0.0,25.0,1.5
2025-06-06T00:00:00+08:00,0.0,0.0,0.0,25.0,1.5
2025-06-06T01:00:00+08:00,0.0,0.0,0.0,25.0,1.5
2025-06-06T02:00:00+08:00,0.0,0.0,0.0,25.0,1.5
2025-06-06T03:00:00+08:00,0.0,0.0,0.0,25.0,1.5
2025-06-06T04:00:00+08:00,0.0,0.0,0.0,25.0,1.5
2025-06-06T05:00:00+08:00,0.0,0.0,0.0,25.0,1.5
2025-06-06T06:00:00+08:00,121.883,650.0,16.2511,25.0,1.5
2025-06-06T07:00:00+08:00,286.3278,650.0,38.177,25.0,1.5
2025-06-06T08:00:00+08:00,438.9905,650.0,58.5321,25.0,1.5
2025-06-06T09:00:00+08:00,569.4676,650.0,75.929,25.0,1.5
2025-06-06T10:00:00+08:00,668.867,650.0,89.1823,25.0,1.5
2025-06-06T11:00:00+08:00,730.4151,650.0,97.3887,25.0,1.5
2025-06-06T12:00:00+08:00,749.9173,650.0,99.989,25.0,1.5
2025-06-06T13:00:00+08:00,726.0446,650.0,96.806,25.0,1.5
2025-06-06T14:00:00+08:00,660.424,650.0,88.0565,25.0,1.5
2025-06-06T15:00:00+08:00,557.5273,650.0,74.337,25.0,1.5
2025-06-06T16:00:00+08:00,424.3667,650.0,56.5822,25.0,1.5
2025-06-06T17:00:00+08:00,270.0171,650.0,36.0023,25.0,1.5
2025-06-06T18:00:00+08:00,104.9969,650.0,13.9996,25.0,1.5
2025-06-06T19:00:00+08:00,0.0,0.0,0.0,25.0,1.5
2025-06-06T20:00:00+08:00,0.0,0.0,0.0,25.0,1.5
2025-06-06T21:00:00+08:00,0.0,0.0,0.0,25.0,1.5
2025-06-06T22:00:00+08:00,0.0,0.0,0.0,25.0,1.5
2025-06-06T23:00:00+08:00,0.0,0.0,0.0,25.0,1.5
2025-06-07T00:00:00+08:00,0.0,0.0,0.0,25.0,1.5
2025-06-07T01:00:00+08:00,0.0,0.0,0.0,25.0,1.5
2025-06-07T02:00:00+08:00,0.0,0.0,0.0,25.0,1.5
2025-06-07T03:00:00+08:00,0.0,0.0,0.0,25.0,1.5
2025-06-07T04:00:00+08:00,0.0,0.0,0.0,25.0,1.5
2025-06-07T05:00:00+08:00,0.0,0.0,0.0,25.0,1.5
2025-06-07T06:00:00+08:00,122.3578,650.0,16.3144,25.0,1.5
2025-06-07T07:00:00+08:00,286.6809,650.0,38.2241,25.0,1.5
2025-06-07T08:00:00+08:00,439.2307,650.0,58.5641,25.0,1.5
2025-06-07T09:00:00+08:00,569.6111,650.0,75.9482,25.0,1.5
2025-06-07T10:00:00+08:00,668.9371,650.0,89.1916,25.0,1.5
2025-06-07T11:00:00+08:00,730.4396,650.0,97.3919,25.0,1.5
2025-06-07T12:00:00+08:00,749.9274,650.0,99.9903,25.0,1.5
2025-06-07T13:00:00+08:00,726.0724,650.0,96.8097,25.0,1.5
2025-06-07T14:00:00+08:00,660.5003,650.0,88.0667,25.0,1.5
2025-06-07T15:00:00+08:00,557.6797,650.0,74.3573,25.0,1.5
2025-06-07T16:00:00+08:00,424.6177,650.0,56.6157,25.0,1.5
2025-06-07T17:00:00+08:00,270.3822,650.0,36.051,25.0,1.5
2025-06-07T18:00:00+08:00,105.4842,650.0,14.0646,25.0,1.5
2025-06-07T19:00:00+08:00,0.0,0.0,0.0,25.0,1.5
2025-06-07T20:00:00+08:00,0.0,0.0,0.0,25.0,1.5
2025-06-07T21:00:00+08:00,0.0,0.0,0.0,25.0,1.5
2025-06-07T22:00:00+08:00,0.0,0.0,0.0,25.0,1.5
2025-06-07T23:00:00+08:00,0.0,0.0,0.0,25.0,1.5
2025-06-08T00:00:00+08:00,0.0,0.0,0.0,25.0,1.5
2025-06-08T01:00:00+08:00,0.0,0.0,0.0,25.0,1.5
2025-06-08T02:00:00+08:00,0.0,0.0,0.0,25.0,1.5
2025-06-08T03:00:00+08:00,0.0,0.0,0.0,25.0,1.5
2025-06-08T04:00:00+08:00,0.0,0.0,0.0,25.0,1.5
2025-06-08T05:00:00+08:00,0.0,0.0,0.0,25.0,1.5
2025-06-08T06:00:00+08:00,122.8006,650.0,16.3734,25.0,1.5
2025-06-08T07:00:00+08:00,287.0097,650.0,38.268,25.0,1.5
2025-06-08T08:00:00+08:00,439.4536,650.0,58.5938,25.0,1.5
2025-06-08T09:00:00+08:00,569.7436,650.0,75.9658,25.0,1.5
2025-06-08T10:00:00+08:00,669.0006,650.0,89.2001,25.0,1.5
2025-06-08T11:00:00+08:00,730.4604,650.0,97.3947,25.0,1.5
2025-06-08T12:00:00+08:00,749.9347,650.0,99.9913,25.0,1.5
2025-06-08T13:00:00+08:00,726.0962,650.0,96.8128,25.0,1.5
2025-06-08T14:00:00+08:00,660.5696,650.0,88.0759,25.0,1.5
2025-06-08T15:00:00+08:00,557.8204,650.0,74.3761,25.0,1.5
2025-06-08T16:00:00+08:00,424.8508,650.0,56.6468,25.0,1.5
2025-06-08T17:00:00+08:00,270.7223,650.0,36.0963,25.0,1.5
2025-06-08T18:00:00+08:00,105.9387,650.0,14.1252,25.0,1.5
2025-06-08T19:00:00+08:00,0.0,0.0,0.0,25.0,1.5
2025-06-08T20:00:00+08:00,0.0,0.0,0.0,25.0,1.5
2025-06-08T21:00:00+08:00,0.0,0.0,0.0,25.0,1.5
2025-06-08T22:00:00+08:00,0.0,0.0,0.0,25.0,1.5
2025-06-08T23:00:00+08:00,0.0,0.0,0.0,25.0,1.5
2025-06-09T00:00:00+08:00,0.0,0.0,0.0,25.0,1.5
2025-06-09T01:00:00+08:00,0.0,0.0,0.0,25.0,1.5
2025-06-09T02:00:00+08:00,0.0,0.0,0.0,25.0,1.5
2025-06-09T03:00:00+08:00,0.0,0.0,0.0,25.0,1.5
2025-06-09T04:00:00+08:00,0.0,0.0,0.0,25.0,1.5
2025-06-09T05:00:00+08:00,0.0,0.0,0.0,25.0,1.5
2025-06-09T06:00:00+08:00,123.2115,650.0,16.4282,25.0,1.5
2025-06-09T07:00:00+08:00,287.3143,650.0,38.3086,25.0,1.5
2025-06-09T08:00:00+08:00,439.6595,650.0,58.6213,25.0,1.5
2025-06-09T09:00:00+08:00,569.8651,650.0,75.982,25.0,1.5
2025-06-09T10:00:00+08:00,669.0579,650.0,89.2077,25.0,1.5
2025-06-09T11:00:00+08:00,730.4779,650.0,97.3971,25.0,1.5
2025-06-09T12:00:00+08:00,749.9396,650.0,99.9919,25.0,1.5
2025-06-09T13:00:00+08:00,726.1166,650.0,96.8155,25.0,1.5
2025-06-09T14:00:00+08:00,660.6324,650.0,88.0843,25.0,1.5
2025-06-09T15:00:00+08:00,557.9497,650.0,74.3933,25.0,1.5
2025-06-09T16:00:00+08:00,425.0661,650.0,56.6755,25.0,1.5
2025-06-09T17:00:00+08:00,271.0375,650.0,36.1383,25.0,1.5
2025-06-09T18:00:00+08:00,106.3605,650.0,14.1814,25.0,1.5
2025-06-09T19:00:00+08:00,0.0,0.0,0.0,25.0,1.5
2025-06-09T20:00:00+08:00,0.0,0.0,0.0,25.0,1.5
2025-06-09T21:00:00+08:00,0.0,0.0,0.0,25.0,1.5
2025-06-09T22:00:00+08:00,0.0,0.0,0.0,25.0,1.5
2025-06-09T23:00:00+08:00,0.0,0.0,0.0,25.0,1.5
2025-06-10T00:00:00+08:00,0.0,0.0,0.0,25.0,1.5
2025-06-10T01:00:00+08:00,0.0,0.0,0.0,25.0,1.5
2025-06-10T02:00:00+08:00,0.0,0.0,0.0,25.0,1.5
2025-06-10T03:00:00+08:00,0.0,0.0,0.0,25.0,1.5
2025-06-10T04:00:00+08:00,0.0,0.0,0.0,25.0,1.5
2025-06-10T05:00:00+08:00,0.0,0.0,0.0,25.0,1.5
2025-06-10T06:00:00+08:00,123.5904,650.0,16.4787,25.0,1.5
2025-06-10T07:00:00+08:00,287.5947,650.0,38.346,25.0,1.5
2025-06-10T08:00:00+08:00,439.8486,650.0,58.6465,25.0,1.5
2025-06-10T09:00:00+08:00,569.9761,650.0,75.9968,25.0,1.5
2025-06-10T10:00:00+08:00,669.1094,650.0,89.2146,25.0,1.5
2025-06-10T11:00:00+08:00,730.4926,650.0,97.399,25.0,1.5
2025-06-10T12:00:00+08:00,749.9426,650.0,99.9923,25.0,1.5
2025-06-10T13:00:00+08:00,726.1338,650.0,96.8178,25.0,1.5
2025-06-10T14:00:00+08:00,660.6889,650.0,88.0919,25.0,1.5
2025-06-10T15:00:00+08:00,558.0678,650.0,74.409,25.0,1.5
2025-06-10T16:00:00+08:00,425.2639,650.0,56.7019,25.0,1.5
2025-06-10T17:00:00+08:00,271.3277,650.0,36.177,25.0,1.5
2025-06-10T18:00:00+08:00,106.7495,650.0,14.2333,25.0,1.5
2025-06-10T19:00:00+08:00,0.0,0.0,0.0,25.0,1.5
2025-06-10T20:00:00+08:00,0.0,0.0,0.0,25.0,1.5
2025-06-10T21:00:00+08:00,0.0,0.0,0.0,25.0,1.5
2025-06-10T22:00:00+08:00,0.0,0.0,0.0,25.0,1.5
2025-06-10T23:00:00+08:00,0.0,0.0,0.0,25.0,1.5
2025-06-11T00:00:00+08:00,0.0,0.0,0.0,25.0,1.5
2025-06-11T01:00:00+08:00,0.0,0.0,0.0,25.0,1.5
2025-06-11T02:00:00+08:00,0.0,0.0,0.0,25.0,1.5
2025-06-11T03:00:00+08:00,0.0,0.0,0.0,25.0,1.5
2025-06-11T04:00:00+08:00,0.0,0.0,0.0,25.0,1.5
2025-06-11T05:00:00+08:00,0.0,0.0,0.0,25.0,1.5
2025-06-11T06:00:00+08:00,123.9372,650.0,16.525,25.0,1.5
2025-06-11T07:00:00+08:00,287.8511,650.0,38.3801,25.0,1.5
2025-06-11T08:00:00+08:00,440.021,650.0,58.6695,25.0,1.5
2025-06-11T09:00:00+08:00,570.0768,650.0,76.0102,25.0,1.5
2025-06-11T10:00:00+08:00,669.1553,650.0,89.2207,25.0,1.5
2025-06-11T11:00:00+08:00,730.5047,650.0,97.4006,25.0,1.5
2025-06-11T12:00:00+08:00,749.944,650.0,99.9925,25.0,1.5
2025-06-11T13:00:00+08:00,726.1484,650.0,96.8198,25.0,1.5
2025-06-11T14:00:00+08:00,660.7396,650.0,88.0986,25.0,1.5
2025-06-11T15:00:00+08:00,558.175,650.0,74.4233,25.0,1.5
2025-06-11T16:00:00+08:00,425.4444,650.0,56.7259,25.0,1.5
2025-06-11T17:00:00+08:00,271.593,650.0,36.2124,25.0,1.5
2025-06-11T18:00:00+08:00,107.1056,650.0,14.2807,25.0,1.5
2025-06-11T19:00:00+08:00,0.0,0.0,0.0,25.0,1.5
2025-06-11T20:00:00+08:00,0.0,0.0,0.0,25.0,1.5
2025-06-11T21:00:00+08:00,0.0,0.0,0.0,25.0,1.5
2025-06-11T22:00:00+08:00,0.0,0.0,0.0,25.0,1.5
2025-06-11T23:00:00+08:00,0.0,0.0,0.0,25.0,1.5
2025-06-12T00:00:00+08:00,0.0,0.0,0.0,25.0,1.5
2025-06-12T01:00:00+08:00,0.0,0.0,0.0,25.0,1.5
2025-06-12T02:00:00+08:00,0.0,0.0,0.0,25.0,1.5
2025-06-12T03:00:00+08:00,0.0,0.0,0.0,25.0,1.5
2025-06-12T04:00:00+08:00,0.0,0.0,0.0,25.0,1.5
2025-06-12T05:00:00+08:00,0.0,0.0,0.0,25.0,1.5
2025-06-12T06:00:00+08:00,124.2518,650.0,16.5669,25.0,1.5
2025-06-12T07:00:00+08:00,288.0834,650.0,38.4111,25.0,1.5
2025-06-12T08:00:00+08:00,440.1768,650.0,58.6902,25.0,1.5
2025-06-12T09:00:00+08:00,570.1673,650.0,76.0223,25.0,1.5
2025-06-12T10:00:00+08:00,669.1961,650.0,89.2261,25.0,1.5
2025-06-12T11:00:00+08:00,730.5147,650.0,97.402,25.0,1.5
2025-06-12T12:00:00+08:00,749.9441,650.0,99.9926,25.0,1.5
2025-06-12T13:00:00+08:00,726.1605,650.0,96.8214,25.0,1.5
2025-06-12T14:00:00+08:00,660.7846,650.0,88.1046,25.0,1.5
2025-06-12T15:00:00+08:00,558.2715,650.0,74.4362,25.0,1.5
2025-06-12T16:00:00+08:00,425.6076,650.0,56.7477,25.0,1.5
2025-06-12T17:00:00+08:00,271.8335,650.0,36.2445,25.0,1.5
2025-06-12T18:00:00+08:00,107.4287,650.0,14.3238,25.0,1.5
2025-06-12T19:00:00+08:00,0.0,0.0,0.0,25.0,1.5
2025-06-12T20:00:00+08:00,0.0,0.0,0.0,25.0,1.5
2025-06-12T21:00:00+08:00,0.0,0.0,0.0,25.0,1.5
2025-06-12T22:00:00+08:00,0.0,0.0,0.0,25.0,1.5
2025-06-12T23:00:00+08:00,0.0,0.0,0.0,25.0,1.5
2025-06-13T00:00:00+08:00,0.0,0.0,0.0,25.0,1.5
2025-06-13T01:00:00+08:00,0.0,0.0,0.0,25.0,1.5
2025-06-13T02:00:00+08:00,0.0,0.0,0.0,25.0,1.5
2025-06-13T03:00:00+08:00,0.0,0.0,0.0,25.0,1.5
2025-06-13T04:00:00+08:00,0.0,0.0,0.0,25.0,1.5
2025-06-13T05:00:00+08:00,0.0,0.0,0.0,25.0,1.5
2025-06-13T06:00:00+08:00,124.5343,650.0,16.6046,25.0,1.5
2025-06-13T07:00:00+08:00,288.2917,650.0,38.4389,25.0,1.5
2025-06-13T08:00:00+08:00,440.3163,650.0,58.7088,25.0,1.5
2025-06-13T09:00:00+08:00,570.248,650.0,76.0331,25.0,1.5
2025-06-13T10:00:00+08:00,669.232,650.0,89.2309,25.0,1.5
2025-06-13T11:00:00+08:00,730.5227,650.0,97.403,25.0,1.5
2025-06-13T12:00:00+08:00,749.9434,650.0,99.9925,25.0,1.5
2025-06-13T13:00:00+08:00,726.1706,650.0,96.8227,25.0,1.5
2025-06-13T14:00:00+08:00,660.8242,650.0,88.1099,25.0,1.5
2025-06-13T15:00:00+08:00,558.3576,650.0,74.4477,25.0,1.5
2025-06-13T16:00:00+08:00,425.7537,650.0,56.7672,25.0,1.5
2025-06-13T17:00:00+08:00,272.0492,650.0,36.2732,25.0,1.5
2025-06-13T18:00:00+08:00,107.7188,650.0,14.3625,25.0,1.5
2025-06-13T19:00:00+08:00,0.0,0.0,0.0,25.0,1.5
2025-06-13T20:00:00+08:00,0.0,0.0,0.0,25.0,1.5
2025-06-13T21:00:00+08:00,0.0,0.0,0.0,25.0,1.5
2025-06-13T22:00:00+08:00,0.0,0.0,0.0,25.0,1.5
2025-06-13T23:00:00+08:00,0.0,0.0,0.0,25.0,1.5
2025-06-14T00:00:00+08:00,0.0,0.0,0.0,25.0,1.5
2025-06-14T01:00:00+08:00,0.0,0.0,0.0,25.0,1.5
2025-06-14T02:00:00+08:00,0.0,0.0,0.0,25.0,1.5
2025-06-14T03:00:00+08:00,0.0,0.0,0.0,25.0,1.5
2025-06-14T04:00:00+08:00,0.0,0.0,0.0,25.0,1.5
2025-06-14T05:00:00+08:00,0.0,0.0,0.0,25.0,1.5
2025-06-14T06:00:00+08:00,124.7846,650.0,16.638,25.0,1.5
2025-06-14T07:00:00+08:00,288.4761,650.0,38.4635,25.0,1.5
2025-06-14T08:00:00+08:00,440.4396,650.0,58.7253,25.0,1.5
2025-06-14T09:00:00+08:00,570.3189,650.0,76.0425,25.0,1.5
2025-06-14T10:00:00+08:00,669.2631,650.0,89.2351,25.0,1.5
2025-06-14T11:00:00+08:00,730.5292,650.0,97.4039,25.0,1.5
2025-06-14T12:00:00+08:00,749.9421,650.0,99.9923,25.0,1.5
2025-06-14T13:00:00+08:00,726.1788,650.0,96.8238,25.0,1.5
2025-06-14T14:00:00+08:00,660.8587,650.0,88.1145,25.0,1.5
2025-06-14T15:00:00+08:00,558.4333,650.0,74.4578,25.0,1.5
2025-06-14T16:00:00+08:00,425.8828,650.0,56.7844,25.0,1.5
2025-06-14T17:00:00+08:00,272.2401,650.0,36.2987,25.0,1.5
2025-06-14T18:00:00+08:00,107.9759,650.0,14.3968,25.0,1.5
2025-06-14T19:00:00+08:00,0.0,0.0,0.0,25.0,1.5
2025-06-14T20:00:00+08:00,0.0,0.0,0.0,25.0,1.5
2025-06-14T21:00:00+08:00,0.0,0.0,0.0,25.0,1.5
2025-06-14T22:00:00+08:00,0.0,0.0,0.0,25.0,1.5
2025-06-14T23:00:00+08:00,0.0,0.0,0.0,25.0,1.5
2025-06-15T00:00:00+08:00,0.0,0.0,0.0,25.0,1.5
2025-06-15T01:00:00+08:00,0.0,0.0,0.0,25.0,1.5
2025-06-15T02:00:00+08:00,0.0,0.0,0.0,25.0,1.5
2025-06-15T03:00:00+08:00,0.0,0.0,0.0,25.0,1.5
2025-06-15T04:00:00+08:00,0.0,0.0,0.0,25.0,1.5
2025-06-15T05:00:00+08:00,0.0,0.0,0.0,25.0,1.5
2025-06-15T06:00:00+08:00,125.0027,650.0,16.667,25.0,1.5
2025-06-15T07:00:00+08:00,288.6367,650.0,38.4849,25.0,1.5
2025-06-15T08:00:00+08:00,440.5467,650.0,58.7396,25.0,1.5
2025-06-15T09:00:00+08:00,570.3804,650.0,76.0507,25.0,1.5
2025-06-15T10:00:00+08:00,669.2898,650.0,89.2386,25.0,1.5
2025-06-15T11:00:00+08:00,730.5343,650.0,97.4046,25.0,1.5
2025-06-15T12:00:00+08:00,749.9404,650.0,99.9921,25.0,1.5
2025-06-15T13:00:00+08:00,726.1854,650.0,96.8247,25.0,1.5
2025-06-15T14:00:00+08:00,660.8883,650.0,88.1184,25.0,1.5
2025-06-15T15:00:00+08:00,558.499,650.0,74.4665,25.0,1.5
2025-06-15T16:00:00+08:00,425.995,650.0,56.7993,25.0,1.5
2025-06-15T17:00:00+08:00,272.4064,650.0,36.3208,25.0,1.5
2025-06-15T18:00:00+08:00,108.1999,650.0,14.4267,25.0,1.5
2025-06-15T19:00:00+08:00,0.0,0.0,0.0,25.0,1.5
2025-06-15T20:00:00+08:00,0.0,0.0,0.0,25.0,1.5
2025-06-15T21:00:00+08:00,0.0,0.0,0.0,25.0,1.5
2025-06-15T22:00:00+08:00,0.0,0.0,0.0,25.0,1.5
2025-06-15T23:00:00+08:00,0.0,0.0,0.0,25.0,1.5
2025-06-16T00:00:00+08:00,0.0,0.0,0.0,25.0,1.5
2025-06-16T01:00:00+08:00,0.0,0.0,0.0,25.0,1.5
2025-06-16T02:00:00+08:00,0.0,0.0,0.0,25.0,1.5
2025-06-16T03:00:00+08:00,0.0,0.0,0.0,25.0,1.5
2025-06-16T04:00:00+08:00,0.0,0.0,0.0,25.0,1.5
2025-06-16T05:00:00+08:00,0.0,0.0,0.0,25.0,1.5
2025-06-16T06:00:00+08:00,125.1885,650.0,16.6918,25.0,1.5
2025-06-16T07:00:00+08:00,288.7733,650.0,38.5031,25.0,1.5
2025-06-16T08:00:00+08:00,440.6378,650.0,58.7517,25.0,1.5
2025-06-16T09:00:00+08:00,570.4324,650.0,76.0577,25.0,1.5
2025-06-16T10:00:00+08:00,669.3121,650.0,89.2416,25.0,1.5
2025-06-16T11:00:00+08:00,730.5383,650.0,97.4051,25.0,1.5
2025-06-16T12:00:00+08:00,749.9385,650.0,99.9918,25.0,1.5
2025-06-16T13:00:00+08:00,726.1907,650.0,96.8254,25.0,1.5
2025-06-16T14:00:00+08:00,660.9132,650.0,88.1218,25.0,1.5
2025-06-16T15:00:00+08:00,558.5546,650.0,74.4739,25.0,1.5
2025-06-16T16:00:00+08:00,426.0904,650.0,56.8121,25.0,1.5
2025-06-16T17:00:00+08:00,272.5479,650.0,36.3397,25.0,1.5
2025-06-16T18:00:00+08:00,108.3907,650.0,14.4521,25.0,1.5
2025-06-16T19:00:00+08:00,0.0,0.0,0.0,25.0,1.5
2025-06-16T20:00:00+08:00,0.0,0.0,0.0,25.0,1.5
2025-06-16T21:00:00+08:00,0.0,0.0,0.0,25.0,1.5
2025-06-16T22:00:00+08:00,0.0,0.0,0.0,25.0,1.5
2025-06-16T23:00:00+08:00,0.0,0.0,0.0,25.0,1.5
2025-06-17T00:00:00+08:00,0.0,0.0,0.0,25.0,1.5
2025-06-17T01:00:00+08:00,0.0,0.0,0.0,25.0,1.5
2025-06-17T02:00:00+08:00,0.0,0.0,0.0,25.0,1.5
2025-06-17T03:00:00+08:00,0.0,0.0,0.0,25.0,1.5
2025-06-17T04:00:00+08:00,0.0,0.0,0.0,25.0,1.5
2025-06-17T05:00:00+08:00,0.0,0.0,0.0,25.0,1.5
2025-06-17T06:00:00+08:00,125.3421,650.0,16.7123,25.0,1.5
2025-06-17T07:00:00+08:00,288.8862,650.0,38.5182,25.0,1.5
2025-06-17T08:00:00+08:00,440.7129,650.0,58.7617,25.0,1.5
2025-06-17T09:00:00+08:00,570.4753,650.0,76.0634,25.0,1.5
2025-06-17T10:00:00+08:00,669.3304,650.0,89.244,25.0,1.5
2025-06-17T11:00:00+08:00,730.5413,650.0,97.4055,25.0,1.5
2025-06-17T12:00:00+08:00,749.9367,650.0,99.9916,25.0,1.5
2025-06-17T13:00:00+08:00,726.1948,650.0,96.826,25.0,1.5
2025-06-17T14:00:00+08:00,660.9336,650.0,88.1245,25.0,1.5
2025-06-17T15:00:00+08:00,558.6004,650.0,74.4801,25.0,1.5
2025-06-17T16:00:00+08:00,426.1692,650.0,56.8226,25.0,1.5
2025-06-17T17:00:00+08:00,272.6648,650.0,36.3553,25.0,1.5
2025-06-17T18:00:00+08:00,108.5484,650.0,14.4731,25.0,1.5
2025-06-17T19:00:00+08:00,0.0,0.0,0.0,25.0,1.5
2025-06-17T20:00:00+08:00,0.0,0.0,0.0,25.0,1.5
2025-06-17T21:00:00+08:00,0.0,0.0,0.0,25.0,1.5
2025-06-17T22:00:00+08:00,0.0,0.0,0.0,25.0,1.5
2025-06-17T23:00:00+08:00,0.0,0.0,0.0,25.0,1.5
2025-06-18T00:00:00+08:00,0.0,0.0,0.0,25.0,1.5
2025-06-18T01:00:00+08:00,0.0,0.0,0.0,25.0,1.5
2025-06-18T02:00:00+08:00,0.0,0.0,0.0,25.0,1.5
2025-06-18T03:00:00+08:00,0.0,0.0,0.0,25.0,1.5
2025-06-18T04:00:00+08:00,0.0,0.0,0.0,25.0,1.5
2025-06-18T05:00:00+08:00,0.0,0.0,0.0,25.0,1.5
2025-06-18T06:00:00+08:00,125.4633,650.0,16.7284,25.0,1.5
2025-06-18T07:00:00+08:00,288.9753,650.0,38.53,25.0,1.5
2025-06-18T08:00:00+08:00,440.7721,650.0,58.7696,25.0,1.5
2025-06-18T09:00:00+08:00,570.509,650.0,76.0679,25.0,1.5
2025-06-18T10:00:00+08:00,669.3446,650.0,89.246,25.0,1.5
2025-06-18T11:00:00+08:00,730.5436,650.0,97.4058,25.0,1.5
2025-06-18T12:00:00+08:00,749.9352,650.0,99.9914,25.0,1.5
2025-06-18T13:00:00+08:00,726.1979,650.0,96.8264,25.0,1.5
2025-06-18T14:00:00+08:00,660.9495,650.0,88.1266,25.0,1.5
2025-06-18T15:00:00+08:00,558.6364,650.0,74.4849,25.0,1.5
2025-06-18T16:00:00+08:00,426.2312,650.0,56.8308,25.0,1.5
2025-06-18T17:00:00+08:00,272.7571,650.0,36.3676,25.0,1.5
2025-06-18T18:00:00+08:00,108.673,650.0,14.4897,25.0,1.5
2025-06-18T19:00:00+08:00,0.0,0.0,0.0,25.0,1.5
2025-06-18T20:00:00+08:00,0.0,0.0,0.0,25.0,1.5
2025-06-18T21:00:00+08:00,0.0,0.0,0.0,25.0,1.5
2025-06-18T22:00:00+08:00,0.0,0.0,0.0,25.0,1.5
2025-06-18T23:00:00+08:00,0.0,0.0,0.0,25.0,1.5
2025-06-19T00:00:00+08:00,0.0,0.0,0.0,25.0,1.5
2025-06-19T01:00:00+08:00,0.0,0.0,0.0,25.0,1.5
2025-06-19T02:00:00+08:00,0.0,0.0,0.0,25.0,1.5
2025-06-19T03:00:00+08:00,0.0,0.0,0.0,25.0,1.5
2025-06-19T04:00:00+08:00,0.0,0.0,0.0,25.0,1.5
2025-06-19T05:00:00+08:00,0.0,0.0,0.0,25.0,1.5
2025-06-19T06:00:00+08:00,125.5522,650.0,16.7403,25.0,1.5
2025-06-19T07:00:00+08:00,289.0406,650.0,38.5387,25.0,1.5
2025-06-19T08:00:00+08:00,440.8154,650.0,58.7754,25.0,1.5
2025-06-19T09:00:00+08:00,570.5336,650.0,76.0711,25.0,1.5
2025-06-19T10:00:00+08:00,669.355,650.0,89.2473,25.0,1.5
2025-06-19T11:00:00+08:00,730.5451,650.0,97.406,25.0,1.5
2025-06-19T12:00:00+08:00,749.9339,650.0,99.9912,25.0,1.5
2025-06-19T13:00:00+08:00,726.2001,650.0,96.8267,25.0,1.5
2025-06-19T14:00:00+08:00,660.9611,650.0,88.1281,25.0,1.5
2025-06-19T15:00:00+08:00,558.6628,650.0,74.4884,25.0,1.5
2025-06-19T16:00:00+08:00,426.2767,650.0,56.8369,25.0,1.5
2025-06-19T17:00:00+08:00,272.8247,650.0,36.3766,25.0,1.5
2025-06-19T18:00:00+08:00,108.7643,650.0,14.5019,25.0,1.5
2025-06-19T19:00:00+08:00,0.0,0.0,0.0,25.0,1.5
2025-06-19T20:00:00+08:00,0.0,0.0,0.0,25.0,1.5
2025-06-19T21:00:00+08:00,0.0,0.0,0.0,25.0,1.5
2025-06-19T22:00:00+08:00,0.0,0.0,0.0,25.0,1.5
2025-06-19T23:00:00+08:00,0.0,0.0,0.0,25.0,1.5
2025-06-20T00:00:00+08:00,0.0,0.0,0.0,25.0,1.5
2025-06-20T01:00:00+08:00,0.0,0.0,0.0,25.0,1.5
2025-06-20T02:00:00+08:00,0.0,0.0,0.0,25.0,1.5
2025-06-20T03:00:00+08:00,0.0,0.0,0.0,25.0,1.5
2025-06-20T04:00:00+08:00,0.0,0.0,0.0,25.0,1.5
2025-06-20T05:00:00+08:00,0.0,0.0,0.0,25.0,1.5
2025-06-20T06:00:00+08:00,125.6088,650.0,16.7478,25.0,1.5
2025-06-20T07:00:00+08:00,289.0821,650.0,38.5443,25.0,1.5
2025-06-20T08:00:00+08:00,440.843,650.0,58.7791,25.0,1.5
2025-06-20T09:00:00+08:00,570.5493,650.0,76.0732,25.0,1.5
2025-06-20T10:00:00+08:00,669.3616,650.0,89.2482,25.0,1.5
2025-06-20T11:00:00+08:00,730.546,650.0,97.4061,25.0,1.5
2025-06-20T12:00:00+08:00,749.933,650.0,99.9911,25.0,1.5
2025-06-20T13:00:00+08:00,726.2014,650.0,96.8269,25.0,1.5
2025-06-20T14:00:00+08:00,660.9684,650.0,88.1291,25.0,1.5
2025-06-20T15:00:00+08:00,558.6795,650.0,74.4906,25.0,1.5
2025-06-20T16:00:00+08:00,426.3056,650.0,56.8408,25.0,1.5
2025-06-20T17:00:00+08:00,272.8678,650.0,36.3824,25.0,1.5
2025-06-20T18:00:00+08:00,108.8225,650.0,14.5097,25.0,1.5
2025-06-20T19:00:00+08:00,0.0,0.0,0.0,25.0,1.5
2025-06-20T20:00:00+08:00,0.0,0.0,0.0,25.0,1.5
2025-06-20T21:00:00+08:00,0.0,0.0,0.0,25.0,1.5
2025-06-20T22:00:00+08:00,0.0,0.0,0.0,25.0,1.5
2025-06-20T23:00:00+08:00,0.0,0.0,0.0,25.0,1.5
2025-06-21T00:00:00+08:00,0.0,0.0,0.0,25.0,1.5
2025-06-21T01:00:00+08:00,0.0,0.0,0.0,25.0,1.5
2025-06-21T02:00:00+08:00,0.0,0.0,0.0,25.0,1.5
2025-06-21T03:00:00+08:00,0.0,0.0,0.0,25.0,1.5
2025-06-21T04:00:00+08:00,0.0,0.0,0.0,25.0,1.5
2025-06-21T05:00:00+08:00,0.0,0.0,0.0,25.0,1.5
2025-06-21T06:00:00+08:00,125.6331,650.0,16.7511,25.0,1.5
2025-06-21T07:00:00+08:00,289.0999,650.0,38.5467,25.0,1.5
2025-06-21T08:00:00+08:00,440.8549,650.0,58.7806,25.0,1.5
2025-06-21T09:00:00+08:00,570.556,650.0,76.0741,25.0,1.5
2025-06-21T10:00:00+08:00,669.3644,650.0,89.2486,25.0,1.5
2025-06-21T11:00:00+08:00,730.5464,650.0,97.4062,25.0,1.5
2025-06-21T12:00:00+08:00,749.9327,650.0,99.991,25.0,1.5
2025-06-21T13:00:00+08:00,726.202,650.0,96.8269,25.0,1.5
2025-06-21T14:00:00+08:00,660.9715,650.0,88.1295,25.0,1.5
2025-06-21T15:00:00+08:00,558.6867,650.0,74.4916,25.0,1.5
2025-06-21T16:00:00+08:00,426.318,650.0,56.8424,25.0,1.5
2025-06-21T17:00:00+08:00,272.8862,650.0,36.3848,25.0,1.5
2025-06-21T18:00:00+08:00,108.8474,650.0,14.513,25.0,1.5
2025-06-21T19:00:00+08:00,0.0,0.0,0.0,25.0,1.5
2025-06-21T20:00:00+08:00,0.0,0.0,0.0,25.0,1.5
2025-06-21T21:00:00+08:00,0.0,0.0,0.0,25.0,1.5
2025-06-21T22:00:00+08:00,0.0,0.0,0.0,25.0,1.5
2025-06-21T23:00:00+08:00,0.0,0.0,0.0,25.0,1.5
2025-06-22T00:00:00+08:00,0.0,0.0,0.0,25.0,1.5
2025-06-22T01:00:00+08:00,0.0,0.0,0.0,25.0,1.5
2025-06-22T02:00:00+08:00,0.0,0.0,0.0,25.0,1.5
2025-06-22T03:00:00+08:00,0.0,0.0,0.0,25.0,1.5
2025-06-22T04:00:00+08:00,0.0,0.0,0.0,25.0,1.5
2025-06-22T05:00:00+08:00,0.0,0.0,0.0,25.0,1.5
2025-06-22T06:00:00+08:00,125.625,650.0,16.75,25.0,1.5
2025-06-22T07:00:00+08:00,289.094,650.0,38.5459,25.0,1.5
2025-06-22T08:00:00+08:00,440.8509,650.0,58.7801,25.0,1.5
2025-06-22T09:00:00+08:00,570.5537,650.0,76.0738,25.0,1.5
2025-06-22T10:00:00+08:00,669.3634,650.0,89.2485,25.0,1.5
2025-06-22T11:00:00+08:00,730.5463,650.0,97.4062,25.0,1.5
2025-06-22T12:00:00+08:00,749.9328,650.0,99.991,25.0,1.5
2025-06-22T13:00:00+08:00,726.2018,650.0,96.8269,25.0,1.5
2025-06-22T14:00:00+08:00,660.9705,650.0,88.1294,25.0,1.5
2025-06-22T15:00:00+08:00,558.6843,650.0,74.4912,25.0,1.5
2025-06-22T16:00:00+08:00,426.3139,650.0,56.8419,25.0,1.5
2025-06-22T17:00:00+08:00,272.8801,650.0,36.384,25.0,1.5
2025-06-22T18:00:00+08:00,108.8391,650.0,14.5119,25.0,1.5
2025-06-22T19:00:00+08:00,0.0,0.0,0.0,25.0,1.5
2025-06-22T20:00:00+08:00,0.0,0.0,0.0,25.0,1.5
2025-06-22T21:00:00+08:00,0.0,0.0,0.0,25.0,1.5
2025-06-22T22:00:00+08:00,0.0,0.0,0.0,25.0,1.5
2025-06-22T23:00:00+08:00,0.0,0.0,0.0,25.0,1.5
2025-06-23T00:00:00+08:00,0.0,0.0,0.0,25.0,1.5
2025-06-23T01:00:00+08:00,0.0,0.0,0.0,25.0,1.5
2025-06-23T02:00:00+08:00,0.0,0.0,0.0,25.0,1.5
2025-06-23T03:00:00+08:00,0.0,0.0,0.0,25.0,1.5
2025-06-23T04:00:00+08:00,0.0,0.0,0.0,25.0,1.5
2025-06-23T05:00:00+08:00,0.0,0.0,0.0,25.0,1.5
2025-06-23T06:00:00+08:00,125.5846,650.0,16.7446,25.0,1.5
2025-06-23T07:00:00+08:00,289.0643,650.0,38.5419,25.0,1.5
2025-06-23T08:00:00+08:00,440.8312,650.0,58.7775,25.0,1.5
2025-06-23T09:00:00+08:00,570.5426,650.0,76.0723,25.0,1.5
2025-06-23T10:00:00+08:00,669.3588,650.0,89.2478,25.0,1.5
2025-06-23T11:00:00+08:00,730.5456,650.0,97.4061,25.0,1.5
2025-06-23T12:00:00+08:00,749.9334,650.0,99.9911,25.0,1.5
2025-06-23T13:00:00+08:00,726.2008,650.0,96.8268,25.0,1.5
2025-06-23T14:00:00+08:00,660.9652,650.0,88.1287,25.0,1.5
2025-06-23T15:00:00+08:00,558.6724,650.0,74.4896,25.0,1.5
2025-06-23T16:00:00+08:00,426.2932,650.0,56.8391,25.0,1.5
2025-06-23T17:00:00+08:00,272.8493,650.0,36.3799,25.0,1.5
2025-06-23T18:00:00+08:00,108.7975,650.0,14.5063,25.0,1.5
2025-06-23T19:00:00+08:00,0.0,0.0,0.0,25.0,1.5
2025-06-23T20:00:00+08:00,0.0,0.0,0.0,25.0,1.5
2025-06-23T21:00:00+08:00,0.0,0.0,0.0,25.0,1.5
2025-06-23T22:00:00+08:00,0.0,0.0,0.0,25.0,1.5
2025-06-23T23:00:00+08:00,0.0,0.0,0.0,25.0,1.5
2025-06-24T00:00:00+08:00,0.0,0.0,0.0,25.0,1.5
2025-06-24T01:00:00+08:00,0.0,0.0,0.0,25.0,1.5
2025-06-24T02:00:00+08:00,0.0,0.0,0.0,25.0,1.5
2025-06-24T03:00:00+08:00,0.0,0.0,0.0,25.0,1.5
2025-06-24T04:00:00+08:00,0.0,0.0,0.0,25.0,1.5
2025-06-24T05:00:00+08:00,0.0,0.0,0.0,25.0,1.5
2025-06-24T06:00:00+08:00,125.5118,650.0,16.7349,25.0,1.5
2025-06-24T07:00:00+08:00,289.0109,650.0,38.5348,25.0,1.5
2025-06-24T08:00:00+08:00,440.7957,650.0,58.7728,25.0,1.5
2025-06-24T09:00:00+08:00,570.5224,650.0,76.0697,25.0,1.5
2025-06-24T10:00:00+08:00,669.3503,650.0,89.2467,25.0,1.5
2025-06-24T11:00:00+08:00,730.5444,650.0,97.4059,25.0,1.5
2025-06-24T12:00:00+08:00,749.9345,650.0,99.9913,25.0,1.5
2025-06-24T13:00:00+08:00,726.1991,650.0,96.8265,25.0,1.5
2025-06-24T14:00:00+08:00,660.9558,650.0,88.1274,25.0,1.5
2025-06-24T15:00:00+08:00,558.6508,650.0,74.4868,25.0,1.5
2025-06-24T16:00:00+08:00,426.256,650.0,56.8341,25.0,1.5
2025-06-24T17:00:00+08:00,272.794,650.0,36.3725,25.0,1.5
2025-06-24T18:00:00+08:00,108.7228,650.0,14.4964,25.0,1.5
2025-06-24T19:00:00+08:00,0.0,0.0,0.0,25.0,1.5
2025-06-24T20:00:00+08:00,0.0,0.0,0.0,25.0,1.5
2025-06-24T21:00:00+08:00,0.0,0.0,0.0,25.0,1.5
2025-06-24T22:00:00+08:00,0.0,0.0,0.0,25.0,1.5
2025-06-24T23:00:00+08:00,0.0,0.0,0.0,25.0,1.5
2025-06-25T00:00:00+08:00,0.0,0.0,0.0,25.0,1.5
2025-06-25T01:00:00+08:00,0.0,0.0,0.0,25.0,1.5
2025-06-25T02:00:00+08:00,0.0,0.0,0.0,25.0,1.5
2025-06-25T03:00:00+08:00,0.0,0.0,0.0,25.0,1.5
2025-06-25T04:00:00+08:00,0.0,0.0,0.0,25.0,1.5
2025-06-25T05:00:00+08:00,0.0,0.0,0.0,25.0,1.5
2025-06-25T06:00:00+08:00,125.4067,650.0,16.7209,25.0,1.5
2025-06-25T07:00:00+08:00,288.9337,650.0,38.5245,25.0,1.5
2025-06-25T08:00:00+08:00,440.7444,650.0,58.7659,25.0,1.5
2025-06-25T09:00:00+08:00,570.4933,650.0,76.0658,25.0,1.5
2025-06-25T10:00:00+08:00,669.338,650.0,89.2451,25.0,1.5
2025-06-25T11:00:00+08:00,730.5425,650.0,97.4057,25.0,1.5
2025-06-25T12:00:00+08:00,749.9359,650.0,99.9915,25.0,1.5
2025-06-25T13:00:00+08:00,726.1965,650.0,96.8262,25.0,1.5
2025-06-25T14:00:00+08:00,660.9421,650.0,88.1256,25.0,1.5
2025-06-25T15:00:00+08:00,558.6196,650.0,74.4826,25.0,1.5
2025-06-25T16:00:00+08:00,426.2023,650.0,56.827,25.0,1.5
2025-06-25T17:00:00+08:00,272.714,650.0,36.3619,25.0,1.5
2025-06-25T18:00:00+08:00,108.6149,650.0,14.482,25.0,1.5
2025-06-25T19:00:00+08:00,0.0,0.0,0.0,25.0,1.5
2025-06-25T20:00:00+08:00,0.0,0.0,0.0,25.0,1.5
2025-06-25T21:00:00+08:00,0.0,0.0,0.0,25.0,1.5
2025-06-25T22:00:00+08:00,0.0,0.0,0.0,25.0,1.5
2025-06-25T23:00:00+08:00,0.0,0.0,0.0,25.0,1.5
2025-06-26T00:00:00+08:00,0.0,0.0,0.0,25.0,1.5
2025-06-26T01:00:00+08:00,0.0,0.0,0.0,25.0,1.5
2025-06-26T02:00:00+08:00,0.0,0.0,0.0,25.0,1.5
2025-06-26T03:00:00+08:00,0.0,0.0,0.0,25.0,1.5
2025-06-26T04:00:00+08:00,0.0,0.0,0.0,25.0,1.5
2025-06-26T05:00:00+08:00,0.0,0.0,0.0,25.0,1.5
2025-06-26T06:00:00+08:00,125.2693,650.0,16.7026,25.0,1.5
2025-06-26T07:00:00+08:00,288.8328,650.0,38.511,25.0,1.5
2025-06-26T08:00:00+08:00,440.6773,650.0,58.757,25.0,1.5
2025-06-26T09:00:00+08:00,570.455,650.0,76.0607,25.0,1.5
2025-06-26T10:00:00+08:00,669.3218,650.0,89.2429,25.0,1.5
2025-06-26T11:00:00+08:00,730.5399,650.0,97.4053,25.0,1.5
2025-06-26T12:00:00+08:00,749.9376,650.0,99.9917,25.0,1.5
2025-06-26T13:00:00+08:00,726.1929,650.0,96.8257,25.0,1.5
2025-06-26T14:00:00+08:00,660.924,650.0,88.1232,25.0,1.5
2025-06-26T15:00:00+08:00,558.5787,650.0,74.4772,25.0,1.5
2025-06-26T16:00:00+08:00,426.1319,650.0,56.8176,25.0,1.5
2025-06-26T17:00:00+08:00,272.6094,650.0,36.3479,25.0,1.5
2025-06-26T18:00:00+08:00,108.4737,650.0,14.4632,25.0,1.5
2025-06-26T19:00:00+08:00,0.0,0.0,0.0,25.0,1.5
2025-06-26T20:00:00+08:00,0.0,0.0,0.0,25.0,1.5
2025-06-26T21:00:00+08:00,0.0,0.0,0.0,25.0,1.5
2025-06-26T22:00:00+08:00,0.0,0.0,0.0,25.0,1.5
2025-06-26T23:00:00+08:00,0.0,0.0,0.0,25.0,1.5
2025-06-27T00:00:00+08:00,0.0,0.0,0.0,25.0,1.5
2025-06-27T01:00:00+08:00,0.0,0.0,0.0,25.0,1.5
2025-06-27T02:00:00+08:00,0.0,0.0,0.0,25.0,1.5
2025-06-27T03:00:00+08:00,0.0,0.0,0.0,25.0,1.5
2025-06-27T04:00:00+08:00,0.0,0.0,0.0,25.0,1.5
2025-06-27T05:00:00+08:00,0.0,0.0,0.0,25.0,1.5
2025-06-27T06:00:00+08:00,125.0997,650.0,16.68,25.0,1.5
2025-06-27T07:00:00+08:00,288.708,650.0,38.4944,25.0,1.5
2025-06-27T08:00:00+08:00,440.5942,650.0,58.7459,25.0,1.5
2025-06-27T09:00:00+08:00,570.4076,650.0,76.0543,25.0,1.5
2025-06-27T10:00:00+08:00,669.3015,650.0,89.2402,25.0,1.5
2025-06-27T11:00:00+08:00,730.5365,650.0,97.4049,25.0,1.5
2025-06-27T12:00:00+08:00,749.9395,650.0,99.9919,25.0,1.5
2025-06-27T13:00:00+08:00,726.1882,650.0,96.8251,25.0,1.5
2025-06-27T14:00:00+08:00,660.9014,650.0,88.1202,25.0,1.5
2025-06-27T15:00:00+08:00,558.528,650.0,74.4704,25.0,1.5
2025-06-27T16:00:00+08:00,426.0448,650.0,56.806,25.0,1.5
2025-06-27T17:00:00+08:00,272.4802,650.0,36.3307,25.0,1.5
2025-06-27T18:00:00+08:00,108.2994,650.0,14.4399,25.0,1.5
2025-06-27T19:00:00+08:00,0.0,0.0,0.0,25.0,1.5
2025-06-27T20:00:00+08:00,0.0,0.0,0.0,25.0,1.5
2025-06-27T21:00:00+08:00,0.0,0.0,0.0,25.0,1.5
2025-06-27T22:00:00+08:00,0.0,0.0,0.0,25.0,1.5
2025-06-27T23:00:00+08:00,0.0,0.0,0.0,25.0,1.5
2025-06-28T00:00:00+08:00,0.0,0.0,0.0,25.0,1.5
2025-06-28T01:00:00+08:00,0.0,0.0,0.0,25.0,1.5
2025-06-28T02:00:00+08:00,0.0,0.0,0.0,25.0,1.5
2025-06-28T03:00:00+08:00,0.0,0.0,0.0,25.0,1.5
2025-06-28T04:00:00+08:00,0.0,0.0,0.0,25.0,1.5
2025-06-28T05:00:00+08:00,0.0,0.0,0.0,25.0,1.5
2025-06-28T06:00:00+08:00,124.8977,650.0,16.653,25.0,1.5
2025-06-28T07:00:00+08:00,288.5594,650.0,38.4746,25.0,1.5
2025-06-28T08:00:00+08:00,440.4951,650.0,58.7327,25.0,1.5
2025-06-28T09:00:00+08:00,570.3508,650.0,76.0468,25.0,1.5
2025-06-28T10:00:00+08:00,669.277,650.0,89.2369,25.0,1.5
2025-06-28T11:00:00+08:00,730.5319,650.0,97.4043,25.0,1.5
2025-06-28T12:00:00+08:00,749.9413,650.0,99.9922,25.0,1.5
2025-06-28T13:00:00+08:00,726.1823,650.0,96.8243,25.0,1.5
2025-06-28T14:00:00+08:00,660.8741,650.0,88.1166,25.0,1.5
2025-06-28T15:00:00+08:00,558.4674,650.0,74.4623,25.0,1.5
2025-06-28T16:00:00+08:00,425.941,650.0,56.7921,25.0,1.5
2025-06-28T17:00:00+08:00,272.3263,650.0,36.3102,25.0,1.5
2025-06-28T18:00:00+08:00,108.092,650.0,14.4123,25.0,1.5
2025-06-28T19:00:00+08:00,0.0,0.0,0.0,25.0,1.5
2025-06-28T20:00:00+08:00,0.0,0.0,0.0,25.0,1.5
2025-06-28T21:00:00+08:00,0.0,0.0,0.0,25.0,1.5
2025-06-28T22:00:00+08:00,0.0,0.0,0.0,25.0,1.5
2025-06-28T23:00:00+08:00,0.0,0.0,0.0,25.0,1.5
2025-06-29T00:00:00+08:00,0.0,0.0,0.0,25.0,1.5
2025-06-29T01:00:00+08:00,0.0,0.0,0.0,25.0,1.5
2025-06-29T02:00:00+08:00,0.0,0.0,0.0,25.0,1.5
2025-06-29T03:00:00+08:00,0.0,0.0,0.0,25.0,1.5
2025-06-29T04:00:00+08:00,0.0,0.0,0.0,25.0,1.5
2025-06-29T05:00:00+08:00,0.0,0.0,0.0,25.0,1.5
2025-06-29T06:00:00+08:00,124.6635,650.0,16.6218,25.0,1.5
2025-06-29T07:00:00+08:00,288.3869,650.0,38.4516,25.0,1.5
2025-06-29T08:00:00+08:00,440.38,650.0,58.7173,25.0,1.5
2025-06-29T09:00:00+08:00,570.2846,650.0,76.038,25.0,1.5
2025-06-29T10:00:00+08:00,669.2481,650.0,89.2331,25.0,1.5
2025-06-29T11:00:00+08:00,730.5262,650.0,97.4035,25.0,1.5
2025-06-29T12:00:00+08:00,749.9428,650.0,99.9924,25.0,1.5
2025-06-29T13:00:00+08:00,726.1749,650.0,96.8233,25.0,1.5
2025-06-29T14:00:00+08:00,660.8421,650.0,88.1123,25.0,1.5
2025-06-29T15:00:00+08:00,558.3967,650.0,74.4529,25.0,1.5
2025-06-29T16:00:00+08:00,425.8203,650.0,56.776,25.0,1.5
2025-06-29T17:00:00+08:00,272.1477,650.0,36.2864,25.0,1.5
2025-06-29T18:00:00+08:00,107.8515,650.0,14.3802,25.0,1.5
2025-06-29T19:00:00+08:00,0.0,0.0,0.0,25.0,1.5
2025-06-29T20:00:00+08:00,0.0,0.0,0.0,25.0,1.5
2025-06-29T21:00:00+08:00,0.0,0.0,0.0,25.0,1.5
2025-06-29T22:00:00+08:00,0.0,0.0,0.0,25.0,1.5
2025-06-29T23:00:00+08:00,0.0,0.0,0.0,25.0,1.5
2025-06-30T00:00:00+08:00,0.0,0.0,0.0,25.0,1.5
2025-06-30T01:00:00+08:00,0.0,0.0,0.0,25.0,1.5
2025-06-30T02:00:00+08:00,0.0,0.0,0.0,25.0,1.5
2025-06-30T03:00:00+08:00,0.0,0.0,0.0,25.0,1.5
2025-06-30T04:00:00+08:00,0.0,0.0,0.0,25.0,1.5
2025-06-30T05:00:00+08:00,0.0,0.0,0.0,25.0,1.5
2025-06-30T06:00:00+08:00,124.3971,650.0,16.5863,25.0,1.5
2025-06-30T07:00:00+08:00,288.1905,650.0,38.4254,25.0,1.5
2025-06-30T08:00:00+08:00,440.2486,650.0,58.6998,25.0,1.5
2025-06-30T09:00:00+08:00,570.2088,650.0,76.0278,25.0,1.5
2025-06-30T10:00:00+08:00,669.2146,650.0,89.2286,25.0,1.5
2025-06-30T11:00:00+08:00,730.5189,650.0,97.4025,25.0,1.5
2025-06-30T12:00:00+08:00,749.9439,650.0,99.9925,25.0,1.5
2025-06-30T13:00:00+08:00,726.1658,650.0,96.8221,25.0,1.5
2025-06-30T14:00:00+08:00,660.805,650.0,88.1073,25.0,1.5
2025-06-30T15:00:00+08:00,558.3159,650.0,74.4421,25.0,1.5
2025-06-30T16:00:00+08:00,425.6828,650.0,56.7577,25.0,1.5
2025-06-30T17:00:00+08:00,271.9444,650.0,36.2593,25.0,1.5
2025-06-30T18:00:00+08:00,107.5779,650.0,14.3437,25.0,1.5
2025-06-30T19:00:00+08:00,0.0,0.0,0.0,25.0,1.5
2025-06-30T20:00:00+08:00,0.0,0.0,0.0,25.0,1.5
2025-06-30T21:00:00+08:00,0.0,0.0,0.0,25.0,1.5
2025-06-30T22:00:00+08:00,0.0,0.0,0.0,25.0,1.5
2025-06-30T23:00:00+08:00,0.0,0.0,0.0,25.0,1.5
2025-07-01T00:00:00+08:00,0.0,0.0,0.0,25.0,1.5
2025-07-01T01:00:00+08:00,0.0,0.0,0.0,25.0,1.5
2025-07-01T02:00:00+08:00,0.0,0.0,0.0,25.0,1.5
2025-07-01T03:00:00+08:00,0.0,0.0,0.0,25.0,1.5
2025-07-01T04:00:00+08:00,0.0,0.0,0.0,25.0,1.5
2025-07-01T05:00:00+08:00,0.0,0.0,0.0,25.0,1.5
2025-07-01T06:00:00+08:00,124.0985,650.0,16.5465,25.0,1.5
2025-07-01T07:00:00+08:00,287.9702,650.0,38.396,25.0,1.5
2025-07-01T08:00:00+08:00,440.101,650.0,58.6801,25.0,1.5
2025-07-01T09:00:00+08:00,570.1233,650.0,76.0164,25.0,1.5
2025-07-01T10:00:00+08:00,669.1764,650.0,89.2235,25.0,1.5
2025-07-01T11:00:00+08:00,730.5099,650.0,97.4013,25.0,1.5
2025-07-01T12:00:00+08:00,749.9442,650.0,99.9926,25.0,1.5
2025-07-01T13:00:00+08:00,726.1547,650.0,96.8206,25.0,1.5
2025-07-01T14:00:00+08:00,660.7627,650.0,88.1017,25.0,1.5
2025-07-01T15:00:00+08:00,558.2246,650.0,74.4299,25.0,1.5
2025-07-01T16:00:00+08:00,425.5281,650.0,56.7371,25.0,1.5
2025-07-01T17:00:00+08:00,271.7163,650.0,36.2288,25.0,1.5
2025-07-01T18:00:00+08:00,107.2713,650.0,14.3028,25.0,1.5
2025-07-01T19:00:00+08:00,0.0,0.0,0.0,25.0,1.5
2025-07-01T20:00:00+08:00,0.0,0.0,0.0,25.0,1.5
2025-07-01T21:00:00+08:00,0.0,0.0,0.0,25.0,1.5
2025-07-01T22:00:00+08:00,0.0,0.0,0.0,25.0,1.5
2025-07-01T23:00:00+08:00,0.0,0.0,0.0,25.0,1.5
2025-07-02T00:00:00+08:00,0.0,0.0,0.0,25.0,1.5
2025-07-02T01:00:00+08:00,0.0,0.0,0.0,25.0,1.5
2025-07-02T02:00:00+08:00,0.0,0.0,0.0,25.0,1.5
2025-07-02T03:00:00+08:00,0.0,0.0,0.0,25.0,1.5
2025-07-02T04:00:00+08:00,0.0,0.0,0.0,25.0,1.5
2025-07-02T05:00:00+08:00,0.0,0.0,0.0,25.0,1.5
2025-07-02T06:00:00+08:00,123.7678,650.0,16.5024,25.0,1.5
2025-07-02T07:00:00+08:00,287.7259,650.0,38.3635,25.0,1.5
2025-07-02T08:00:00+08:00,439.9368,650.0,58.6582,25.0,1.5
2025-07-02T09:00:00+08:00,570.0277,650.0,76.0037,25.0,1.5
2025-07-02T10:00:00+08:00,669.133,650.0,89.2177,25.0,1.5
2025-07-02T11:00:00+08:00,730.4989,650.0,97.3999,25.0,1.5
2025-07-02T12:00:00+08:00,749.9434,650.0,99.9925,25.0,1.5
2025-07-02T13:00:00+08:00,726.1414,650.0,96.8189,25.0,1.5
2025-07-02T14:00:00+08:00,660.715,650.0,88.0953,25.0,1.5
2025-07-02T15:00:00+08:00,558.1228,650.0,74.4164,25.0,1.5
2025-07-02T16:00:00+08:00,425.3563,650.0,56.7142,25.0,1.5
2025-07-02T17:00:00+08:00,271.4634,650.0,36.1951,25.0,1.5
2025-07-02T18:00:00+08:00,106.9317,650.0,14.2576,25.0,1.5
2025-07-02T19:00:00+08:00,0.0,0.0,0.0,25.0,1.5
2025-07-02T20:00:00+08:00,0.0,0.0,0.0,25.0,1.5
2025-07-02T21:00:00+08:00,0.0,0.0,0.0,25.0,1.5
2025-07-02T22:00:00+08:00,0.0,0.0,0.0,25.0,1.5
2025-07-02T23:00:00+08:00,0.0,0.0,0.0,25.0,1.5
2025-07-03T00:00:00+08:00,0.0,0.0,0.0,25.0,1.5
2025-07-03T01:00:00+08:00,0.0,0.0,0.0,25.0,1.5
2025-07-03T02:00:00+08:00,0.0,0.0,0.0,25.0,1.5
2025-07-03T03:00:00+08:00,0.0,0.0,0.0,25.0,1.5
2025-07-03T04:00:00+08:00,0.0,0.0,0.0,25.0,1.5
2025-07-03T05:00:00+08:00,0.0,0.0,0.0,25.0,1.5
2025-07-03T06:00:00+08:00,123.405,650.0,16.454,25.0,1.5
2025-07-03T07:00:00+08:00,287.4575,650.0,38.3277,25.0,1.5
2025-07-03T08:00:00+08:00,439.7561,650.0,58.6341,25.0,1.5
2025-07-03T09:00:00+08:00,569.9219,650.0,75.9896,25.0,1.5
2025-07-03T10:00:00+08:00,669.0843,650.0,89.2112,25.0,1.5
2025-07-03T11:00:00+08:00,730.4856,650.0,97.3981,25.0,1.5
2025-07-03T12:00:00+08:00,749.9413,650.0,99.9922,25.0,1.5
2025-07-03T13:00:00+08:00,726.1256,650.0,96.8167,25.0,1.5
2025-07-03T14:00:00+08:00,660.6614,650.0,88.0882,25.0,1.5
2025-07-03T15:00:00+08:00,558.0101,650.0,74.4014,25.0,1.5
2025-07-03T16:00:00+08:00,425.1672,650.0,56.689,25.0,1.5
2025-07-03T17:00:00+08:00,271.1857,650.0,36.1581,25.0,1.5
2025-07-03T18:00:00+08:00,106.5591,650.0,14.2079,25.0,1.5
2025-07-03T19:00:00+08:00,0.0,0.0,0.0,25.0,1.5
2025-07-03T20:00:00+08:00,0.0,0.0,0.0,25.0,1.5
2025-07-03T21:00:00+08:00,0.0,0.0,0.0,25.0,1.5
2025-07-03T22:00:00+08:00,0.0,0.0,0.0,25.0,1.5
2025-07-03T23:00:00+08:00,0.0,0.0,0.0,25.0,1.5
2025-07-04T00:00:00+08:00,0.0,0.0,0.0,25.0,1.5
2025-07-04T01:00:00+08:00,0.0,0.0,0.0,25.0,1.5
2025-07-04T02:00:00+08:00,0.0,0.0,0.0,25.0,1.5
2025-07-04T03:00:00+08:00,0.0,0.0,0.0,25.0,1.5
2025-07-04T04:00:00+08:00,0.0,0.0,0.0,25.0,1.5
2025-07-04T05:00:00+08:00,0.0,0.0,0.0,25.0,1.5
2025-07-04T06:00:00+08:00,123.0101,650.0,16.4013,25.0,1.5
2025-07-04T07:00:00+08:00,287.165,650.0,38.2887,25.0,1.5
2025-07-04T08:00:00+08:00,439.5587,650.0,58.6078,25.0,1.5
2025-07-04T09:00:00+08:00,569.8057,650.0,75.9741,25.0,1.5
2025-07-04T10:00:00+08:00,669.03,650.0,89.204,25.0,1.5
2025-07-04T11:00:00+08:00,730.4695,650.0,97.3959,25.0,1.5
2025-07-04T12:00:00+08:00,749.9374,650.0,99.9917,25.0,1.5
2025-07-04T13:00:00+08:00,726.1068,650.0,96.8142,25.0,1.5
2025-07-04T14:00:00+08:00,660.6018,650.0,88.0802,25.0,1.5
2025-07-04T15:00:00+08:00,557.8865,650.0,74.3849,25.0,1.5
2025-07-04T16:00:00+08:00,424.9606,650.0,56.6614,25.0,1.5
2025-07-04T17:00:00+08:00,270.883,650.0,36.1177,25.0,1.5
2025-07-04T18:00:00+08:00,106.1537,650.0,14.1538,25.0,1.5
2025-07-04T19:00:00+08:00,0.0,0.0,0.0,25.0,1.5
2025-07-04T20:00:00+08:00,0.0,0.0,0.0,25.0,1.5
2025-07-04T21:00:00+08:00,0.0,0.0,0.0,25.0,1.5
2025-07-04T22:00:00+08:00,0.0,0.0,0.0,25.0,1.5
2025-07-04T23:00:00+08:00,0.0,0.0,0.0,25.0,1.5
2025-07-05T00:00:00+08:00,0.0,0.0,0.0,25.0,1.5
2025-07-05T01:00:00+08:00,0.0,0.0,0.0,25.0,1.5
2025-07-05T02:00:00+08:00,0.0,0.0,0.0,25.0,1.5
2025-07-05T03:00:00+08:00,0.0,0.0,0.0,25.0,1.5
2025-07-05T04:00:00+08:00,0.0,0.0,0.0,25.0,1.5
2025-07-05T05:00:00+08:00,0.0,0.0,0.0,25.0,1.5
2025-07-05T06:00:00+08:00,122.5832,650.0,16.3444,25.0,1.5
2025-07-05T07:00:00+08:00,286.8483,650.0,38.2464,25.0,1.5
2025-07-05T08:00:00+08:00,439.3443,650.0,58.5792,25.0,1.5
2025-07-05T09:00:00+08:00,569.6787,650.0,75.9572,25.0,1.5
2025-07-05T10:00:00+08:00,668.9696,650.0,89.1959,25.0,1.5
2025-07-05T11:00:00+08:00,730.4504,650.0,97.3934,25.0,1.5
2025-07-05T12:00:00+08:00,749.9313,650.0,99.9908,25.0,1.5
2025-07-05T13:00:00+08:00,726.0848,650.0,96.8113,25.0,1.5
2025-07-05T14:00:00+08:00,660.5358,650.0,88.0714,25.0,1.5
2025-07-05T15:00:00+08:00,557.7515,650.0,74.3669,25.0,1.5
2025-07-05T16:00:00+08:00,424.7364,650.0,56.6315,25.0,1.5
2025-07-05T17:00:00+08:00,270.5554,650.0,36.0741,25.0,1.5
2025-07-05T18:00:00+08:00,105.7155,650.0,14.0954,25.0,1.5
2025-07-05T19:00:00+08:00,0.0,0.0,0.0,25.0,1.5
2025-07-05T20:00:00+08:00,0.0,0.0,0.0,25.0,1.5
2025-07-05T21:00:00+08:00,0.0,0.0,0.0,25.0,1.5
2025-07-05T22:00:00+08:00,0.0,0.0,0.0,25.0,1.5
2025-07-05T23:00:00+08:00,0.0,0.0,0.0,25.0,1.5
2025-07-06T00:00:00+08:00,0.0,0.0,0.0,25.0,1.5
2025-07-06T01:00:00+08:00,0.0,0.0,0.0,25.0,1.5
2025-07-06T02:00:00+08:00,0.0,0.0,0.0,25.0,1.5
2025-07-06T03:00:00+08:00,0.0,0.0,0.0,25.0,1.5
2025-07-06T04:00:00+08:00,0.0,0.0,0.0,25.0,1.5
2025-07-06T05:00:00+08:00,0.0,0.0,0.0,25.0,1.5
2025-07-06T06:00:00+08:00,122.1244,650.0,16.2833,25.0,1.5
2025-07-06T07:00:00+08:00,286.5074,650.0,38.201,25.0,1.5
2025-07-06T08:00:00+08:00,439.1128,650.0,58.5484,25.0,1.5
2025-07-06T09:00:00+08:00,569.5408,650.0,75.9388,25.0,1.5
2025-07-06T10:00:00+08:00,668.9029,650.0,89.1871,25.0,1.5
2025-07-06T11:00:00+08:00,730.4278,650.0,97.3904,25.0,1.5
2025-07-06T12:00:00+08:00,749.9227,650.0,99.9897,25.0,1.5
2025-07-06T13:00:00+08:00,726.059,650.0,96.8079,25.0,1.5
2025-07-06T14:00:00+08:00,660.463,650.0,88.0617,25.0,1.5
2025-07-06T15:00:00+08:00,557.605,650.0,74.3473,25.0,1.5
2025-07-06T16:00:00+08:00,424.4945,650.0,56.5993,25.0,1.5
2025-07-06T17:00:00+08:00,270.2028,650.0,36.027,25.0,1.5
2025-07-06T18:00:00+08:00,105.2446,650.0,14.0326,25.0,1.5
2025-07-06T19:00:00+08:00,0.0,0.0,0.0,25.0,1.5
2025-07-06T20:00:00+08:00,0.0,0.0,0.0,25.0,1.5
2025-07-06T21:00:00+08:00,0.0,0.0,0.0,25.0,1.5
2025-07-06T22:00:00+08:00,0.0,0.0,0.0,25.0,1.5
2025-07-06T23:00:00+08:00,0.0,0.0,0.0,25.0,1.5
2025-07-07T00:00:00+08:00,0.0,0.0,0.0,25.0,1.5
2025-07-07T01:00:00+08:00,0.0,0.0,0.0,25.0,1.5
2025-07-07T02:00:00+08:00,0.0,0.0,0.0,25.0,1.5
2025-07-07T03:00:00+08:00,0.0,0.0,0.0,25.0,1.5
2025-07-07T04:00:00+08:00,0.0,0.0,0.0,25.0,1.5
2025-07-07T05:00:00+08:00,0.0,0.0,0.0,25.0,1.5
2025-07-07T06:00:00+08:00,121.6337,650.0,16.2178,25.0,1.5
2025-07-07T07:00:00+08:00,286.1421,650.0,38.1523,25.0,1.5
2025-07-07T08:00:00+08:00,438.864,650.0,58.5152,25.0,1.5
2025-07-07T09:00:00+08:00,569.3915,650.0,75.9189,25.0,1.5
2025-07-07T10:00:00+08:00,668.8294,650.0,89.1773,25.0,1.5
2025-07-07T11:00:00+08:00,730.4013,650.0,97.3868,25.0,1.5
2025-07-07T12:00:00+08:00,749.9111,650.0,99.9881,25.0,1.5
2025-07-07T13:00:00+08:00,726.0292,650.0,96.8039,25.0,1.5
2025-07-07T14:00:00+08:00,660.3831,650.0,88.0511,25.0,1.5
2025-07-07T15:00:00+08:00,557.4466,650.0,74.3262,25.0,1.5
2025-07-07T16:00:00+08:00,424.2345,650.0,56.5646,25.0,1.5
2025-07-07T17:00:00+08:00,269.8251,650.0,35.9767,25.0,1.5
2025-07-07T18:00:00+08:00,104.7411,650.0,13.9655,25.0,1.5
2025-07-07T19:00:00+08:00,0.0,0.0,0.0,25.0,1.5
2025-07-07T20:00:00+08:00,0.0,0.0,0.0,25.0,1.5
2025-07-07T21:00:00+08:00,0.0,0.0,0.0,25.0,1.5
2025-07-07T22:00:00+08:00,0.0,0.0,0.0,25.0,1.5
2025-07-07T23:00:00+08:00,0.0,0.0,0.0,25.0,1.5
2025-07-08T00:00:00+08:00,0.0,0.0,0.0,25.0,1.5
2025-07-08T01:00:00+08:00,0.0,0.0,0.0,25.0,1.5
2025-07-08T02:00:00+08:00,0.0,0.0,0.0,25.0,1.5
2025-07-08T03:00:00+08:00,0.0,0.0,0.0,25.0,1.5
2025-07-08T04:00:00+08:00,0.0,0.0,0.0,25.0,1.5
2025-07-08T05:00:00+08:00,0.0,0.0,0.0,25.0,1.5
2025-07-08T06:00:00+08:00,121.1112,650.0,16.1482,25.0,1.5
2025-07-08T07:00:00+08:00,285.7525,650.0,38.1003,25.0,1.5
2025-07-08T08:00:00+08:00,438.5976,650.0,58.4797,25.0,1.5
2025-07-08T09:00:00+08:00,569.2306,650.0,75.8974,25.0,1.5
2025-07-08T10:00:00+08:00,668.7488,650.0,89.1665,25.0,1.5
2025-07-08T11:00:00+08:00,730.3704,650.0,97.3827,25.0,1.5
2025-07-08T12:00:00+08:00,749.896,650.0,99.9861,25.0,1.5
2025-07-08T13:00:00+08:00,725.9948,650.0,96.7993,25.0,1.5
2025-07-08T14:00:00+08:00,660.2957,650.0,88.0394,25.0,1.5
2025-07-08T15:00:00+08:00,557.276,650.0,74.3035,25.0,1.5
2025-07-08T16:00:00+08:00,423.9564,650.0,56.5275,25.0,1.5
2025-07-08T17:00:00+08:00,269.4223,650.0,35.923,25.0,1.5
2025-07-08T18:00:00+08:00,104.2049,650.0,13.894,25.0,1.5
2025-07-08T19:00:00+08:00,0.0,0.0,0.0,25.0,1.5
2025-07-08T20:00:00+08:00,0.0,0.0,0.0,25.0,1.5
2025-07-08T21:00:00+08:00,0.0,0.0,0.0,25.0,1.5
2025-07-08T22:00:00+08:00,0.0,0.0,0.0,25.0,1.5
2025-07-08T23:00:00+08:00,0.0,0.0,0.0,25.0,1.5
2025-07-09T00:00:00+08:00,0.0,0.0,0.0,25.0,1.5
2025-07-09T01:00:00+08:00,0.0,0.0,0.0,25.0,1.5
2025-07-09T02:00:00+08:00,0.0,0.0,0.0,25.0,1.5
2025-07-09T03:00:00+08:00,0.0,0.0,0.0,25.0,1.5
2025-07-09T04:00:00+08:00,0.0,0.0,0.0,25.0,1.5
2025-07-09T05:00:00+08:00,0.0,0.0,0.0,25.0,1.5
2025-07-09T06:00:00+08:00,120.557,650.0,16.0743,25.0,1.5
2025-07-09T07:00:00+08:00,285.3384,650.0,38.0451,25.0,1.5
2025-07-09T08:00:00+08:00,438.3136,650.0,58.4418,25.0,1.5
2025-07-09T09:00:00+08:00,569.0577,650.0,75.8744,25.0,1.5
2025-07-09T10:00:00+08:00,668.6607,650.0,89.1548,25.0,1.5
2025-07-09T11:00:00+08:00,730.3347,650.0,97.378,25.0,1.5
2025-07-09T12:00:00+08:00,749.8768,650.0,99.9836,25.0,1.5
2025-07-09T13:00:00+08:00,725.9553,650.0,96.794,25.0,1.5
2025-07-09T14:00:00+08:00,660.2003,650.0,88.0267,25.0,1.5
2025-07-09T15:00:00+08:00,557.093,650.0,74.2791,25.0,1.5
2025-07-09T16:00:00+08:00,423.6599,650.0,56.488,25.0,1.5
2025-07-09T17:00:00+08:00,268.9943,650.0,35.8659,25.0,1.5
2025-07-09T18:00:00+08:00,103.6363,650.0,13.8182,25.0,1.5
2025-07-09T19:00:00+08:00,0.0,0.0,0.0,25.0,1.5
2025-07-09T20:00:00+08:00,0.0,0.0,0.0,25.0,1.5
2025-07-09T21:00:00+08:00,0.0,0.0,0.0,25.0,1.5
2025-07-09T22:00:00+08:00,0.0,0.0,0.0,25.0,1.5
2025-07-09T23:00:00+08:00,0.0,0.0,0.0,25.0,1.5
2025-07-10T00:00:00+08:00,0.0,0.0,0.0,25.0,1.5
2025-07-10T01:00:00+08:00,0.0,0.0,0.0,25.0,1.5
2025-07-10T02:00:00+08:00,0.0,0.0,0.0,25.0,1.5
2025-07-10T03:00:00+08:00,0.0,0.0,0.0,25.0,1.5
2025-07-10T04:00:00+08:00,0.0,0.0,0.0,25.0,1.5
2025-07-10T05:00:00+08:00,0.0,0.0,0.0,25.0,1.5
2025-07-10T06:00:00+08:00,119.9711,650.0,15.9961,25.0,1.5
2025-07-10T07:00:00+08:00,284.8997,650.0,37.9866,25.0,1.5
2025-07-10T08:00:00+08:00,438.0116,650.0,58.4015,25.0,1.5
2025-07-10T09:00:00+08:00,568.8725,650.0,75.8497,25.0,1.5
2025-07-10T10:00:00+08:00,668.5644,650.0,89.1419,25.0,1.5
2025-07-10T11:00:00+08:00,730.2936,650.0,97.3725,25.0,1.5
2025-07-10T12:00:00+08:00,749.8532,650.0,99.9804,25.0,1.5
2025-07-10T13:00:00+08:00,725.9103,650.0,96.788,25.0,1.5
2025-07-10T14:00:00+08:00,660.0965,650.0,88.0129,25.0,1.5
2025-07-10T15:00:00+08:00,556.8971,650.0,74.2529,25.0,1.5
2025-07-10T16:00:00+08:00,423.3448,650.0,56.446,25.0,1.5
2025-07-10T17:00:00+08:00,268.541,650.0,35.8055,25.0,1.5
2025-07-10T18:00:00+08:00,103.0353,650.0,13.738,25.0,1.5
2025-07-10T19:00:00+08:00,0.0,0.0,0.0,25.0,1.5
2025-07-10T20:00:00+08:00,0.0,0.0,0.0,25.0,1.5
2025-07-10T21:00:00+08:00,0.0,0.0,0.0,25.0,1.5
2025-07-10T22:00:00+08:00,0.0,0.0,0.0,25.0,1.5
2025-07-10T23:00:00+08:00,0.0,0.0,0.0,25.0,1.5
2025-07-11T00:00:00+08:00,0.0,0.0,0.0,25.0,1.5
2025-07-11T01:00:00+08:00,0.0,0.0,0.0,25.0,1.5
2025-07-11T02:00:00+08:00,0.0,0.0,0.0,25.0,1.5
2025-07-11T03:00:00+08:00,0.0,0.0,0.0,25.0,1.5
2025-07-11T04:00:00+08:00,0.0,0.0,0.0,25.0,1.5
2025-07-11T05:00:00+08:00,0.0,0.0,0.0,25.0,1.5
2025-07-11T06:00:00+08:00,119.3537,650.0,15.9138,25.0,1.5
2025-07-11T07:00:00+08:00,284.4364,650.0,37.9249,25.0,1.5
2025-07-11T08:00:00+08:00,437.6914,650.0,58.3589,25.0,1.5
2025-07-11T09:00:00+08:00,568.6746,650.0,75.8233,25.0,1.5
2025-07-11T10:00:00+08:00,668.4597,650.0,89.128,25.0,1.5
2025-07-11T11:00:00+08:00,730.2465,650.0,97.3662,25.0,1.5
2025-07-11T12:00:00+08:00,749.8244,650.0,99.9766,25.0,1.5
2025-07-11T13:00:00+08:00,725.8591,650.0,96.7812,25.0,1.5
2025-07-11T14:00:00+08:00,659.9839,650.0,87.9979,25.0,1.5
2025-07-11T15:00:00+08:00,556.688,650.0,74.2251,25.0,1.5
2025-07-11T16:00:00+08:00,423.0109,650.0,56.4014,25.0,1.5
2025-07-11T17:00:00+08:00,268.0624,650.0,35.7417,25.0,1.5
2025-07-11T18:00:00+08:00,102.402,650.0,13.6536,25.0,1.5
2025-07-11T19:00:00+08:00,0.0,0.0,0.0,25.0,1.5
2025-07-11T20:00:00+08:00,0.0,0.0,0.0,25.0,1.5
2025-07-11T21:00:00+08:00,0.0,0.0,0.0,25.0,1.5
2025-07-11T22:00:00+08:00,0.0,0.0,0.0,25.0,1.5
2025-07-11T23:00:00+08:00,0.0,0.0,0.0,25.0,1.5
2025-07-12T00:00:00+08:00,0.0,0.0,0.0,25.0,1.5
2025-07-12T01:00:00+08:00,0.0,0.0,0.0,25.0,1.5
2025-07-12T02:00:00+08:00,0.0,0.0,0.0,25.0,1.5
2025-07-12T03:00:00+08:00,0.0,0.0,0.0,25.0,1.5
2025-07-12T04:00:00+08:00,0.0,0.0,0.0,25.0,1.5
2025-07-12T05:00:00+08:00,0.0,0.0,0.0,25.0,1.5
2025-07-12T06:00:00+08:00,118.7047,650.0,15.8273,25.0,1.5
2025-07-12T07:00:00+08:00,283.9484,650.0,37.8598,25.0,1.5
2025-07-12T08:00:00+08:00,437.3528,650.0,58.3137,25.0,1.5
2025-07-12T09:00:00+08:00,568.4636,650.0,75.7951,25.0,1.5
2025-07-12T10:00:00+08:00,668.346,650.0,89.1128,25.0,1.5
2025-07-12T11:00:00+08:00,730.193,650.0,97.3591,25.0,1.5
2025-07-12T12:00:00+08:00,749.79,650.0,99.972,25.0,1.5
2025-07-12T13:00:00+08:00,725.8014,650.0,96.7735,25.0,1.5
2025-07-12T14:00:00+08:00,659.8619,650.0,87.9816,25.0,1.5
2025-07-12T15:00:00+08:00,556.4653,650.0,74.1954,25.0,1.5
2025-07-12T16:00:00+08:00,422.6579,650.0,56.3544,25.0,1.5
2025-07-12T17:00:00+08:00,267.5584,650.0,35.6745,25.0,1.5
2025-07-12T18:00:00+08:00,101.7366,650.0,13.5649,25.0,1.5
2025-07-12T19:00:00+08:00,0.0,0.0,0.0,25.0,1.5
2025-07-12T20:00:00+08:00,0.0,0.0,0.0,25.0,1.5
2025-07-12T21:00:00+08:00,0.0,0.0,0.0,25.0,1.5
2025-07-12T22:00:00+08:00,0.0,0.0,0.0,25.0,1.5
2025-07-12T23:00:00+08:00,0.0,0.0,0.0,25.0,1.5
2025-07-13T00:00:00+08:00,0.0,0.0,0.0,25.0,1.5
2025-07-13T01:00:00+08:00,0.0,0.0,0.0,25.0,1.5
2025-07-13T02:00:00+08:00,0.0,0.0,0.0,25.0,1.5
2025-07-13T03:00:00+08:00,0.0,0.0,0.0,25.0,1.5
2025-07-13T04:00:00+08:00,0.0,0.0,0.0,25.0,1.5
2025-07-13T05:00:00+08:00,0.0,0.0,0.0,25.0,1.5
2025-07-13T06:00:00+08:00,118.0245,650.0,15.7366,25.0,1.5
2025-07-13T07:00:00+08:00,283.4356,650.0,37.7914,25.0,1.5
2025-07-13T08:00:00+08:00,436.9954,650.0,58.2661,25.0,1.5
2025-07-13T09:00:00+08:00,568.2391,650.0,75.7652,25.0,1.5
2025-07-13T10:00:00+08:00,668.2227,650.0,89.0964,25.0,1.5
2025-07-13T11:00:00+08:00,730.1325,650.0,97.351,25.0,1.5
2025-07-13T12:00:00+08:00,749.7493,650.0,99.9666,25.0,1.5
2025-07-13T13:00:00+08:00,725.7363,650.0,96.7648,25.0,1.5
2025-07-13T14:00:00+08:00,659.7301,650.0,87.964,25.0,1.5
2025-07-13T15:00:00+08:00,556.2287,650.0,74.1638,25.0,1.5
2025-07-13T16:00:00+08:00,422.2857,650.0,56.3048,25.0,1.5
2025-07-13T17:00:00+08:00,267.029,650.0,35.6039,25.0,1.5
2025-07-13T18:00:00+08:00,101.0391,650.0,13.4719,25.0,1.5
2025-07-13T19:00:00+08:00,0.0,0.0,0.0,25.0,1.5
2025-07-13T20:00:00+08:00,0.0,0.0,0.0,25.0,1.5
2025-07-13T21:00:00+08:00,0.0,0.0,0.0,25.0,1.5
2025-07-13T22:00:00+08:00,0.0,0.0,0.0,25.0,1.5
2025-07-13T23:00:00+08:00,0.0,0.0,0.0,25.0,1.5
2025-07-14T00:00:00+08:00,0.0,0.0,0.0,25.0,1.5
2025-07-14T01:00:00+08:00,0.0,0.0,0.0,25.0,1.5
2025-07-14T02:00:00+08:00,0.0,0.0,0.0,25.0,1.5
2025-07-14T03:00:00+08:00,0.0,0.0,0.0,25.0,1.5
2025-07-14T04:00:00+08:00,0.0,0.0,0.0,25.0,1.5
2025-07-14T05:00:00+08:00,0.0,0.0,0.0,25.0,1.5
2025-07-14T06:00:00+08:00,117.3129,650.0,15.6417,25.0,1.5
2025-07-14T07:00:00+08:00,282.8978,650.0,37.7197,25.0,1.5
2025-07-14T08:00:00+08:00,436.6191,650.0,58.2159,25.0,1.5
2025-07-14T09:00:00+08:00,568.0008,650.0,75.7334,25.0,1.5
2025-07-14T10:00:00+08:00,668.0894,650.0,89.0786,25.0,1.5
2025-07-14T11:00:00+08:00,730.0642,650.0,97.3419,25.0,1.5
2025-07-14T12:00:00+08:00,749.7017,650.0,99.9602,25.0,1.5
2025-07-14T13:00:00+08:00,725.6635,650.0,96.7551,25.0,1.5
2025-07-14T14:00:00+08:00,659.5878,650.0,87.945,25.0,1.5
2025-07-14T15:00:00+08:00,555.9777,650.0,74.1304,25.0,1.5
2025-07-14T16:00:00+08:00,421.8939,650.0,56.2525,25.0,1.5
2025-07-14T17:00:00+08:00,266.474,650.0,35.5299,25.0,1.5
2025-07-14T18:00:00+08:00,100.3097,650.0,13.3746,25.0,1.5
2025-07-14T19:00:00+08:00,0.0,0.0,0.0,25.0,1.5
2025-07-14T20:00:00+08:00,0.0,0.0,0.0,25.0,1.5
2025-07-14T21:00:00+08:00,0.0,0.0,0.0,25.0,1.5
2025-07-14T22:00:00+08:00,0.0,0.0,0.0,25.0,1.5
2025-07-14T23:00:00+08:00,0.0,0.0,0.0,25.0,1.5
2025-07-15T00:00:00+08:00,0.0,0.0,0.0,25.0,1.5
2025-07-15T01:00:00+08:00,0.0,0.0,0.0,25.0,1.5
2025-07-15T02:00:00+08:00,0.0,0.0,0.0,25.0,1.5
2025-07-15T03:00:00+08:00,0.0,0.0,0.0,25.0,1.5
2025-07-15T04:00:00+08:00,0.0,0.0,0.0,25.0,1.5
2025-07-15T05:00:00+08:00,0.0,0.0,0.0,25.0,1.5
2025-07-15T06:00:00+08:00,116.5702,650.0,15.5427,25.0,1.5
2025-07-15T07:00:00+08:00,282.3351,650.0,37.6447,25.0,1.5
2025-07-15T08:00:00+08:00,436.2235,650.0,58.1631,25.0,1.5
2025-07-15T09:00:00+08:00,567.748,650.0,75.6997,25.0,1.5
2025-07-15T10:00:00+08:00,667.9455,650.0,89.0594,25.0,1.5
2025-07-15T11:00:00+08:00,729.9877,650.0,97.3317,25.0,1.5
2025-07-15T12:00:00+08:00,749.6465,650.0,99.9529,25.0,1.5
2025-07-15T13:00:00+08:00,725.5822,650.0,96.7443,25.0,1.5
2025-07-15T14:00:00+08:00,659.4347,650.0,87.9246,25.0,1.5
2025-07-15T15:00:00+08:00,555.7119,650.0,74.0949,25.0,1.5
2025-07-15T16:00:00+08:00,421.4823,650.0,56.1976,25.0,1.5
2025-07-15T17:00:00+08:00,265.8935,650.0,35.4525,25.0,1.5
2025-07-15T18:00:00+08:00,99.5485,650.0,13.2731,25.0,1.5
2025-07-15T19:00:00+08:00,0.0,0.0,0.0,25.0,1.5
2025-07-15T20:00:00+08:00,0.0,0.0,0.0,25.0,1.5
2025-07-15T21:00:00+08:00,0.0,0.0,0.0,25.0,1.5
2025-07-15T22:00:00+08:00,0.0,0.0,0.0,25.0,1.5
2025-07-15T23:00:00+08:00,0.0,0.0,0.0,25.0,1.5
2025-07-16T00:00:00+08:00,0.0,0.0,0.0,25.0,1.5
2025-07-16T01:00:00+08:00,0.0,0.0,0.0,25.0,1.5
2025-07-16T02:00:00+08:00,0.0,0.0,0.0,25.0,1.5
2025-07-16T03:00:00+08:00,0.0,0.0,0.0,25.0,1.5
2025-07-16T04:00:00+08:00,0.0,0.0,0.0,25.0,1.5
2025-07-16T05:00:00+08:00,0.0,0.0,0.0,25.0,1.5
2025-07-16T06:00:00+08:00,115.7964,650.0,15.4395,25.0,1.5
2025-07-16T07:00:00+08:00,281.7474,650.0,37.5663,25.0,1.5
2025-07-16T08:00:00+08:00,435.8084,650.0,58.1078,25.0,1.5
2025-07-16T09:00:00+08:00,567.4805,650.0,75.6641,25.0,1.5
2025-07-16T10:00:00+08:00,667.7904,650.0,89.0387,25.0,1.5
2025-07-16T11:00:00+08:00,729.9022,650.0,97.3203,25.0,1.5
2025-07-16T12:00:00+08:00,749.5831,650.0,99.9444,25.0,1.5
2025-07-16T13:00:00+08:00,725.4918,650.0,96.7322,25.0,1.5
2025-07-16T14:00:00+08:00,659.2701,650.0,87.9027,25.0,1.5
2025-07-16T15:00:00+08:00,555.4309,650.0,74.0575,25.0,1.5
2025-07-16T16:00:00+08:00,421.0507,650.0,56.1401,25.0,1.5
2025-07-16T17:00:00+08:00,265.2873,650.0,35.3716,25.0,1.5
2025-07-16T18:00:00+08:00,98.7556,650.0,13.1674,25.0,1.5
2025-07-16T19:00:00+08:00,0.0,0.0,0.0,25.0,1.5
2025-07-16T20:00:00+08:00,0.0,0.0,0.0,25.0,1.5
2025-07-16T21:00:00+08:00,0.0,0.0,0.0,25.0,1.5
2025-07-16T22:00:00+08:00,0.0,0.0,0.0,25.0,1.5
2025-07-16T23:00:00+08:00,0.0,0.0,0.0,25.0,1.5
2025-07-17T00:00:00+08:00,0.0,0.0,0.0,25.0,1.5
2025-07-17T01:00:00+08:00,0.0,0.0,0.0,25.0,1.5
2025-07-17T02:00:00+08:00,0.0,0.0,0.0,25.0,1.5
2025-07-17T03:00:00+08:00,0.0,0.0,0.0,25.0,1.5
2025-07-17T04:00:00+08:00,0.0,0.0,0.0,25.0,1.5
2025-07-17T05:00:00+08:00,0.0,0.0,0.0,25.0,1.5
2025-07-17T06:00:00+08:00,114.9917,650.0,15.3322,25.0,1.5
2025-07-17T07:00:00+08:00,281.1345,650.0,37.4846,25.0,1.5
2025-07-17T08:00:00+08:00,435.3735,650.0,58.0498,25.0,1.5
2025-07-17T09:00:00+08:00,567.1978,650.0,75.6264,25.0,1.5
2025-07-17T10:00:00+08:00,667.6236,650.0,89.0165,25.0,1.5
2025-07-17T11:00:00+08:00,729.8072,650.0,97.3076,25.0,1.5
2025-07-17T12:00:00+08:00,749.5107,650.0,99.9348,25.0,1.5
2025-07-17T13:00:00+08:00,725.3916,650.0,96.7189,25.0,1.5
2025-07-17T14:00:00+08:00,659.0934,650.0,87.8791,25.0,1.5
2025-07-17T15:00:00+08:00,555.1342,650.0,74.0179,25.0,1.5
2025-07-17T16:00:00+08:00,420.5987,650.0,56.0798,25.0,1.5
2025-07-17T17:00:00+08:00,264.6553,650.0,35.2874,25.0,1.5
2025-07-17T18:00:00+08:00,97.9313,650.0,13.0575,25.0,1.5
2025-07-17T19:00:00+08:00,0.0,0.0,0.0,25.0,1.5
2025-07-17T20:00:00+08:00,0.0,0.0,0.0,25.0,1.5
2025-07-17T21:00:00+08:00,0.0,0.0,0.0,25.0,1.5
2025-07-17T22:00:00+08:00,0.0,0.0,0.0,25.0,1.5
2025-07-17T23:00:00+08:00,0.0,0.0,0.0,25.0,1.5
2025-07-18T00:00:00+08:00,0.0,0.0,0.0,25.0,1.5
2025-07-18T01:00:00+08:00,0.0,0.0,0.0,25.0,1.5
2025-07-18T02:00:00+08:00,0.0,0.0,0.0,25.0,1.5
2025-07-18T03:00:00+08:00,0.0,0.0,0.0,25.0,1.5
2025-07-18T04:00:00+08:00,0.0,0.0,0.0,25.0,1.5
2025-07-18T05:00:00+08:00,0.0,0.0,0.0,25.0,1.5
2025-07-18T06:00:00+08:00,114.1563,650.0,15.2208,25.0,1.5
2025-07-18T07:00:00+08:00,280.4963,650.0,37.3995,25.0,1.5
2025-07-18T08:00:00+08:00,434.9185,650.0,57.9891,25.0,1.5
2025-07-18T09:00:00+08:00,566.8993,650.0,75.5866,25.0,1.5
2025-07-18T10:00:00+08:00,667.4444,650.0,88.9926,25.0,1.5
2025-07-18T11:00:00+08:00,729.7018,650.0,97.2936,25.0,1.5
2025-07-18T12:00:00+08:00,749.4288,650.0,99.9238,25.0,1.5
2025-07-18T13:00:00+08:00,725.281,650.0,96.7041,25.0,1.5
2025-07-18T14:00:00+08:00,658.904,650.0,87.8539,25.0,1.5
2025-07-18T15:00:00+08:00,554.8214,650.0,73.9762,25.0,1.5
2025-07-18T16:00:00+08:00,420.1262,650.0,56.0168,25.0,1.5
2025-07-18T17:00:00+08:00,263.9976,650.0,35.1997,25.0,1.5
2025-07-18T18:00:00+08:00,97.0755,650.0,12.9434,25.0,1.5
2025-07-18T19:00:00+08:00,0.0,0.0,0.0,25.0,1.5
2025-07-18T20:00:00+08:00,0.0,0.0,0.0,25.0,1.5
2025-07-18T21:00:00+08:00,0.0,0.0,0.0,25.0,1.5
2025-07-18T22:00:00+08:00,0.0,0.0,0.0,25.0,1.5
2025-07-18T23:00:00+08:00,0.0,0.0,0.0,25.0,1.5
2025-07-19T00:00:00+08:00,0.0,0.0,0.0,25.0,1.5
2025-07-19T01:00:00+08:00,0.0,0.0,0.0,25.0,1.5
2025-07-19T02:00:00+08:00,0.0,0.0,0.0,25.0,1.5
2025-07-19T03:00:00+08:00,0.0,0.0,0.0,25.0,1.5
2025-07-19T04:00:00+08:00,0.0,0.0,0.0,25.0,1.5
2025-07-19T05:00:00+08:00,0.0,0.0,0.0,25.0,1.5
2025-07-19T06:00:00+08:00,113.2901,650.0,15.1054,25.0,1.5
2025-07-19T07:00:00+08:00,279.8328,650.0,37.311,25.0,1.5
2025-07-19T08:00:00+08:00,434.4431,650.0,57.9257,25.0,1.5
2025-07-19T09:00:00+08:00,566.5846,650.0,75.5446,25.0,1.5
2025-07-19T10:00:00+08:00,667.2522,650.0,88.967,25.0,1.5
2025-07-19T11:00:00+08:00,729.5854,650.0,97.2781,25.0,1.5
2025-07-19T12:00:00+08:00,749.3364,650.0,99.9115,25.0,1.5
2025-07-19T13:00:00+08:00,725.1592,650.0,96.6879,25.0,1.5
2025-07-19T14:00:00+08:00,658.7014,650.0,87.8269,25.0,1.5
2025-07-19T15:00:00+08:00,554.492,650.0,73.9323,25.0,1.5
2025-07-19T16:00:00+08:00,419.6327,650.0,55.951,25.0,1.5
2025-07-19T17:00:00+08:00,263.314,650.0,35.1085,25.0,1.5
2025-07-19T18:00:00+08:00,96.1886,650.0,12.8251,25.0,1.5
2025-07-19T19:00:00+08:00,0.0,0.0,0.0,25.0,1.5
2025-07-19T20:00:00+08:00,0.0,0.0,0.0,25.0,1.5
2025-07-19T21:00:00+08:00,0.0,0.0,0.0,25.0,1.5
2025-07-19T22:00:00+08:00,0.0,0.0,0.0,25.0,1.5
2025-07-19T23:00:00+08:00,0.0,0.0,0.0,25.0,1.5
2025-07-20T00:00:00+08:00,0.0,0.0,0.0,25.0,1.5
2025-07-20T01:00:00+08:00,0.0,0.0,0.0,25.0,1.5
2025-07-20T02:00:00+08:00,0.0,0.0,0.0,25.0,1.5
2025-07-20T03:00:00+08:00,0.0,0.0,0.0,25.0,1.5
2025-07-20T04:00:00+08:00,0.0,0.0,0.0,25.0,1.5
2025-07-20T05:00:00+08:00,0.0,0.0,0.0,25.0,1.5
2025-07-20T06:00:00+08:00,112.3935,650.0,14.9858,25.0,1.5
2025-07-20T07:00:00+08:00,279.1438,650.0,37.2192,25.0,1.5
2025-07-20T08:00:00+08:00,433.9469,650.0,57.8596,25.0,1.5
2025-07-20T09:00:00+08:00,566.2533,650.0,75.5004,25.0,1.5
2025-07-20T10:00:00+08:00,667.0464,650.0,88.9395,25.0,1.5
2025-07-20T11:00:00+08:00,729.4573,650.0,97.261,25.0,1.5
2025-07-20T12:00:00+08:00,749.233,650.0,99.8977,25.0,1.5
2025-07-20T13:00:00+08:00,725.0256,650.0,96.6701,25.0,1.5
2025-07-20T14:00:00+08:00,658.4849,650.0,87.798,25.0,1.5
2025-07-20T15:00:00+08:00,554.1456,650.0,73.8861,25.0,1.5
2025-07-20T16:00:00+08:00,419.1181,650.0,55.8824,25.0,1.5
2025-07-20T17:00:00+08:00,262.6044,650.0,35.0139,25.0,1.5
2025-07-20T18:00:00+08:00,95.2707,650.0,12.7028,25.0,1.5
2025-07-20T19:00:00+08:00,0.0,0.0,0.0,25.0,1.5
2025-07-20T20:00:00+08:00,0.0,0.0,0.0,25.0,1.5
2025-07-20T21:00:00+08:00,0.0,0.0,0.0,25.0,1.5
2025-07-20T22:00:00+08:00,0.0,0.0,0.0,25.0,1.5
2025-07-20T23:00:00+08:00,0.0,0.0,0.0,25.0,1.5
2025-07-21T00:00:00+08:00,0.0,0.0,0.0,25.0,1.5
2025-07-21T01:00:00+08:00,0.0,0.0,0.0,25.0,1.5
2025-07-21T02:00:00+08:00,0.0,0.0,0.0,25.0,1.5
2025-07-21T03:00:00+08:00,0.0,0.0,0.0,25.0,1.5
2025-07-21T04:00:00+08:00,0.0,0.0,0.0,25.0,1.5
2025-07-21T05:00:00+08:00,0.0,0.0,0.0,25.0,1.5
2025-07-21T06:00:00+08:00,111.4666,650.0,14.8622,25.0,1.5
2025-07-21T07:00:00+08:00,278.4294,650.0,37.1239,25.0,1.5
2025-07-21T08:00:00+08:00,433.4298,650.0,57.7906,25.0,1.5
2025-07-21T09:00:00+08:00,565.9047,650.0,75.454,25.0,1.5
2025-07-21T10:00:00+08:00,666.8263,650.0,88.9102,25.0,1.5
2025-07-21T11:00:00+08:00,729.3168,650.0,97.2422,25.0,1.5
2025-07-21T12:00:00+08:00,749.1176,650.0,99.8824,25.0,1.5
2025-07-21T13:00:00+08:00,724.8794,650.0,96.6506,25.0,1.5
2025-07-21T14:00:00+08:00,658.254,650.0,87.7672,25.0,1.5
2025-07-21T15:00:00+08:00,553.7816,650.0,73.8376,25.0,1.5
2025-07-21T16:00:00+08:00,418.5821,650.0,55.8109,25.0,1.5
2025-07-21T17:00:00+08:00,261.8689,650.0,34.9159,25.0,1.5
2025-07-21T18:00:00+08:00,94.3219,650.0,12.5763,25.0,1.5
2025-07-21T19:00:00+08:00,0.0,0.0,0.0,25.0,1.5
2025-07-21T20:00:00+08:00,0.0,0.0,0.0,25.0,1.5
2025-07-21T21:00:00+08:00,0.0,0.0,0.0,25.0,1.5
2025-07-21T22:00:00+08:00,0.0,0.0,0.0,25.0,1.5
2025-07-21T23:00:00+08:00,0.0,0.0,0.0,25.0,1.5
2025-07-22T00:00:00+08:00,0.0,0.0,0.0,25.0,1.5
2025-07-22T01:00:00+08:00,0.0,0.0,0.0,25.0,1.5
2025-07-22T02:00:00+08:00,0.0,0.0,0.0,25.0,1.5
2025-07-22T03:00:00+08:00,0.0,0.0,0.0,25.0,1.5
2025-07-22T04:00:00+08:00,0.0,0.0,0.0,25.0,1.5
2025-07-22T05:00:00+08:00,0.0,0.0,0.0,25.0,1.5
2025-07-22T06:00:00+08:00,110.5095,650.0,14.7346,25.0,1.5
2025-07-22T07:00:00+08:00,277.6894,650.0,37.0253,25.0,1.5
2025-07-22T08:00:00+08:00,432.8913,650.0,57.7188,25.0,1.5
2025-07-22T09:00:00+08:00,565.5385,650.0,75.4051,25.0,1.5
2025-07-22T10:00:00+08:00,666.5913,650.0,88.8788,25.0,1.5
2025-07-22T11:00:00+08:00,729.1631,650.0,97.2217,25.0,1.5
2025-07-22T12:00:00+08:00,748.9897,650.0,99.8653,25.0,1.5
2025-07-22T13:00:00+08:00,724.7199,650.0,96.6293,25.0,1.5
2025-07-22T14:00:00+08:00,658.0078,650.0,87.7344,25.0,1.5
2025-07-22T15:00:00+08:00,553.3997,650.0,73.7866,25.0,1.5
2025-07-22T16:00:00+08:00,418.0243,650.0,55.7366,25.0,1.5
2025-07-22T17:00:00+08:00,261.1074,650.0,34.8143,25.0,1.5
2025-07-22T18:00:00+08:00,93.3425,650.0,12.4457,25.0,1.5
2025-07-22T19:00:00+08:00,0.0,0.0,0.0,25.0,1.5
2025-07-22T20:00:00+08:00,0.0,0.0,0.0,25.0,1.5
2025-07-22T21:00:00+08:00,0.0,0.0,0.0,25.0,1.5
2025-07-22T22:00:00+08:00,0.0,0.0,0.0,25.0,1.5
2025-07-22T23:00:00+08:00,0.0,0.0,0.0,25.0,1.5
2025-07-23T00:00:00+08:00,0.0,0.0,0.0,25.0,1.5
2025-07-23T01:00:00+08:00,0.0,0.0,0.0,25.0,1.5
2025-07-23T02:00:00+08:00,0.0,0.0,0.0,25.0,1.5
2025-07-23T03:00:00+08:00,0.0,0.0,0.0,25.0,1.5
2025-07-23T04:00:00+08:00,0.0,0.0,0.0,25.0,1.5
2025-07-23T05:00:00+08:00,0.0,0.0,0.0,25.0,1.5
2025-07-23T06:00:00+08:00,109.5223,650.0,14.603,25.0,1.5
2025-07-23T07:00:00+08:00,276.9237,650.0,36.9232,25.0,1.5
2025-07-23T08:00:00+08:00,432.3312,650.0,57.6442,25.0,1.5
2025-07-23T09:00:00+08:00,565.1541,650.0,75.3539,25.0,1.5
2025-07-23T10:00:00+08:00,666.3407,650.0,88.8454,25.0,1.5
2025-07-23T11:00:00+08:00,728.9954,650.0,97.1994,25.0,1.5
2025-07-23T12:00:00+08:00,748.8482,650.0,99.8464,25.0,1.5
2025-07-23T13:00:00+08:00,724.5464,650.0,96.6062,25.0,1.5
2025-07-23T14:00:00+08:00,657.7459,650.0,87.6995,25.0,1.5
2025-07-23T15:00:00+08:00,552.9992,650.0,73.7332,25.0,1.5
2025-07-23T16:00:00+08:00,417.4445,650.0,55.6593,25.0,1.5
2025-07-23T17:00:00+08:00,260.3197,650.0,34.7093,25.0,1.5
2025-07-23T18:00:00+08:00,92.3326,650.0,12.311,25.0,1.5
2025-07-23T19:00:00+08:00,0.0,0.0,0.0,25.0,1.5
2025-07-23T20:00:00+08:00,0.0,0.0,0.0,25.0,1.5
2025-07-23T21:00:00+08:00,0.0,0.0,0.0,25.0,1.5
2025-07-23T22:00:00+08:00,0.0,0.0,0.0,25.0,1.5
2025-07-23T23:00:00+08:00,0.0,0.0,0.0,25.0,1.5
2025-07-24T00:00:00+08:00,0.0,0.0,0.0,25.0,1.5
2025-07-24T01:00:00+08:00,0.0,0.0,0.0,25.0,1.5
2025-07-24T02:00:00+08:00,0.0,0.0,0.0,25.0,1.5
2025-07-24T03:00:00+08:00,0.0,0.0,0.0,25.0,1.5
2025-07-24T04:00:00+08:00,0.0,0.0,0.0,25.0,1.5
2025-07-24T05:00:00+08:00,0.0,0.0,0.0,25.0,1.5
2025-07-24T06:00:00+08:00,108.5054,650.0,14.4674,25.0,1.5
2025-07-24T07:00:00+08:00,276.1323,650.0,36.8176,25.0,1.5
2025-07-24T08:00:00+08:00,431.7491,650.0,57.5666,25.0,1.5
2025-07-24T09:00:00+08:00,564.751,650.0,75.3001,25.0,1.5
2025-07-24T10:00:00+08:00,666.0739,650.0,88.8099,25.0,1.5
2025-07-24T11:00:00+08:00,728.813,650.0,97.1751,25.0,1.5
2025-07-24T12:00:00+08:00,748.6926,650.0,99.8257,25.0,1.5
2025-07-24T13:00:00+08:00,724.3579,650.0,96.5811,25.0,1.5
2025-07-24T14:00:00+08:00,657.4675,650.0,87.6623,25.0,1.5
2025-07-24T15:00:00+08:00,552.5797,650.0,73.6773,25.0,1.5
2025-07-24T16:00:00+08:00,416.8424,650.0,55.579,25.0,1.5
2025-07-24T17:00:00+08:00,259.5059,650.0,34.6008,25.0,1.5
2025-07-24T18:00:00+08:00,91.2925,650.0,12.1723,25.0,1.5
2025-07-24T19:00:00+08:00,0.0,0.0,0.0,25.0,1.5
2025-07-24T20:00:00+08:00,0.0,0.0,0.0,25.0,1.5
2025-07-24T21:00:00+08:00,0.0,0.0,0.0,25.0,1.5
2025-07-24T22:00:00+08:00,0.0,0.0,0.0,25.0,1.5
2025-07-24T23:00:00+08:00,0.0,0.0,0.0,25.0,1.5
2025-07-25T00:00:00+08:00,0.0,0.0,0.0,25.0,1.5
2025-07-25T01:00:00+08:00,0.0,0.0,0.0,25.0,1.5
2025-07-25T02:00:00+08:00,0.0,0.0,0.0,25.0,1.5
2025-07-25T03:00:00+08:00,0.0,0.0,0.0,25.0,1.5
2025-07-25T04:00:00+08:00,0.0,0.0,0.0,25.0,1.5
2025-07-25T05:00:00+08:00,0.0,0.0,0.0,25.0,1.5
2025-07-25T06:00:00+08:00,107.4588,650.0,14.3278,25.0,1.5
2025-07-25T07:00:00+08:00,275.315,650.0,36.7087,25.0,1.5
2025-07-25T08:00:00+08:00,431.1448,650.0,57.486,25.0,1.5
2025-07-25T09:00:00+08:00,564.3286,650.0,75.2438,25.0,1.5
2025-07-25T10:00:00+08:00,665.7902,650.0,88.772,25.0,1.5
2025-07-25T11:00:00+08:00,728.615,650.0,97.1487,25.0,1.5
2025-07-25T12:00:00+08:00,748.5218,650.0,99.8029,25.0,1.5
2025-07-25T13:00:00+08:00,724.1539,650.0,96.5539,25.0,1.5
2025-07-25T14:00:00+08:00,657.172,650.0,87.6229,25.0,1.5
2025-07-25T15:00:00+08:00,552.1406,650.0,73.6187,25.0,1.5
2025-07-25T16:00:00+08:00,416.2176,650.0,55.4957,25.0,1.5
2025-07-25T17:00:00+08:00,258.6659,650.0,34.4888,25.0,1.5
2025-07-25T18:00:00+08:00,90.2224,650.0,12.0297,25.0,1.5
2025-07-25T19:00:00+08:00,0.0,0.0,0.0,25.0,1.5
2025-07-25T20:00:00+08:00,0.0,0.0,0.0,25.0,1.5
2025-07-25T21:00:00+08:00,0.0,0.0,0.0,25.0,1.5
2025-07-25T22:00:00+08:00,0.0,0.0,0.0,25.0,1.5
2025-07-25T23:00:00+08:00,0.0,0.0,0.0,25.0,1.5
2025-07-26T00:00:00+08:00,0.0,0.0,0.0,25.0,1.5
2025-07-26T01:00:00+08:00,0.0,0.0,0.0,25.0,1.5
2025-07-26T02:00:00+08:00,0.0,0.0,0.0,25.0,1.5
2025-07-26T03:00:00+08:00,0.0,0.0,0.0,25.0,1.5
2025-07-26T04:00:00+08:00,0.0,0.0,0.0,25.0,1.5
2025-07-26T05:00:00+08:00,0.0,0.0,0.0,25.0,1.5
2025-07-26T06:00:00+08:00,106.3828,650.0,14.1844,25.0,1.5
2025-07-26T07:00:00+08:00,274.4719,650.0,36.5963,25.0,1.5
2025-07-26T08:00:00+08:00,430.5179,650.0,57.4024,25.0,1.5
2025-07-26T09:00:00+08:00,563.8865,650.0,75.1849,25.0,1.5
2025-07-26T10:00:00+08:00,665.4888,650.0,88.7318,25.0,1.5
2025-07-26T11:00:00+08:00,728.4008,650.0,97.1201,25.0,1.5
2025-07-26T12:00:00+08:00,748.3352,650.0,99.778,25.0,1.5
2025-07-26T13:00:00+08:00,723.9335,650.0,96.5245,25.0,1.5
2025-07-26T14:00:00+08:00,656.8586,650.0,87.5811,25.0,1.5
2025-07-26T15:00:00+08:00,551.6816,650.0,73.5575,25.0,1.5
2025-07-26T16:00:00+08:00,415.57,650.0,55.4093,25.0,1.5
2025-07-26T17:00:00+08:00,257.7997,650.0,34.3733,25.0,1.5
2025-07-26T18:00:00+08:00,89.1225,650.0,11.883,25.0,1.5
2025-07-26T19:00:00+08:00,0.0,0.0,0.0,25.0,1.5
2025-07-26T20:00:00+08:00,0.0,0.0,0.0,25.0,1.5
2025-07-26T21:00:00+08:00,0.0,0.0,0.0,25.0,1.5
2025-07-26T22:00:00+08:00,0.0,0.0,0.0,25.0,1.5
2025-07-26T23:00:00+08:00,0.0,0.0,0.0,25.0,1.5
2025-07-27T00:00:00+08:00,0.0,0.0,0.0,25.0,1.5
2025-07-27T01:00:00+08:00,0.0,0.0,0.0,25.0,1.5
2025-07-27T02:00:00+08:00,0.0,0.0,0.0,25.0,1.5
2025-07-27T03:00:00+08:00,0.0,0.0,0.0,25.0,1.5
2025-07-27T04:00:00+08:00,0.0,0.0,0.0,25.0,1.5
2025-07-27T05:00:00+08:00,0.0,0.0,0.0,25.0,1.5
2025-07-27T06:00:00+08:00,105.2776,650.0,14.037,25.0,1.5
2025-07-27T07:00:00+08:00,273.6028,650.0,36.4804,25.0,1.5
2025-07-27T08:00:00+08:00,429.8681,650.0,57.3157,25.0,1.5
2025-07-27T09:00:00+08:00,563.424,650.0,75.1232,25.0,1.5
2025-07-27T10:00:00+08:00,665.1691,650.0,88.6892,25.0,1.5
2025-07-27T11:00:00+08:00,728.1695,650.0,97.0893,25.0,1.5
2025-07-27T12:00:00+08:00,748.132,650.0,99.7509,25.0,1.5
2025-07-27T13:00:00+08:00,723.696,650.0,96.4928,25.0,1.5
2025-07-27T14:00:00+08:00,656.5268,650.0,87.5369,25.0,1.5
2025-07-27T15:00:00+08:00,551.202,650.0,73.4936,25.0,1.5
2025-07-27T16:00:00+08:00,414.8992,650.0,55.3199,25.0,1.5
2025-07-27T17:00:00+08:00,256.9072,650.0,34.2543,25.0,1.5
2025-07-27T18:00:00+08:00,87.993,650.0,11.7324,25.0,1.5
2025-07-27T19:00:00+08:00,0.0,0.0,0.0,25.0,1.5
2025-07-27T20:00:00+08:00,0.0,0.0,0.0,25.0,1.5
2025-07-27T21:00:00+08:00,0.0,0.0,0.0,25.0,1.5
2025-07-27T22:00:00+08:00,0.0,0.0,0.0,25.0,1.5
2025-07-27T23:00:00+08:00,0.0,0.0,0.0,25.0,1.5
2025-07-28T00:00:00+08:00,0.0,0.0,0.0,25.0,1.5
2025-07-28T01:00:00+08:00,0.0,0.0,0.0,25.0,1.5
2025-07-28T02:00:00+08:00,0.0,0.0,0.0,25.0,1.5
2025-07-28T03:00:00+08:00,0.0,0.0,0.0,25.0,1.5
2025-07-28T04:00:00+08:00,0.0,0.0,0.0,25.0,1.5
2025-07-28T05:00:00+08:00,0.0,0.0,0.0,25.0,1.5
2025-07-28T06:00:00+08:00,104.1433,650.0,13.8858,25.0,1.5
2025-07-28T07:00:00+08:00,272.7078,650.0,36.361,25.0,1.5
2025-07-28T08:00:00+08:00,429.195,650.0,57.226,25.0,1.5
2025-07-28T09:00:00+08:00,562.9407,650.0,75.0588,25.0,1.5
2025-07-28T10:00:00+08:00,664.8304,650.0,88.6441,25.0,1.5
2025-07-28T11:00:00+08:00,727.9203,650.0,97.056,25.0,1.5
2025-07-28T12:00:00+08:00,747.9111,650.0,99.7215,25.0,1.5
2025-07-28T13:00:00+08:00,723.4404,650.0,96.4587,25.0,1.5
2025-07-28T14:00:00+08:00,656.1758,650.0,87.4901,25.0,1.5
2025-07-28T15:00:00+08:00,550.7013,650.0,73.4268,25.0,1.5
2025-07-28T16:00:00+08:00,414.2049,650.0,55.2273,25.0,1.5
2025-07-28T17:00:00+08:00,255.9884,650.0,34.1318,25.0,1.5
2025-07-28T18:00:00+08:00,86.8342,650.0,11.5779,25.0,1.5
2025-07-28T19:00:00+08:00,0.0,0.0,0.0,25.0,1.5
2025-07-28T20:00:00+08:00,0.0,0.0,0.0,25.0,1.5
2025-07-28T21:00:00+08:00,0.0,0.0,0.0,25.0,1.5
2025-07-28T22:00:00+08:00,0.0,0.0,0.0,25.0,1.5
2025-07-28T23:00:00+08:00,0.0,0.0,0.0,25.0,1.5
2025-07-29T00:00:00+08:00,0.0,0.0,0.0,25.0,1.5
2025-07-29T01:00:00+08:00,0.0,0.0,0.0,25.0,1.5
2025-07-29T02:00:00+08:00,0.0,0.0,0.0,25.0,1.5
2025-07-29T03:00:00+08:00,0.0,0.0,0.0,25.0,1.5
2025-07-29T04:00:00+08:00,0.0,0.0,0.0,25.0,1.5
2025-07-29T05:00:00+08:00,0.0,0.0,0.0,25.0,1.5
2025-07-29T06:00:00+08:00,102.9803,650.0,13.7307,25.0,1.5
2025-07-29T07:00:00+08:00,271.7866,650.0,36.2382,25.0,1.5
2025-07-29T08:00:00+08:00,428.4984,650.0,57.1331,25.0,1.5
2025-07-29T09:00:00+08:00,562.4361,650.0,74.9915,25.0,1.5
2025-07-29T10:00:00+08:00,664.472,650.0,88.5963,25.0,1.5
2025-07-29T11:00:00+08:00,727.6524,650.0,97.0203,25.0,1.5
2025-07-29T12:00:00+08:00,747.6719,650.0,99.6896,25.0,1.5
2025-07-29T13:00:00+08:00,723.1661,650.0,96.4221,25.0,1.5
2025-07-29T14:00:00+08:00,655.805,650.0,87.4407,25.0,1.5
2025-07-29T15:00:00+08:00,550.1791,650.0,73.3572,25.0,1.5
2025-07-29T16:00:00+08:00,413.4868,650.0,55.1316,25.0,1.5
2025-07-29T17:00:00+08:00,255.0433,650.0,34.0058,25.0,1.5
2025-07-29T18:00:00+08:00,85.6463,650.0,11.4195,25.0,1.5
2025-07-29T19:00:00+08:00,0.0,0.0,0.0,25.0,1.5
2025-07-29T20:00:00+08:00,0.0,0.0,0.0,25.0,1.5
2025-07-29T21:00:00+08:00,0.0,0.0,0.0,25.0,1.5
2025-07-29T22:00:00+08:00,0.0,0.0,0.0,25.0,1.5
2025-07-29T23:00:00+08:00,0.0,0.0,0.0,25.0,1.5
2025-07-30T00:00:00+08:00,0.0,0.0,0.0,25.0,1.5
2025-07-30T01:00:00+08:00,0.0,0.0,0.0,25.0,1.5
2025-07-30T02:00:00+08:00,0.0,0.0,0.0,25.0,1.5
2025-07-30T03:00:00+08:00,0.0,0.0,0.0,25.0,1.5
2025-07-30T04:00:00+08:00,0.0,0.0,0.0,25.0,1.5
2025-07-30T05:00:00+08:00,0.0,0.0,0.0,25.0,1.5
2025-07-30T06:00:00+08:00,101.7888,650.0,13.5718,25.0,1.5
2025-07-30T07:00:00+08:00,270.8394,650.0,36.1119,25.0,1.5
2025-07-30T08:00:00+08:00,427.778,650.0,57.0371,25.0,1.5
2025-07-30T09:00:00+08:00,561.9096,650.0,74.9213,25.0,1.5
2025-07-30T10:00:00+08:00,664.0931,650.0,88.5457,25.0,1.5
2025-07-30T11:00:00+08:00,727.365,650.0,96.982,25.0,1.5
2025-07-30T12:00:00+08:00,747.4135,650.0,99.6551,25.0,1.5
2025-07-30T13:00:00+08:00,722.8722,650.0,96.383,25.0,1.5
2025-07-30T14:00:00+08:00,655.4136,650.0,87.3885,25.0,1.5
2025-07-30T15:00:00+08:00,549.6349,650.0,73.2846,25.0,1.5
2025-07-30T16:00:00+08:00,412.7447,650.0,55.0326,25.0,1.5
2025-07-30T17:00:00+08:00,254.0718,650.0,33.8762,25.0,1.5
2025-07-30T18:00:00+08:00,84.4297,650.0,11.2573,25.0,1.5
2025-07-30T19:00:00+08:00,0.0,0.0,0.0,25.0,1.5
2025-07-30T20:00:00+08:00,0.0,0.0,0.0,25.0,1.5
2025-07-30T21:00:00+08:00,0.0,0.0,0.0,25.0,1.5
2025-07-30T22:00:00+08:00,0.0,0.0,0.0,25.0,1.5
2025-07-30T23:00:00+08:00,0.0,0.0,0.0,25.0,1.5
2025-07-31T00:00:00+08:00,0.0,0.0,0.0,25.0,1.5
2025-07-31T01:00:00+08:00,0.0,0.0,0.0,25.0,1.5
2025-07-31T02:00:00+08:00,0.0,0.0,0.0,25.0,1.5
2025-07-31T03:00:00+08:00,0.0,0.0,0.0,25.0,1.5
2025-07-31T04:00:00+08:00,0.0,0.0,0.0,25.0,1.5
2025-07-31T05:00:00+08:00,0.0,0.0,0.0,25.0,1.5
2025-07-31T06:00:00+08:00,100.5689,650.0,13.4092,25.0,1.5
2025-07-31T07:00:00+08:00,269.866,650.0,35.9821,25.0,1.5
2025-07-31T08:00:00+08:00,427.0335,650.0,56.9378,25.0,1.5
2025-07-31T09:00:00+08:00,561.3606,650.0,74.8481,25.0,1.5
2025-07-31T10:00:00+08:00,663.6931,650.0,88.4924,25.0,1.5
2025-07-31T11:00:00+08:00,727.0573,650.0,96.941,25.0,1.5
2025-07-31T12:00:00+08:00,747.135,650.0,99.618,25.0,1.5
2025-07-31T13:00:00+08:00,722.5579,650.0,96.3411,25.0,1.5
2025-07-31T14:00:00+08:00,655.0009,650.0,87.3335,25.0,1.5
2025-07-31T15:00:00+08:00,549.068,650.0,73.2091,25.0,1.5
2025-07-31T16:00:00+08:00,411.9782,650.0,54.9304,25.0,1.5
2025-07-31T17:00:00+08:00,253.074,650.0,33.7432,25.0,1.5
2025-07-31T18:00:00+08:00,83.1845,650.0,11.0913,25.0,1.5
2025-07-31T19:00:00+08:00,0.0,0.0,0.0,25.0,1.5
2025-07-31T20:00:00+08:00,0.0,0.0,0.0,25.0,1.5
2025-07-31T21:00:00+08:00,0.0,0.0,0.0,25.0,1.5
2025-07-31T22:00:00+08:00,0.0,0.0,0.0,25.0,1.5
2025-07-31T23:00:00+08:00,0.0,0.0,0.0,25.0,1.5
2025-08-01T00:00:00+08:00,0.0,0.0,0.0,25.0,1.5
2025-08-01T01:00:00+08:00,0.0,0.0,0.0,25.0,1.5
2025-08-01T02:00:00+08:00,0.0,0.0,0.0,25.0,1.5
2025-08-01T03:00:00+08:00,0.0,0.0,0.0,25.0,1.5
2025-08-01T04:00:00+08:00,0.0,0.0,0.0,25.0,1.5
2025-08-01T05:00:00+08:00,0.0,0.0,0.0,25.0,1.5
2025-08-01T06:00:00+08:00,99.321,650.0,13.2428,25.0,1.5
2025-08-01T07:00:00+08:00,268.8665,650.0,35.8489,25.0,1.5
2025-08-01T08:00:00+08:00,426.2645,650.0,56.8353,25.0,1.5
2025-08-01T09:00:00+08:00,560.7887,650.0,74.7718,25.0,1.5
2025-08-01T10:00:00+08:00,663.2713,650.0,88.4362,25.0,1.5
2025-08-01T11:00:00+08:00,726.7285,650.0,96.8971,25.0,1.5
2025-08-01T12:00:00+08:00,746.8356,650.0,99.5781,25.0,1.5
2025-08-01T13:00:00+08:00,722.2224,650.0,96.2963,25.0,1.5
2025-08-01T14:00:00+08:00,654.5664,650.0,87.2755,25.0,1.5
2025-08-01T15:00:00+08:00,548.478,650.0,73.1304,25.0,1.5
2025-08-01T16:00:00+08:00,411.1871,650.0,54.825,25.0,1.5
2025-08-01T17:00:00+08:00,252.0499,650.0,33.6066,25.0,1.5
2025-08-01T18:00:00+08:00,81.9112,650.0,10.9215,25.0,1.5
2025-08-01T19:00:00+08:00,0.0,0.0,0.0,25.0,1.5
2025-08-01T20:00:00+08:00,0.0,0.0,0.0,25.0,1.5
2025-08-01T21:00:00+08:00,0.0,0.0,0.0,25.0,1.5
2025-08-01T22:00:00+08:00,0.0,0.0,0.0,25.0,1.5
2025-08-01T23:00:00+08:00,0.0,0.0,0.0,25.0,1.5
2025-08-02T00:00:00+08:00,0.0,0.0,0.0,25.0,1.5
2025-08-02T01:00:00+08:00,0.0,0.0,0.0,25.0,1.5
2025-08-02T02:00:00+08:00,0.0,0.0,0.0,25.0,1.5
2025-08-02T03:00:00+08:00,0.0,0.0,0.0,25.0,1.5
2025-08-02T04:00:00+08:00,0.0,0.0,0.0,25.0,1.5
2025-08-02T05:00:00+08:00,0.0,0.0,0.0,25.0,1.5
2025-08-02T06:00:00+08:00,98.0454,650.0,13.0727,25.0,1.5
2025-08-02T07:00:00+08:00,267.8408,650.0,35.7121,25.0,1.5
2025-08-02T08:00:00+08:00,425.4708,650.0,56.7294,25.0,1.5
2025-08-02T09:00:00+08:00,560.1933,650.0,74.6924,25.0,1.5
2025-08-02T10:00:00+08:00,662.827,650.0,88.3769,25.0,1.5
2025-08-02T11:00:00+08:00,726.3776,650.0,96.8504,25.0,1.5
2025-08-02T12:00:00+08:00,746.5144,650.0,99.5353,25.0,1.5
2025-08-02T13:00:00+08:00,721.865,650.0,96.2487,25.0,1.5
2025-08-02T14:00:00+08:00,654.1092,650.0,87.2146,25.0,1.5
2025-08-02T15:00:00+08:00,547.8645,650.0,73.0486,25.0,1.5
2025-08-02T16:00:00+08:00,410.3712,650.0,54.7162,25.0,1.5
2025-08-02T17:00:00+08:00,250.9994,650.0,33.4666,25.0,1.5
2025-08-02T18:00:00+08:00,80.6099,650.0,10.748,25.0,1.5
2025-08-02T19:00:00+08:00,0.0,0.0,0.0,25.0,1.5
2025-08-02T20:00:00+08:00,0.0,0.0,0.0,25.0,1.5
2025-08-02T21:00:00+08:00,0.0,0.0,0.0,25.0,1.5
2025-08-02T22:00:00+08:00,0.0,0.0,0.0,25.0,1.5
2025-08-02T23:00:00+08:00,0.0,0.0,0.0,25.0,1.5
2025-08-03T00:00:00+08:00,0.0,0.0,0.0,25.0,1.5
2025-08-03T01:00:00+08:00,0.0,0.0,0.0,25.0,1.5
2025-08-03T02:00:00+08:00,0.0,0.0,0.0,25.0,1.5
2025-08-03T03:00:00+08:00,0.0,0.0,0.0,25.0,1.5
2025-08-03T04:00:00+08:00,0.0,0.0,0.0,25.0,1.5
2025-08-03T05:00:00+08:00,0.0,0.0,0.0,25.0,1.5
2025-08-03T06:00:00+08:00,96.7423,650.0,12.899,25.0,1.5
2025-08-03T07:00:00+08:00,266.7889,650.0,35.5718,25.0,1.5
2025-08-03T08:00:00+08:00,424.6521,650.0,56.6203,25.0,1.5
2025-08-03T09:00:00+08:00,559.5738,650.0,74.6098,25.0,1.5
2025-08-03T10:00:00+08:00,662.3594,650.0,88.3146,25.0,1.5
2025-08-03T11:00:00+08:00,726.0041,650.0,96.8005,25.0,1.5
2025-08-03T12:00:00+08:00,746.1707,650.0,99.4894,25.0,1.5
2025-08-03T13:00:00+08:00,721.4848,650.0,96.198,25.0,1.5
2025-08-03T14:00:00+08:00,653.6287,650.0,87.1505,25.0,1.5
2025-08-03T15:00:00+08:00,547.2268,650.0,72.9636,25.0,1.5
2025-08-03T16:00:00+08:00,409.5301,650.0,54.604,25.0,1.5
2025-08-03T17:00:00+08:00,249.9225,650.0,33.323,25.0,1.5
2025-08-03T18:00:00+08:00,79.2809,650.0,10.5708,25.0,1.5
2025-08-03T19:00:00+08:00,0.0,0.0,0.0,25.0,1.5
2025-08-03T20:00:00+08:00,0.0,0.0,0.0,25.0,1.5
2025-08-03T21:00:00+08:00,0.0,0.0,0.0,25.0,1.5
2025-08-03T22:00:00+08:00,0.0,0.0,0.0,25.0,1.5
2025-08-03T23:00:00+08:00,0.0,0.0,0.0,25.0,1.5
2025-08-04T00:00:00+08:00,0.0,0.0,0.0,25.0,1.5
2025-08-04T01:00:00+08:00,0.0,0.0,0.0,25.0,1.5
2025-08-04T02:00:00+08:00,0.0,0.0,0.0,25.0,1.5
2025-08-04T03:00:00+08:00,0.0,0.0,0.0,25.0,1.5
2025-08-04T04:00:00+08:00,0.0,0.0,0.0,25.0,1.5
2025-08-04T05:00:00+08:00,0.0,0.0,0.0,25.0,1.5
2025-08-04T06:00:00+08:00,95.4119,650.0,12.7216,25.0,1.5
2025-08-04T07:00:00+08:00,265.7107,650.0,35.4281,25.0,1.5
2025-08-04T08:00:00+08:00,423.8081,650.0,56.5077,25.0,1.5
2025-08-04T09:00:00+08:00,558.9299,650.0,74.524,25.0,1.5
2025-08-04T10:00:00+08:00,661.8679,650.0,88.2491,25.0,1.5
2025-08-04T11:00:00+08:00,725.607,650.0,96.7476,25.0,1.5
2025-08-04T12:00:00+08:00,745.8034,650.0,99.4405,25.0,1.5
2025-08-04T13:00:00+08:00,721.0809,650.0,96.1441,25.0,1.5
2025-08-04T14:00:00+08:00,653.1243,650.0,87.0832,25.0,1.5
2025-08-04T15:00:00+08:00,546.5646,650.0,72.8753,25.0,1.5
2025-08-04T16:00:00+08:00,408.6637,650.0,54.4885,25.0,1.5
2025-08-04T17:00:00+08:00,248.8194,650.0,33.1759,25.0,1.5
2025-08-04T18:00:00+08:00,77.9247,650.0,10.39,25.0,1.5
2025-08-04T19:00:00+08:00,0.0,0.0,0.0,25.0,1.5
2025-08-04T20:00:00+08:00,0.0,0.0,0.0,25.0,1.5
2025-08-04T21:00:00+08:00,0.0,0.0,0.0,25.0,1.5
2025-08-04T22:00:00+08:00,0.0,0.0,0.0,25.0,1.5
2025-08-04T23:00:00+08:00,0.0,0.0,0.0,25.0,1.5
2025-08-05T00:00:00+08:00,0.0,0.0,0.0,25.0,1.5
2025-08-05T01:00:00+08:00,0.0,0.0,0.0,25.0,1.5
2025-08-05T02:00:00+08:00,0.0,0.0,0.0,25.0,1.5
2025-08-05T03:00:00+08:00,0.0,0.0,0.0,25.0,1.5
2025-08-05T04:00:00+08:00,0.0,0.0,0.0,25.0,1.5
2025-08-05T05:00:00+08:00,0.0,0.0,0.0,25.0,1.5
2025-08-05T06:00:00+08:00,94.0547,650.0,12.5406,25.0,1.5
2025-08-05T07:00:00+08:00,264.6064,650.0,35.2809,25.0,1.5
2025-08-05T08:00:00+08:00,422.9385,650.0,56.3918,25.0,1.5
2025-08-05T09:00:00+08:00,558.2609,650.0,74.4348,25.0,1.5
2025-08-05T10:00:00+08:00,661.3518,650.0,88.1802,25.0,1.5
2025-08-05T11:00:00+08:00,725.1855,650.0,96.6914,25.0,1.5
2025-08-05T12:00:00+08:00,745.412,650.0,99.3883,25.0,1.5
2025-08-05T13:00:00+08:00,720.6527,650.0,96.087,25.0,1.5
2025-08-05T14:00:00+08:00,652.5952,650.0,87.0127,25.0,1.5
2025-08-05T15:00:00+08:00,545.8772,650.0,72.7836,25.0,1.5
2025-08-05T16:00:00+08:00,407.7716,650.0,54.3695,25.0,1.5
2025-08-05T17:00:00+08:00,247.6899,650.0,33.0253,25.0,1.5
2025-08-05T18:00:00+08:00,76.5415,650.0,10.2055,25.0,1.5
2025-08-05T19:00:00+08:00,0.0,0.0,0.0,25.0,1.5
2025-08-05T20:00:00+08:00,0.0,0.0,0.0,25.0,1.5
2025-08-05T21:00:00+08:00,0.0,0.0,0.0,25.0,1.5
2025-08-05T22:00:00+08:00,0.0,0.0,0.0,25.0,1.5
2025-08-05T23:00:00+08:00,0.0,0.0,0.0,25.0,1.5
2025-08-06T00:00:00+08:00,0.0,0.0,0.0,25.0,1.5
2025-08-06T01:00:00+08:00,0.0,0.0,0.0,25.0,1.5
2025-08-06T02:00:00+08:00,0.0,0.0,0.0,25.0,1.5
2025-08-06T03:00:00+08:00,0.0,0.0,0.0,25.0,1.5
2025-08-06T04:00:00+08:00,0.0,0.0,0.0,25.0,1.5
2025-08-06T05:00:00+08:00,0.0,0.0,0.0,25.0,1.5
2025-08-06T06:00:00+08:00,92.6709,650.0,12.3561,25.0,1.5
2025-08-06T07:00:00+08:00,263.4758,650.0,35.1301,25.0,1.5
2025-08-06T08:00:00+08:00,422.043,650.0,56.2724,25.0,1.5
2025-08-06T09:00:00+08:00,557.5664,650.0,74.3422,25.0,1.5
2025-08-06T10:00:00+08:00,660.8104,650.0,88.108,25.0,1.5
2025-08-06T11:00:00+08:00,724.7389,650.0,96.6318,25.0,1.5
2025-08-06T12:00:00+08:00,744.9954,650.0,99.3327,25.0,1.5
2025-08-06T13:00:00+08:00,720.1994,650.0,96.0266,25.0,1.5
2025-08-06T14:00:00+08:00,652.0408,650.0,86.9388,25.0,1.5
2025-08-06T15:00:00+08:00,545.1644,650.0,72.6886,25.0,1.5
2025-08-06T16:00:00+08:00,406.8537,650.0,54.2472,25.0,1.5
2025-08-06T17:00:00+08:00,246.5343,650.0,32.8712,25.0,1.5
2025-08-06T18:00:00+08:00,75.1317,650.0,10.0176,25.0,1.5
2025-08-06T19:00:00+08:00,0.0,0.0,0.0,25.0,1.5
2025-08-06T20:00:00+08:00,0.0,0.0,0.0,25.0,1.5
2025-08-06T21:00:00+08:00,0.0,0.0,0.0,25.0,1.5
2025-08-06T22:00:00+08:00,0.0,0.0,0.0,25.0,1.5
2025-08-06T23:00:00+08:00,0.0,0.0,0.0,25.0,1.5
2025-08-07T00:00:00+08:00,0.0,0.0,0.0,25.0,1.5
2025-08-07T01:00:00+08:00,0.0,0.0,0.0,25.0,1.5
2025-08-07T02:00:00+08:00,0.0,0.0,0.0,25.0,1.5
2025-08-07T03:00:00+08:00,0.0,0.0,0.0,25.0,1.5
2025-08-07T04:00:00+08:00,0.0,0.0,0.0,25.0,1.5
2025-08-07T05:00:00+08:00,0.0,0.0,0.0,25.0,1.5
2025-08-07T06:00:00+08:00,91.2609,650.0,12.1681,25.0,1.5
2025-08-07T07:00:00+08:00,262.3191,650.0,34.9759,25.0,1.5
2025-08-07T08:00:00+08:00,421.1215,650.0,56.1495,25.0,1.5
2025-08-07T09:00:00+08:00,556.8459,650.0,74.2461,25.0,1.5
2025-08-07T10:00:00+08:00,660.243,650.0,88.0324,25.0,1.5
2025-08-07T11:00:00+08:00,724.2663,650.0,96.5688,25.0,1.5
2025-08-07T12:00:00+08:00,744.5528,650.0,99.2737,25.0,1.5
2025-08-07T13:00:00+08:00,719.7201,650.0,95.9627,25.0,1.5
2025-08-07T14:00:00+08:00,651.4604,650.0,86.8614,25.0,1.5
2025-08-07T15:00:00+08:00,544.4255,650.0,72.5901,25.0,1.5
2025-08-07T16:00:00+08:00,405.9096,650.0,54.1213,25.0,1.5
2025-08-07T17:00:00+08:00,245.3525,650.0,32.7137,25.0,1.5
2025-08-07T18:00:00+08:00,73.6957,650.0,9.8261,25.0,1.5
2025-08-07T19:00:00+08:00,0.0,0.0,0.0,25.0,1.5
2025-08-07T20:00:00+08:00,0.0,0.0,0.0,25.0,1.5
2025-08-07T21:00:00+08:00,0.0,0.0,0.0,25.0,1.5
2025-08-07T22:00:00+08:00,0.0,0.0,0.0,25.0,1.5
2025-08-07T23:00:00+08:00,0.0,0.0,0.0,25.0,1.5
2025-08-08T00:00:00+08:00,0.0,0.0,0.0,25.0,1.5
2025-08-08T01:00:00+08:00,0.0,0.0,0.0,25.0,1.5
2025-08-08T02:00:00+08:00,0.0,0.0,0.0,25.0,1.5
2025-08-08T03:00:00+08:00,0.0,0.0,0.0,25.0,1.5
2025-08-08T04:00:00+08:00,0.0,0.0,0.0,25.0,1.5
2025-08-08T05:00:00+08:00,0.0,0.0,0.0,25.0,1.5
2025-08-08T06:00:00+08:00,89.8249,650.0,11.9767,25.0,1.5
2025-08-08T07:00:00+08:00,261.1363,650.0,34.8182,25.0,1.5
2025-08-08T08:00:00+08:00,420.1737,650.0,56.0232,25.0,1.5
2025-08-08T09:00:00+08:00,556.0989,650.0,74.1465,25.0,1.5
2025-08-08T10:00:00+08:00,659.6489,650.0,87.9532,25.0,1.5
2025-08-08T11:00:00+08:00,723.767,650.0,96.5023,25.0,1.5
2025-08-08T12:00:00+08:00,744.0836,650.0,99.2111,25.0,1.5
2025-08-08T13:00:00+08:00,719.2141,650.0,95.8952,25.0,1.5
2025-08-08T14:00:00+08:00,650.8533,650.0,86.7804,25.0,1.5
2025-08-08T15:00:00+08:00,543.6601,650.0,72.488,25.0,1.5
2025-08-08T16:00:00+08:00,404.9392,650.0,53.9919,25.0,1.5
2025-08-08T17:00:00+08:00,244.1445,650.0,32.5526,25.0,1.5
2025-08-08T18:00:00+08:00,72.2337,650.0,9.6312,25.0,1.5
2025-08-08T19:00:00+08:00,0.0,0.0,0.0,25.0,1.5
2025-08-08T20:00:00+08:00,0.0,0.0,0.0,25.0,1.5
2025-08-08T21:00:00+08:00,0.0,0.0,0.0,25.0,1.5
2025-08-08T22:00:00+08:00,0.0,0.0,0.0,25.0,1.5
2025-08-08T23:00:00+08:00,0.0,0.0,0.0,25.0,1.5
2025-08-09T00:00:00+08:00,0.0,0.0,0.0,25.0,1.5
2025-08-09T01:00:00+08:00,0.0,0.0,0.0,25.0,1.5
2025-08-09T02:00:00+08:00,0.0,0.0,0.0,25.0,1.5
2025-08-09T03:00:00+08:00,0.0,0.0,0.0,25.0,1.5
2025-08-09T04:00:00+08:00,0.0,0.0,0.0,25.0,1.5
2025-08-09T05:00:00+08:00,0.0,0.0,0.0,25.0,1.5
2025-08-09T06:00:00+08:00,88.3634,650.0,11.7818,25.0,1.5
2025-08-09T07:00:00+08:00,259.9274,650.0,34.657,25.0,1.5
2025-08-09T08:00:00+08:00,419.1992,650.0,55.8932,25.0,1.5
2025-08-09T09:00:00+08:00,555.3249,650.0,74.0433,25.0,1.5
2025-08-09T10:00:00+08:00,659.0276,650.0,87.8704,25.0,1.5
2025-08-09T11:00:00+08:00,723.2402,650.0,96.432,25.0,1.5
2025-08-09T12:00:00+08:00,743.5868,650.0,99.1449,25.0,1.5
2025-08-09T13:00:00+08:00,718.6806,650.0,95.8241,25.0,1.5
2025-08-09T14:00:00+08:00,650.2191,650.0,86.6959,25.0,1.5
2025-08-09T15:00:00+08:00,542.8677,650.0,72.3824,25.0,1.5
2025-08-09T16:00:00+08:00,403.9424,650.0,53.859,25.0,1.5
2025-08-09T17:00:00+08:00,242.9105,650.0,32.3881,25.0,1.5
2025-08-09T18:00:00+08:00,70.7463,650.0,9.4328,25.0,1.5
2025-08-09T19:00:00+08:00,0.0,0.0,0.0,25.0,1.5
2025-08-09T20:00:00+08:00,0.0,0.0,0.0,25.0,1.5
2025-08-09T21:00:00+08:00,0.0,0.0,0.0,25.0,1.5
2025-08-09T22:00:00+08:00,0.0,0.0,0.0,25.0,1.5
2025-08-09T23:00:00+08:00,0.0,0.0,0.0,25.0,1.5
2025-08-10T00:00:00+08:00,0.0,0.0,0.0,25.0,1.5
2025-08-10T01:00:00+08:00,0.0,0.0,0.0,25.0,1.5
2025-08-10T02:00:00+08:00,0.0,0.0,0.0,25.0,1.5
2025-08-10T03:00:00+08:00,0.0,0.0,0.0,25.0,1.5
2025-08-10T04:00:00+08:00,0.0,0.0,0.0,25.0,1.5
2025-08-10T05:00:00+08:00,0.0,0.0,0.0,25.0,1.5
2025-08-10T06:00:00+08:00,86.8767,650.0,11.5836,25.0,1.5
2025-08-10T07:00:00+08:00,258.6924,650.0,34.4923,25.0,1.5
2025-08-10T08:00:00+08:00,418.198,650.0,55.7597,25.0,1.5
2025-08-10T09:00:00+08:00,554.5235,650.0,73.9365,25.0,1.5
2025-08-10T10:00:00+08:00,658.3784,650.0,87.7838,25.0,1.5
2025-08-10T11:00:00+08:00,722.6852,650.0,96.358,25.0,1.5
2025-08-10T12:00:00+08:00,743.0616,650.0,99.0749,25.0,1.5
2025-08-10T13:00:00+08:00,718.1189,650.0,95.7492,25.0,1.5
2025-08-10T14:00:00+08:00,649.5569,650.0,86.6076,25.0,1.5
2025-08-10T15:00:00+08:00,542.048,650.0,72.2731,25.0,1.5
2025-08-10T16:00:00+08:00,402.9188,650.0,53.7225,25.0,1.5
2025-08-10T17:00:00+08:00,241.6506,650.0,32.2201,25.0,1.5
2025-08-10T18:00:00+08:00,69.2337,650.0,9.2312,25.0,1.5
2025-08-10T19:00:00+08:00,0.0,0.0,0.0,25.0,1.5
2025-08-10T20:00:00+08:00,0.0,0.0,0.0,25.0,1.5
2025-08-10T21:00:00+08:00,0.0,0.0,0.0,25.0,1.5
2025-08-10T22:00:00+08:00,0.0,0.0,0.0,25.0,1.5
2025-08-10T23:00:00+08:00,0.0,0.0,0.0,25.0,1.5
2025-08-11T00:00:00+08:00,0.0,0.0,0.0,25.0,1.5
2025-08-11T01:00:00+08:00,0.0,0.0,0.0,25.0,1.5
2025-08-11T02:00:00+08:00,0.0,0.0,0.0,25.0,1.5
2025-08-11T03:00:00+08:00,0.0,0.0,0.0,25.0,1.5
2025-08-11T04:00:00+08:00,0.0,0.0,0.0,25.0,1.5
2025-08-11T05:00:00+08:00,0.0,0.0,0.0,25.0,1.5
2025-08-11T06:00:00+08:00,85.3651,650.0,11.382,25.0,1.5
2025-08-11T07:00:00+08:00,257.4315,650.0,34.3242,25.0,1.5
2025-08-11T08:00:00+08:00,417.1698,650.0,55.6226,25.0,1.5
2025-08-11T09:00:00+08:00,553.6942,650.0,73.8259,25.0,1.5
2025-08-11T10:00:00+08:00,657.7006,650.0,87.6934,25.0,1.5
2025-08-11T11:00:00+08:00,722.1013,650.0,96.2802,25.0,1.5
2025-08-11T12:00:00+08:00,742.5074,650.0,99.001,25.0,1.5
2025-08-11T13:00:00+08:00,717.5283,650.0,95.6704,25.0,1.5
2025-08-11T14:00:00+08:00,648.8662,650.0,86.5155,25.0,1.5
2025-08-11T15:00:00+08:00,541.2005,650.0,72.1601,25.0,1.5
2025-08-11T16:00:00+08:00,401.8683,650.0,53.5824,25.0,1.5
2025-08-11T17:00:00+08:00,240.3648,650.0,32.0486,25.0,1.5
2025-08-11T18:00:00+08:00,67.6964,650.0,9.0262,25.0,1.5
2025-08-11T19:00:00+08:00,0.0,0.0,0.0,25.0,1.5
2025-08-11T20:00:00+08:00,0.0,0.0,0.0,25.0,1.5
2025-08-11T21:00:00+08:00,0.0,0.0,0.0,25.0,1.5
2025-08-11T22:00:00+08:00,0.0,0.0,0.0,25.0,1.5
2025-08-11T23:00:00+08:00,0.0,0.0,0.0,25.0,1.5
2025-08-12T00:00:00+08:00,0.0,0.0,0.0,25.0,1.5
2025-08-12T01:00:00+08:00,0.0,0.0,0.0,25.0,1.5
2025-08-12T02:00:00+08:00,0.0,0.0,0.0,25.0,1.5
2025-08-12T03:00:00+08:00,0.0,0.0,0.0,25.0,1.5
2025-08-12T04:00:00+08:00,0.0,0.0,0.0,25.0,1.5
2025-08-12T05:00:00+08:00,0.0,0.0,0.0,25.0,1.5
2025-08-12T06:00:00+08:00,83.8291,650.0,11.1772,25.0,1.5
2025-08-12T07:00:00+08:00,256.1447,650.0,34.1526,25.0,1.5
2025-08-12T08:00:00+08:00,416.1144,650.0,55.4819,25.0,1.5
2025-08-12T09:00:00+08:00,552.8365,650.0,73.7115,25.0,1.5
2025-08-12T10:00:00+08:00,656.9936,650.0,87.5992,25.0,1.5
2025-08-12T11:00:00+08:00,721.4876,650.0,96.1983,25.0,1.5
2025-08-12T12:00:00+08:00,741.9233,650.0,98.9231,25.0,1.5
2025-08-12T13:00:00+08:00,716.908,650.0,95.5877,25.0,1.5
2025-08-12T14:00:00+08:00,648.1465,650.0,86.4195,25.0,1.5
2025-08-12T15:00:00+08:00,540.3248,650.0,72.0433,25.0,1.5
2025-08-12T16:00:00+08:00,400.7907,650.0,53.4388,25.0,1.5
2025-08-12T17:00:00+08:00,239.0533,650.0,31.8738,25.0,1.5
2025-08-12T18:00:00+08:00,66.1347,650.0,8.818,25.0,1.5
2025-08-12T19:00:00+08:00,0.0,0.0,0.0,25.0,1.5
2025-08-12T20:00:00+08:00,0.0,0.0,0.0,25.0,1.5
2025-08-12T21:00:00+08:00,0.0,0.0,0.0,25.0,1.5
2025-08-12T22:00:00+08:00,0.0,0.0,0.0,25.0,1.5
2025-08-12T23:00:00+08:00,0.0,0.0,0.0,25.0,1.5
2025-08-13T00:00:00+08:00,0.0,0.0,0.0,25.0,1.5
2025-08-13T01:00:00+08:00,0.0,0.0,0.0,25.0,1.5
2025-08-13T02:00:00+08:00,0.0,0.0,0.0,25.0,1.5
2025-08-13T03:00:00+08:00,0.0,0.0,0.0,25.0,1.5
2025-08-13T04:00:00+08:00,0.0,0.0,0.0,25.0,1.5
2025-08-13T05:00:00+08:00,0.0,0.0,0.0,25.0,1.5
2025-08-13T06:00:00+08:00,82.269,650.0,10.9692,25.0,1.5
2025-08-13T07:00:00+08:00,254.8322,650.0,33.9776,25.0,1.5
2025-08-13T08:00:00+08:00,415.0317,650.0,55.3376,25.0,1.5
2025-08-13T09:00:00+08:00,551.9502,650.0,73.5934,25.0,1.5
2025-08-13T10:00:00+08:00,656.2569,650.0,87.5009,25.0,1.5
2025-08-13T11:00:00+08:00,720.8435,650.0,96.1125,25.0,1.5
2025-08-13T12:00:00+08:00,741.3085,650.0,98.8411,25.0,1.5
2025-08-13T13:00:00+08:00,716.2573,650.0,95.501,25.0,1.5
2025-08-13T14:00:00+08:00,647.397,650.0,86.3196,25.0,1.5
2025-08-13T15:00:00+08:00,539.4204,650.0,71.9227,25.0,1.5
2025-08-13T16:00:00+08:00,399.6859,650.0,53.2915,25.0,1.5
2025-08-13T17:00:00+08:00,237.7162,650.0,31.6955,25.0,1.5
2025-08-13T18:00:00+08:00,64.5492,650.0,8.6066,25.0,1.5
2025-08-13T19:00:00+08:00,0.0,0.0,0.0,25.0,1.5
2025-08-13T20:00:00+08:00,0.0,0.0,0.0,25.0,1.5
2025-08-13T21:00:00+08:00,0.0,0.0,0.0,25.0,1.5
2025-08-13T22:00:00+08:00,0.0,0.0,0.0,25.0,1.5
2025-08-13T23:00:00+08:00,0.0,0.0,0.0,25.0,1.5
2025-08-14T00:00:00+08:00,0.0,0.0,0.0,25.0,1.5
2025-08-14T01:00:00+08:00,0.0,0.0,0.0,25.0,1.5
2025-08-14T02:00:00+08:00,0.0,0.0,0.0,25.0,1.5
2025-08-14T03:00:00+08:00,0.0,0.0,0.0,25.0,1.5
2025-08-14T04:00:00+08:00,0.0,0.0,0.0,25.0,1.5
2025-08-14T05:00:00+08:00,0.0,0.0,0.0,25.0,1.5
2025-08-14T06:00:00+08:00,80.6852,650.0,10.758,25.0,1.5
2025-08-14T07:00:00+08:00,253.4939,650.0,33.7992,25.0,1.5
2025-08-14T08:00:00+08:00,413.9214,650.0,55.1895,25.0,1.5
2025-08-14T09:00:00+08:00,551.0347,650.0,73.4713,25.0,1.5
2025-08-14T10:00:00+08:00,655.4898,650.0,87.3986,25.0,1.5
2025-08-14T11:00:00+08:00,720.1683,650.0,96.0224,25.0,1.5
2025-08-14T12:00:00+08:00,740.6625,650.0,98.755,25.0,1.5
2025-08-14T13:00:00+08:00,715.5756,650.0,95.4101,25.0,1.5
2025-08-14T14:00:00+08:00,646.6174,650.0,86.2156,25.0,1.5
2025-08-14T15:00:00+08:00,538.4871,650.0,71.7983,25.0,1.5
2025-08-14T16:00:00+08:00,398.5538,650.0,53.1405,25.0,1.5
2025-08-14T17:00:00+08:00,236.3536,650.0,31.5138,25.0,1.5
2025-08-14T18:00:00+08:00,62.9402,650.0,8.392,25.0,1.5
2025-08-14T19:00:00+08:00,0.0,0.0,0.0,25.0,1.5
2025-08-14T20:00:00+08:00,0.0,0.0,0.0,25.0,1.5
2025-08-14T21:00:00+08:00,0.0,0.0,0.0,25.0,1.5
2025-08-14T22:00:00+08:00,0.0,0.0,0.0,25.0,1.5
2025-08-14T23:00:00+08:00,0.0,0.0,0.0,25.0,1.5
2025-08-15T00:00:00+08:00,0.0,0.0,0.0,25.0,1.5
2025-08-15T01:00:00+08:00,0.0,0.0,0.0,25.0,1.5
2025-08-15T02:00:00+08:00,0.0,0.0,0.0,25.0,1.5
2025-08-15T03:00:00+08:00,0.0,0.0,0.0,25.0,1.5
2025-08-15T04:00:00+08:00,0.0,0.0,0.0,25.0,1.5
2025-08-15T05:00:00+08:00,0.0,0.0,0.0,25.0,1.5
2025-08-15T06:00:00+08:00,79.0782,650.0,10.5438,25.0,1.5
2025-08-15T07:00:00+08:00,252.1302,650.0,33.6174,25.0,1.5
2025-08-15T08:00:00+08:00,412.7834,650.0,55.0378,25.0,1.5
2025-08-15T09:00:00+08:00,550.0897,650.0,73.3453,25.0,1.5
2025-08-15T10:00:00+08:00,654.6919,650.0,87.2922,25.0,1.5
2025-08-15T11:00:00+08:00,719.4614,650.0,95.9282,25.0,1.5
2025-08-15T12:00:00+08:00,739.9844,650.0,98.6646,25.0,1.5
2025-08-15T13:00:00+08:00,714.8622,650.0,95.315,25.0,1.5
2025-08-15T14:00:00+08:00,645.8069,650.0,86.1076,25.0,1.5
2025-08-15T15:00:00+08:00,537.5245,650.0,71.6699,25.0,1.5
2025-08-15T16:00:00+08:00,397.3942,650.0,52.9859,25.0,1.5
2025-08-15T17:00:00+08:00,234.9657,650.0,31.3288,25.0,1.5
2025-08-15T18:00:00+08:00,61.3083,650.0,8.1744,25.0,1.5
2025-08-15T19:00:00+08:00,0.0,0.0,0.0,25.0,1.5
2025-08-15T20:00:00+08:00,0.0,0.0,0.0,25.0,1.5
2025-08-15T21:00:00+08:00,0.0,0.0,0.0,25.0,1.5
2025-08-15T22:00:00+08:00,0.0,0.0,0.0,25.0,1.5
2025-08-15T23:00:00+08:00,0.0,0.0,0.0,25.0,1.5
2025-08-16T00:00:00+08:00,0.0,0.0,0.0,25.0,1.5
2025-08-16T01:00:00+08:00,0.0,0.0,0.0,25.0,1.5
2025-08-16T02:00:00+08:00,0.0,0.0,0.0,25.0,1.5
2025-08-16T03:00:00+08:00,0.0,0.0,0.0,25.0,1.5
2025-08-16T04:00:00+08:00,0.0,0.0,0.0,25.0,1.5
2025-08-16T05:00:00+08:00,0.0,0.0,0.0,25.0,1.5
2025-08-16T06:00:00+08:00,77.4484,650.0,10.3265,25.0,1.5
2025-08-16T07:00:00+08:00,250.741,650.0,33.4321,25.0,1.5
2025-08-16T08:00:00+08:00,411.6176,650.0,54.8823,25.0,1.5
2025-08-16T09:00:00+08:00,549.1149,650.0,73.2153,25.0,1.5
2025-08-16T10:00:00+08:00,653.8625,650.0,87.1817,25.0,1.5
2025-08-16T11:00:00+08:00,718.7221,650.0,95.8296,25.0,1.5
2025-08-16T12:00:00+08:00,739.2736,650.0,98.5698,25.0,1.5
2025-08-16T13:00:00+08:00,714.1165,650.0,95.2155,25.0,1.5
2025-08-16T14:00:00+08:00,644.9651,650.0,85.9954,25.0,1.5
2025-08-16T15:00:00+08:00,536.5321,650.0,71.5376,25.0,1.5
2025-08-16T16:00:00+08:00,396.207,650.0,52.8276,25.0,1.5
2025-08-16T17:00:00+08:00,233.5527,650.0,31.1404,25.0,1.5
2025-08-16T18:00:00+08:00,59.6537,650.0,7.9538,25.0,1.5
2025-08-16T19:00:00+08:00,0.0,0.0,0.0,25.0,1.5
2025-08-16T20:00:00+08:00,0.0,0.0,0.0,25.0,1.5
2025-08-16T21:00:00+08:00,0.0,0.0,0.0,25.0,1.5
2025-08-16T22:00:00+08:00,0.0,0.0,0.0,25.0,1.5
2025-08-16T23:00:00+08:00,0.0,0.0,0.0,25.0,1.5
2025-08-17T00:00:00+08:00,0.0,0.0,0.0,25.0,1.5
2025-08-17T01:00:00+08:00,0.0,0.0,0.0,25.0,1.5
2025-08-17T02:00:00+08:00,0.0,0.0,0.0,25.0,1.5
2025-08-17T03:00:00+08:00,0.0,0.0,0.0,25.0,1.5
2025-08-17T04:00:00+08:00,0.0,0.0,0.0,25.0,1.5
2025-08-17T05:00:00+08:00,0.0,0.0,0.0,25.0,1.5
2025-08-17T06:00:00+08:00,75.7962,650.0,10.1062,25.0,1.5
2025-08-17T07:00:00+08:00,249.3265,650.0,33.2435,25.0,1.5
2025-08-17T08:00:00+08:00,410.4239,650.0,54.7232,25.0,1.5
2025-08-17T09:00:00+08:00,548.1098,650.0,73.0813,25.0,1.5
2025-08-17T10:00:00+08:00,653.0011,650.0,87.0668,25.0,1.5
2025-08-17T11:00:00+08:00,717.9497,650.0,95.7266,25.0,1.5
2025-08-17T12:00:00+08:00,738.5294,650.0,98.4706,25.0,1.5
2025-08-17T13:00:00+08:00,713.3377,650.0,95.1117,25.0,1.5
2025-08-17T14:00:00+08:00,644.0915,650.0,85.8789,25.0,1.5
2025-08-17T15:00:00+08:00,535.5098,650.0,71.4013,25.0,1.5
2025-08-17T16:00:00+08:00,394.9921,650.0,52.6656,25.0,1.5
2025-08-17T17:00:00+08:00,232.1146,650.0,30.9486,25.0,1.5
2025-08-17T18:00:00+08:00,57.9771,650.0,7.7303,25.0,1.5
2025-08-17T19:00:00+08:00,0.0,0.0,0.0,25.0,1.5
2025-08-17T20:00:00+08:00,0.0,0.0,0.0,25.0,1.5
2025-08-17T21:00:00+08:00,0.0,0.0,0.0,25.0,1.5
2025-08-17T22:00:00+08:00,0.0,0.0,0.0,25.0,1.5
2025-08-17T23:00:00+08:00,0.0,0.0,0.0,25.0,1.5
2025-08-18T00:00:00+08:00,0.0,0.0,0.0,25.0,1.5
2025-08-18T01:00:00+08:00,0.0,0.0,0.0,25.0,1.5
2025-08-18T02:00:00+08:00,0.0,0.0,0.0,25.0,1.5
2025-08-18T03:00:00+08:00,0.0,0.0,0.0,25.0,1.5
2025-08-18T04:00:00+08:00,0.0,0.0,0.0,25.0,1.5
2025-08-18T05:00:00+08:00,0.0,0.0,0.0,25.0,1.5
2025-08-18T06:00:00+08:00,74.1221,650.0,9.8829,25.0,1.5
2025-08-18T07:00:00+08:00,247.887,650.0,33.0516,25.0,1.5
2025-08-18T08:00:00+08:00,409.2021,650.0,54.5603,25.0,1.5
2025-08-18T09:00:00+08:00,547.0741,650.0,72.9432,25.0,1.5
2025-08-18T10:00:00+08:00,652.1072,650.0,86.9476,25.0,1.5
2025-08-18T11:00:00+08:00,717.1436,650.0,95.6191,25.0,1.5
2025-08-18T12:00:00+08:00,737.7511,650.0,98.3668,25.0,1.5
2025-08-18T13:00:00+08:00,712.5255,650.0,95.0034,25.0,1.5
2025-08-18T14:00:00+08:00,643.1857,650.0,85.7581,25.0,1.5
2025-08-18T15:00:00+08:00,534.4571,650.0,71.261,25.0,1.5
2025-08-18T16:00:00+08:00,393.7495,650.0,52.4999,25.0,1.5
2025-08-18T17:00:00+08:00,230.6519,650.0,30.7536,25.0,1.5
2025-08-18T18:00:00+08:00,56.279,650.0,7.5039,25.0,1.5
2025-08-18T19:00:00+08:00,0.0,0.0,0.0,25.0,1.5
2025-08-18T20:00:00+08:00,0.0,0.0,0.0,25.0,1.5
2025-08-18T21:00:00+08:00,0.0,0.0,0.0,25.0,1.5
2025-08-18T22:00:00+08:00,0.0,0.0,0.0,25.0,1.5
2025-08-18T23:00:00+08:00,0.0,0.0,0.0,25.0,1.5
2025-08-19T00:00:00+08:00,0.0,0.0,0.0,25.0,1.5
2025-08-19T01:00:00+08:00,0.0,0.0,0.0,25.0,1.5
2025-08-19T02:00:00+08:00,0.0,0.0,0.0,25.0,1.5
2025-08-19T03:00:00+08:00,0.0,0.0,0.0,25.0,1.5
2025-08-19T04:00:00+08:00,0.0,0.0,0.0,25.0,1.5
2025-08-19T05:00:00+08:00,0.0,0.0,0.0,25.0,1.5
2025-08-19T06:00:00+08:00,72.4266,650.0,9.6569,25.0,1.5
2025-08-19T07:00:00+08:00,246.4226,650.0,32.8563,25.0,1.5
2025-08-19T08:00:00+08:00,407.9523,650.0,54.3936,25.0,1.5
2025-08-19T09:00:00+08:00,546.0077,650.0,72.801,25.0,1.5
2025-08-19T10:00:00+08:00,651.1805,650.0,86.8241,25.0,1.5
2025-08-19T11:00:00+08:00,716.3033,650.0,95.5071,25.0,1.5
2025-08-19T12:00:00+08:00,736.9383,650.0,98.2584,25.0,1.5
2025-08-19T13:00:00+08:00,711.6791,650.0,94.8905,25.0,1.5
2025-08-19T14:00:00+08:00,642.247,650.0,85.6329,25.0,1.5
2025-08-19T15:00:00+08:00,533.3739,650.0,71.1165,25.0,1.5
2025-08-19T16:00:00+08:00,392.4791,650.0,52.3305,25.0,1.5
2025-08-19T17:00:00+08:00,229.1645,650.0,30.5553,25.0,1.5
2025-08-19T18:00:00+08:00,54.5597,650.0,7.2746,25.0,1.5
2025-08-19T19:00:00+08:00,0.0,0.0,0.0,25.0,1.5
2025-08-19T20:00:00+08:00,0.0,0.0,0.0,25.0,1.5
2025-08-19T21:00:00+08:00,0.0,0.0,0.0,25.0,1.5
2025-08-19T22:00:00+08:00,0.0,0.0,0.0,25.0,1.5
2025-08-19T23:00:00+08:00,0.0,0.0,0.0,25.0,1.5
2025-08-20T00:00:00+08:00,0.0,0.0,0.0,25.0,1.5
2025-08-20T01:00:00+08:00,0.0,0.0,0.0,25.0,1.5
2025-08-20T02:00:00+08:00,0.0,0.0,0.0,25.0,1.5
2025-08-20T03:00:00+08:00,0.0,0.0,0.0,25.0,1.5
2025-08-20T04:00:00+08:00,0.0,0.0,0.0,25.0,1.5
2025-08-20T05:00:00+08:00,0.0,0.0,0.0,25.0,1.5
2025-08-20T06:00:00+08:00,70.71,650.0,9.428,25.0,1.5
2025-08-20T07:00:00+08:00,244.9335,650.0,32.6578,25.0,1.5
2025-08-20T08:00:00+08:00,406.6743,650.0,54.2232,25.0,1.5
2025-08-20T09:00:00+08:00,544.91,650.0,72.6547,25.0,1.5
2025-08-20T10:00:00+08:00,650.2203,650.0,86.696,25.0,1.5
2025-08-20T11:00:00+08:00,715.4283,650.0,95.3904,25.0,1.5
2025-08-20T12:00:00+08:00,736.0902,650.0,98.1454,25.0,1.5
2025-08-20T13:00:00+08:00,710.798,650.0,94.7731,25.0,1.5
2025-08-20T14:00:00+08:00,641.2752,650.0,85.5034,25.0,1.5
2025-08-20T15:00:00+08:00,532.2597,650.0,70.968,25.0,1.5
2025-08-20T16:00:00+08:00,391.1809,650.0,52.1574,25.0,1.5
2025-08-20T17:00:00+08:00,227.6528,650.0,30.3537,25.0,1.5
2025-08-20T18:00:00+08:00,52.8198,650.0,7.0426,25.0,1.5
2025-08-20T19:00:00+08:00,0.0,0.0,0.0,25.0,1.5
2025-08-20T20:00:00+08:00,0.0,0.0,0.0,25.0,1.5
2025-08-20T21:00:00+08:00,0.0,0.0,0.0,25.0,1.5
2025-08-20T22:00:00+08:00,0.0,0.0,0.0,25.0,1.5
2025-08-20T23:00:00+08:00,0.0,0.0,0.0,25.0,1.5
2025-08-21T00:00:00+08:00,0.0,0.0,0.0,25.0,1.5
2025-08-21T01:00:00+08:00,0.0,0.0,0.0,25.0,1.5
2025-08-21T02:00:00+08:00,0.0,0.0,0.0,25.0,1.5
2025-08-21T03:00:00+08:00,0.0,0.0,0.0,25.0,1.5
2025-08-21T04:00:00+08:00,0.0,0.0,0.0,25.0,1.5
2025-08-21T05:00:00+08:00,0.0,0.0,0.0,25.0,1.5
2025-08-21T06:00:00+08:00,68.973,650.0,9.1964,25.0,1.5
2025-08-21T07:00:00+08:00,243.4198,650.0,32.456,25.0,1.5
2025-08-21T08:00:00+08:00,405.368,650.0,54.0491,25.0,1.5
2025-08-21T09:00:00+08:00,543.781,650.0,72.5041,25.0,1.5
2025-08-21T10:00:00+08:00,649.2263,650.0,86.5635,25.0,1.5
2025-08-21T11:00:00+08:00,714.5179,650.0,95.2691,25.0,1.5
2025-08-21T12:00:00+08:00,735.2063,650.0,98.0275,25.0,1.5
2025-08-21T13:00:00+08:00,709.8816,650.0,94.6509,25.0,1.5
2025-08-21T14:00:00+08:00,640.2697,650.0,85.3693,25.0,1.5
2025-08-21T15:00:00+08:00,531.1145,650.0,70.8153,25.0,1.5
2025-08-21T16:00:00+08:00,389.8548,650.0,51.9806,25.0,1.5
2025-08-21T17:00:00+08:00,226.1171,650.0,30.1489,25.0,1.5
2025-08-21T18:00:00+08:00,51.0599,650.0,6.808,25.0,1.5
2025-08-21T19:00:00+08:00,0.0,0.0,0.0,25.0,1.5
2025-08-21T20:00:00+08:00,0.0,0.0,0.0,25.0,1.5
2025-08-21T21:00:00+08:00,0.0,0.0,0.0,25.0,1.5
2025-08-21T22:00:00+08:00,0.0,0.0,0.0,25.0,1.5
2025-08-21T23:00:00+08:00,0.0,0.0,0.0,25.0,1.5
2025-08-22T00:00:00+08:00,0.0,0.0,0.0,25.0,1.5
2025-08-22T01:00:00+08:00,0.0,0.0,0.0,25.0,1.5
2025-08-22T02:00:00+08:00,0.0,0.0,0.0,25.0,1.5
2025-08-22T03:00:00+08:00,0.0,0.0,0.0,25.0,1.5
2025-08-22T04:00:00+08:00,0.0,0.0,0.0,25.0,1.5
2025-08-22T05:00:00+08:00,0.0,0.0,0.0,25.0,1.5
2025-08-22T06:00:00+08:00,67.2161,650.0,8.9621,25.0,1.5
2025-08-22T07:00:00+08:00,241.882,650.0,32.2509,25.0,1.5
2025-08-22T08:00:00+08:00,404.0335,650.0,53.8711,25.0,1.5
2025-08-22T09:00:00+08:00,542.6204,650.0,72.3494,25.0,1.5
2025-08-22T10:00:00+08:00,648.1981,650.0,86.4264,25.0,1.5
2025-08-22T11:00:00+08:00,713.5717,650.0,95.1429,25.0,1.5
2025-08-22T12:00:00+08:00,734.2861,650.0,97.9048,25.0,1.5
2025-08-22T13:00:00+08:00,708.9297,650.0,94.524,25.0,1.5
2025-08-22T14:00:00+08:00,639.2303,650.0,85.2307,25.0,1.5
2025-08-22T15:00:00+08:00,529.938,650.0,70.6584,25.0,1.5
2025-08-22T16:00:00+08:00,388.5008,650.0,51.8001,25.0,1.5
2025-08-22T17:00:00+08:00,224.5574,650.0,29.941,25.0,1.5
2025-08-22T18:00:00+08:00,49.2804,650.0,6.5707,25.0,1.5
2025-08-22T19:00:00+08:00,0.0,0.0,0.0,25.0,1.5
2025-08-22T20:00:00+08:00,0.0,0.0,0.0,25.0,1.5
2025-08-22T21:00:00+08:00,0.0,0.0,0.0,25.0,1.5
2025-08-22T22:00:00+08:00,0.0,0.0,0.0,25.0,1.5
2025-08-22T23:00:00+08:00,0.0,0.0,0.0,25.0,1.5
2025-08-23T00:00:00+08:00,0.0,0.0,0.0,25.0,1.5
2025-08-23T01:00:00+08:00,0.0,0.0,0.0,25.0,1.5
2025-08-23T02:00:00+08:00,0.0,0.0,0.0,25.0,1.5
2025-08-23T03:00:00+08:00,0.0,0.0,0.0,25.0,1.5
2025-08-23T04:00:00+08:00,0.0,0.0,0.0,25.0,1.5
2025-08-23T05:00:00+08:00,0.0,0.0,0.0,25.0,1.5
2025-08-23T06:00:00+08:00,65.4396,650.0,8.7253,25.0,1.5
2025-08-23T07:00:00+08:00,240.3201,650.0,32.0427,25.0,1.5
2025-08-23T08:00:00+08:00,402.6708,650.0,53.6894,25.0,1.5
2025-08-23T09:00:00+08:00,541.428,650.0,72.1904,25.0,1.5
2025-08-23T10:00:00+08:00,647.1354,650.0,86.2847,25.0,1.5
2025-08-23T11:00:00+08:00,712.5893,650.0,95.0119,25.0,1.5
2025-08-23T12:00:00+08:00,733.3291,650.0,97.7772,25.0,1.5
2025-08-23T13:00:00+08:00,707.9415,650.0,94.3922,25.0,1.5
2025-08-23T14:00:00+08:00,638.1565,650.0,85.0875,25.0,1.5
2025-08-23T15:00:00+08:00,528.73,650.0,70.4973,25.0,1.5
2025-08-23T16:00:00+08:00,387.119,650.0,51.6159,25.0,1.5
2025-08-23T17:00:00+08:00,222.9743,650.0,29.7299,25.0,1.5
2025-08-23T18:00:00+08:00,47.4819,650.0,6.3309,25.0,1.5
2025-08-23T19:00:00+08:00,0.0,0.0,0.0,25.0,1.5
2025-08-23T20:00:00+08:00,0.0,0.0,0.0,25.0,1.5
2025-08-23T21:00:00+08:00,0.0,0.0,0.0,25.0,1.5
2025-08-23T22:00:00+08:00,0.0,0.0,0.0,25.0,1.5
2025-08-23T23:00:00+08:00,0.0,0.0,0.0,25.0,1.5
2025-08-24T00:00:00+08:00,0.0,0.0,0.0,25.0,1.5
2025-08-24T01:00:00+08:00,0.0,0.0,0.0,25.0,1.5
2025-08-24T02:00:00+08:00,0.0,0.0,0.0,25.0,1.5
2025-08-24T03:00:00+08:00,0.0,0.0,0.0,25.0,1.5
2025-08-24T04:00:00+08:00,0.0,0.0,0.0,25.0,1.5
2025-08-24T05:00:00+08:00,0.0,0.0,0.0,25.0,1.5
2025-08-24T06:00:00+08:00,63.6442,650.0,8.4859,25.0,1.5
2025-08-24T07:00:00+08:00,238.7344,650.0,31.8313,25.0,1.5
2025-08-24T08:00:00+08:00,401.2799,650.0,53.504,25.0,1.5
2025-08-24T09:00:00+08:00,540.2035,650.0,72.0271,25.0,1.5
2025-08-24T10:00:00+08:00,646.0377,650.0,86.1384,25.0,1.5
2025-08-24T11:00:00+08:00,711.5701,650.0,94.876,25.0,1.5
2025-08-24T12:00:00+08:00,732.3348,650.0,97.6446,25.0,1.5
2025-08-24T13:00:00+08:00,706.9167,650.0,94.2556,25.0,1.5
2025-08-24T14:00:00+08:00,637.0481,650.0,84.9397,25.0,1.5
2025-08-24T15:00:00+08:00,527.4903,650.0,70.332,25.0,1.5
2025-08-24T16:00:00+08:00,385.7095,650.0,51.4279,25.0,1.5
2025-08-24T17:00:00+08:00,221.3678,650.0,29.5157,25.0,1.5
2025-08-24T18:00:00+08:00,45.665,650.0,6.0887,25.0,1.5
2025-08-24T19:00:00+08:00,0.0,0.0,0.0,25.0,1.5
2025-08-24T20:00:00+08:00,0.0,0.0,0.0,25.0,1.5
2025-08-24T21:00:00+08:00,0.0,0.0,0.0,25.0,1.5
2025-08-24T22:00:00+08:00,0.0,0.0,0.0,25.0,1.5
2025-08-24T23:00:00+08:00,0.0,0.0,0.0,25.0,1.5
2025-08-25T00:00:00+08:00,0.0,0.0,0.0,25.0,1.5
2025-08-25T01:00:00+08:00,0.0,0.0,0.0,25.0,1.5
2025-08-25T02:00:00+08:00,0.0,0.0,0.0,25.0,1.5
2025-08-25T03:00:00+08:00,0.0,0.0,0.0,25.0,1.5
2025-08-25T04:00:00+08:00,0.0,0.0,0.0,25.0,1.5
2025-08-25T05:00:00+08:00,0.0,0.0,0.0,25.0,1.5
2025-08-25T06:00:00+08:00,61.8304,650.0,8.244,25.0,1.5
2025-08-25T07:00:00+08:00,237.1253,650.0,31.6167,25.0,1.5
2025-08-25T08:00:00+08:00,399.8609,650.0,53.3148,25.0,1.5
2025-08-25T09:00:00+08:00,538.9468,650.0,71.8596,25.0,1.5
2025-08-25T10:00:00+08:00,644.9048,650.0,85.9873,25.0,1.5
2025-08-25T11:00:00+08:00,710.5138,650.0,94.7352,25.0,1.5
2025-08-25T12:00:00+08:00,731.3028,650.0,97.507,25.0,1.5
2025-08-25T13:00:00+08:00,705.855,650.0,94.114,25.0,1.5
2025-08-25T14:00:00+08:00,635.9047,650.0,84.7873,25.0,1.5
2025-08-25T15:00:00+08:00,526.2187,650.0,70.1625,25.0,1.5
2025-08-25T16:00:00+08:00,384.2722,650.0,51.2363,25.0,1.5
2025-08-25T17:00:00+08:00,219.7384,650.0,29.2985,25.0,1.5
2025-08-25T18:00:00+08:00,43.8301,650.0,5.844,25.0,1.5
2025-08-25T19:00:00+08:00,0.0,0.0,0.0,25.0,1.5
2025-08-25T20:00:00+08:00,0.0,0.0,0.0,25.0,1.5
2025-08-25T21:00:00+08:00,0.0,0.0,0.0,25.0,1.5
2025-08-25T22:00:00+08:00,0.0,0.0,0.0,25.0,1.5
2025-08-25T23:00:00+08:00,0.0,0.0,0.0,25.0,1.5
2025-08-26T00:00:00+08:00,0.0,0.0,0.0,25.0,1.5
2025-08-26T01:00:00+08:00,0.0,0.0,0.0,25.0,1.5
2025-08-26T02:00:00+08:00,0.0,0.0,0.0,25.0,1.5
2025-08-26T03:00:00+08:00,0.0,0.0,0.0,25.0,1.5
2025-08-26T04:00:00+08:00,0.0,0.0,0.0,25.0,1.5
2025-08-26T05:00:00+08:00,0.0,0.0,0.0,25.0,1.5
2025-08-26T06:00:00+08:00,59.9987,650.0,7.9998,25.0,1.5
2025-08-26T07:00:00+08:00,235.493,650.0,31.3991,25.0,1.5
2025-08-26T08:00:00+08:00,398.4137,650.0,53.1218,25.0,1.5
2025-08-26T09:00:00+08:00,537.6579,650.0,71.6877,25.0,1.5
2025-08-26T10:00:00+08:00,643.7363,650.0,85.8315,25.0,1.5
2025-08-26T11:00:00+08:00,709.42,650.0,94.5893,25.0,1.5
2025-08-26T12:00:00+08:00,730.2326,650.0,97.3644,25.0,1.5
2025-08-26T13:00:00+08:00,704.7559,650.0,93.9675,25.0,1.5
2025-08-26T14:00:00+08:00,634.726,650.0,84.6301,25.0,1.5
2025-08-26T15:00:00+08:00,524.9153,650.0,69.9887,25.0,1.5
2025-08-26T16:00:00+08:00,382.8073,650.0,51.041,25.0,1.5
2025-08-26T17:00:00+08:00,218.0863,650.0,29.0782,25.0,1.5
2025-08-26T18:00:00+08:00,41.9779,650.0,5.5971,25.0,1.5
2025-08-26T19:00:00+08:00,0.0,0.0,0.0,25.0,1.5
2025-08-26T20:00:00+08:00,0.0,0.0,0.0,25.0,1.5
2025-08-26T21:00:00+08:00,0.0,0.0,0.0,25.0,1.5
2025-08-26T22:00:00+08:00,0.0,0.0,0.0,25.0,1.5
2025-08-26T23:00:00+08:00,0.0,0.0,0.0,25.0,1.5
2025-08-27T00:00:00+08:00,0.0,0.0,0.0,25.0,1.5
2025-08-27T01:00:00+08:00,0.0,0.0,0.0,25.0,1.5
2025-08-27T02:00:00+08:00,0.0,0.0,0.0,25.0,1.5
2025-08-27T03:00:00+08:00,0.0,0.0,0.0,25.0,1.5
2025-08-27T04:00:00+08:00,0.0,0.0,0.0,25.0,1.5
2025-08-27T05:00:00+08:00,0.0,0.0,0.0,25.0,1.5
2025-08-27T06:00:00+08:00,58.1497,650.0,7.7533,25.0,1.5
2025-08-27T07:00:00+08:00,233.8379,650.0,31.1784,25.0,1.5
2025-08-27T08:00:00+08:00,396.9385,650.0,52.9251,25.0,1.5
2025-08-27T09:00:00+08:00,536.3365,650.0,71.5115,25.0,1.5
2025-08-27T10:00:00+08:00,642.5321,650.0,85.671,25.0,1.5
2025-08-27T11:00:00+08:00,708.2884,650.0,94.4384,25.0,1.5
2025-08-27T12:00:00+08:00,729.124,650.0,97.2165,25.0,1.5
2025-08-27T13:00:00+08:00,703.6191,650.0,93.8159,25.0,1.5
2025-08-27T14:00:00+08:00,633.5118,650.0,84.4682,25.0,1.5
2025-08-27T15:00:00+08:00,523.5798,650.0,69.8106,25.0,1.5
2025-08-27T16:00:00+08:00,381.3148,650.0,50.842,25.0,1.5
2025-08-27T17:00:00+08:00,216.412,650.0,28.8549,25.0,1.5
2025-08-27T18:00:00+08:00,40.109,650.0,5.3479,25.0,1.5
2025-08-27T19:00:00+08:00,0.0,0.0,0.0,25.0,1.5
2025-08-27T20:00:00+08:00,0.0,0.0,0.0,25.0,1.5
2025-08-27T21:00:00+08:00,0.0,0.0,0.0,25.0,1.5
2025-08-27T22:00:00+08:00,0.0,0.0,0.0,25.0,1.5
2025-08-27T23:00:00+08:00,0.0,0.0,0.0,25.0,1.5
2025-08-28T00:00:00+08:00,0.0,0.0,0.0,25.0,1.5
2025-08-28T01:00:00+08:00,0.0,0.0,0.0,25.0,1.5
2025-08-28T02:00:00+08:00,0.0,0.0,0.0,25.0,1.5
2025-08-28T03:00:00+08:00,0.0,0.0,0.0,25.0,1.5
2025-08-28T04:00:00+08:00,0.0,0.0,0.0,25.0,1.5
2025-08-28T05:00:00+08:00,0.0,0.0,0.0,25.0,1.5
2025-08-28T06:00:00+08:00,56.2839,650.0,7.5045,25.0,1.5
2025-08-28T07:00:00+08:00,232.1602,650.0,30.9547,25.0,1.5
2025-08-28T08:00:00+08:00,395.4354,650.0,52.7247,25.0,1.5
2025-08-28T09:00:00+08:00,534.9826,650.0,71.331,25.0,1.5
2025-08-28T10:00:00+08:00,641.292,650.0,85.5056,25.0,1.5
2025-08-28T11:00:00+08:00,707.1186,650.0,94.2825,25.0,1.5
2025-08-28T12:00:00+08:00,727.9765,650.0,97.0635,25.0,1.5
2025-08-28T13:00:00+08:00,702.4443,650.0,93.6592,25.0,1.5
2025-08-28T14:00:00+08:00,632.262,650.0,84.3016,25.0,1.5
2025-08-28T15:00:00+08:00,522.2123,650.0,69.6283,25.0,1.5
2025-08-28T16:00:00+08:00,379.795,650.0,50.6393,25.0,1.5
2025-08-28T17:00:00+08:00,214.7156,650.0,28.6287,25.0,1.5
2025-08-28T18:00:00+08:00,38.224,650.0,5.0965,25.0,1.5
2025-08-28T19:00:00+08:00,0.0,0.0,0.0,25.0,1.5
2025-08-28T20:00:00+08:00,0.0,0.0,0.0,25.0,1.5
2025-08-28T21:00:00+08:00,0.0,0.0,0.0,25.0,1.5
2025-08-28T22:00:00+08:00,0.0,0.0,0.0,25.0,1.5
2025-08-28T23:00:00+08:00,0.0,0.0,0.0,25.0,1.5
2025-08-29T00:00:00+08:00,0.0,0.0,0.0,25.0,1.5
2025-08-29T01:00:00+08:00,0.0,0.0,0.0,25.0,1.5
2025-08-29T02:00:00+08:00,0.0,0.0,0.0,25.0,1.5
2025-08-29T03:00:00+08:00,0.0,0.0,0.0,25.0,1.5
2025-08-29T04:00:00+08:00,0.0,0.0,0.0,25.0,1.5
2025-08-29T05:00:00+08:00,0.0,0.0,0.0,25.0,1.5
2025-08-29T06:00:00+08:00,54.402,650.0,7.2536,25.0,1.5
2025-08-29T07:00:00+08:00,230.4603,650.0,30.728,25.0,1.5
2025-08-29T08:00:00+08:00,393.9046,650.0,52.5206,25.0,1.5
2025-08-29T09:00:00+08:00,533.5962,650.0,71.1462,25.0,1.5
2025-08-29T10:00:00+08:00,640.0156,650.0,85.3354,25.0,1.5
2025-08-29T11:00:00+08:00,705.9104,650.0,94.1214,25.0,1.5
2025-08-29T12:00:00+08:00,726.7899,650.0,96.9053,25.0,1.5
2025-08-29T13:00:00+08:00,701.2313,650.0,93.4975,25.0,1.5
2025-08-29T14:00:00+08:00,630.9763,650.0,84.1302,25.0,1.5
2025-08-29T15:00:00+08:00,520.8127,650.0,69.4417,25.0,1.5
2025-08-29T16:00:00+08:00,378.248,650.0,50.4331,25.0,1.5
2025-08-29T17:00:00+08:00,212.9977,650.0,28.3997,25.0,1.5
2025-08-29T18:00:00+08:00,36.3233,650.0,4.8431,25.0,1.5
2025-08-29T19:00:00+08:00,0.0,0.0,0.0,25.0,1.5
2025-08-29T20:00:00+08:00,0.0,0.0,0.0,25.0,1.5
2025-08-29T21:00:00+08:00,0.0,0.0,0.0,25.0,1.5
2025-08-29T22:00:00+08:00,0.0,0.0,0.0,25.0,1.5
2025-08-29T23:00:00+08:00,0.0,0.0,0.0,25.0,1.5
2025-08-30T00:00:00+08:00,0.0,0.0,0.0,25.0,1.5
2025-08-30T01:00:00+08:00,0.0,0.0,0.0,25.0,1.5
2025-08-30T02:00:00+08:00,0.0,0.0,0.0,25.0,1.5
2025-08-30T03:00:00+08:00,0.0,0.0,0.0,25.0,1.5
2025-08-30T04:00:00+08:00,0.0,0.0,0.0,25.0,1.5
2025-08-30T05:00:00+08:00,0.0,0.0,0.0,25.0,1.5
2025-08-30T06:00:00+08:00,52.5045,650.0,7.0006,25.0,1.5
2025-08-30T07:00:00+08:00,228.7386,650.0,30.4985,25.0,1.5
2025-08-30T08:00:00+08:00,392.3461,650.0,52.3128,25.0,1.5
2025-08-30T09:00:00+08:00,532.1773,650.0,70.957,25.0,1.5
2025-08-30T10:00:00+08:00,638.7029,650.0,85.1604,25.0,1.5
2025-08-30T11:00:00+08:00,704.6635,650.0,93.9551,25.0,1.5
2025-08-30T12:00:00+08:00,725.5639,650.0,96.7418,25.0,1.5
2025-08-30T13:00:00+08:00,699.9797,650.0,93.3306,25.0,1.5
2025-08-30T14:00:00+08:00,629.6546,650.0,83.9539,25.0,1.5
2025-08-30T15:00:00+08:00,519.381,650.0,69.2508,25.0,1.5
2025-08-30T16:00:00+08:00,376.6739,650.0,50.2232,25.0,1.5
2025-08-30T17:00:00+08:00,211.2586,650.0,28.1678,25.0,1.5
2025-08-30T18:00:00+08:00,34.4078,650.0,4.5877,25.0,1.5
2025-08-30T19:00:00+08:00,0.0,0.0,0.0,25.0,1.5
2025-08-30T20:00:00+08:00,0.0,0.0,0.0,25.0,1.5
2025-08-30T21:00:00+08:00,0.0,0.0,0.0,25.0,1.5
2025-08-30T22:00:00+08:00,0.0,0.0,0.0,25.0,1.5
2025-08-30T23:00:00+08:00,0.0,0.0,0.0,25.0,1.5
2025-08-31T00:00:00+08:00,0.0,0.0,0.0,25.0,1.5
2025-08-31T01:00:00+08:00,0.0,0.0,0.0,25.0,1.5
2025-08-31T02:00:00+08:00,0.0,0.0,0.0,25.0,1.5
2025-08-31T03:00:00+08:00,0.0,0.0,0.0,25.0,1.5
2025-08-31T04:00:00+08:00,0.0,0.0,0.0,25.0,1.5
2025-08-31T05:00:00+08:00,0.0,0.0,0.0,25.0,1.5
2025-08-31T06:00:00+08:00,50.592,650.0,6.7456,25.0,1.5
2025-08-31T07:00:00+08:00,226.9955,650.0,30.2661,25.0,1.5
2025-08-31T08:00:00+08:00,390.7602,650.0,52.1014,25.0,1.5
2025-08-31T09:00:00+08:00,530.7258,650.0,70.7634,25.0,1.5
2025-08-31T10:00:00+08:00,637.3538,650.0,84.9805,25.0,1.5
2025-08-31T11:00:00+08:00,703.3777,650.0,93.7837,25.0,1.5
2025-08-31T12:00:00+08:00,724.2982,650.0,96.5731,25.0,1.5
2025-08-31T13:00:00+08:00,698.6895,650.0,93.1586,25.0,1.5
2025-08-31T14:00:00+08:00,628.2967,650.0,83.7729,25.0,1.5
2025-08-31T15:00:00+08:00,517.9172,650.0,69.0556,25.0,1.5
2025-08-31T16:00:00+08:00,375.0729,650.0,50.0097,25.0,1.5
2025-08-31T17:00:00+08:00,209.4986,650.0,27.9332,25.0,1.5
2025-08-31T18:00:00+08:00,32.4779,650.0,4.3304,25.0,1.5
2025-08-31T19:00:00+08:00,0.0,0.0,0.0,25.0,1.5
2025-08-31T20:00:00+08:00,0.0,0.0,0.0,25.0,1.5
2025-08-31T21:00:00+08:00,0.0,0.0,0.0,25.0,1.5
2025-08-31T22:00:00+08:00,0.0,0.0,0.0,25.0,1.5
2025-08-31T23:00:00+08:00,0.0,0.0,0.0,25.0,1.5
2025-09-01T00:00:00+08:00,0.0,0.0,0.0,25.0,1.5
2025-09-01T01:00:00+08:00,0.0,0.0,0.0,25.0,1.5
2025-09-01T02:00:00+08:00,0.0,0.0,0.0,25.0,1.5
2025-09-01T03:00:00+08:00,0.0,0.0,0.0,25.0,1.5
2025-09-01T04:00:00+08:00,0.0,0.0,0.0,25.0,1.5
2025-09-01T05:00:00+08:00,0.0,0.0,0.0,25.0,1.5
2025-09-01T06:00:00+08:00,48.6651,650.0,6.4887,25.0,1.5
2025-09-01T07:00:00+08:00,225.2313,650.0,30.0308,25.0,1.5
2025-09-01T08:00:00+08:00,389.1471,650.0,51.8863,25.0,1.5
2025-09-01T09:00:00+08:00,529.2418,650.0,70.5656,25.0,1.5
2025-09-01T10:00:00+08:00,635.9681,650.0,84.7958,25.0,1.5
2025-09-01T11:00:00+08:00,702.053,650.0,93.6071,25.0,1.5
2025-09-01T12:00:00+08:00,722.9928,650.0,96.399,25.0,1.5
2025-09-01T13:00:00+08:00,697.3604,650.0,92.9814,25.0,1.5
2025-09-01T14:00:00+08:00,626.9027,650.0,83.587,25.0,1.5
2025-09-01T15:00:00+08:00,516.4214,650.0,68.8562,25.0,1.5
2025-09-01T16:00:00+08:00,373.4454,650.0,49.7927,25.0,1.5
2025-09-01T17:00:00+08:00,207.7183,650.0,27.6958,25.0,1.5
2025-09-01T18:00:00+08:00,30.5343,650.0,4.0712,25.0,1.5
2025-09-01T19:00:00+08:00,0.0,0.0,0.0,25.0,1.5
2025-09-01T20:00:00+08:00,0.0,0.0,0.0,25.0,1.5
2025-09-01T21:00:00+08:00,0.0,0.0,0.0,25.0,1.5
2025-09-01T22:00:00+08:00,0.0,0.0,0.0,25.0,1.5
2025-09-01T23:00:00+08:00,0.0,0.0,0.0,25.0,1.5
2025-09-02T00:00:00+08:00,0.0,0.0,0.0,25.0,1.5
2025-09-02T01:00:00+08:00,0.0,0.0,0.0,25.0,1.5
2025-09-02T02:00:00+08:00,0.0,0.0,0.0,25.0,1.5
2025-09-02T03:00:00+08:00,0.0,0.0,0.0,25.0,1.5
2025-09-02T04:00:00+08:00,0.0,0.0,0.0,25.0,1.5
2025-09-02T05:00:00+08:00,0.0,0.0,0.0,25.0,1.5
2025-09-02T06:00:00+08:00,46.7245,650.0,6.2299,25.0,1.5
2025-09-02T07:00:00+08:00,223.4466,650.0,29.7929,25.0,1.5
2025-09-02T08:00:00+08:00,387.507,650.0,51.6676,25.0,1.5
2025-09-02T09:00:00+08:00,527.7253,650.0,70.3634,25.0,1.5
2025-09-02T10:00:00+08:00,634.5459,650.0,84.6061,25.0,1.5
2025-09-02T11:00:00+08:00,700.6891,650.0,93.4252,25.0,1.5
2025-09-02T12:00:00+08:00,721.6474,650.0,96.2196,25.0,1.5
2025-09-02T13:00:00+08:00,695.9924,650.0,92.799,25.0,1.5
2025-09-02T14:00:00+08:00,625.4725,650.0,83.3963,25.0,1.5
2025-09-02T15:00:00+08:00,514.8936,650.0,68.6525,25.0,1.5
2025-09-02T16:00:00+08:00,371.7914,650.0,49.5722,25.0,1.5
2025-09-02T17:00:00+08:00,205.9181,650.0,27.4557,25.0,1.5
2025-09-02T18:00:00+08:00,28.5777,650.0,3.8104,25.0,1.5
2025-09-02T19:00:00+08:00,0.0,0.0,0.0,25.0,1.5
2025-09-02T20:00:00+08:00,0.0,0.0,0.0,25.0,1.5
2025-09-02T21:00:00+08:00,0.0,0.0,0.0,25.0,1.5
2025-09-02T22:00:00+08:00,0.0,0.0,0.0,25.0,1.5
2025-09-02T23:00:00+08:00,0.0,0.0,0.0,25.0,1.5
2025-09-03T00:00:00+08:00,0.0,0.0,0.0,25.0,1.5
2025-09-03T01:00:00+08:00,0.0,0.0,0.0,25.0,1.5
2025-09-03T02:00:00+08:00,0.0,0.0,0.0,25.0,1.5
2025-09-03T03:00:00+08:00,0.0,0.0,0.0,25.0,1.5
2025-09-03T04:00:00+08:00,0.0,0.0,0.0,25.0,1.5
2025-09-03T05:00:00+08:00,0.0,0.0,0.0,25.0,1.5
2025-09-03T06:00:00+08:00,44.7707,650.0,5.9694,25.0,1.5
2025-09-03T07:00:00+08:00,221.6416,650.0,29.5522,25.0,1.5
2025-09-03T08:00:00+08:00,385.8402,650.0,51.4454,25.0,1.5
2025-09-03T09:00:00+08:00,526.1766,650.0,70.1569,25.0,1.5
2025-09-03T10:00:00+08:00,633.0871,650.0,84.4116,25.0,1.5
2025-09-03T11:00:00+08:00,699.286,650.0,93.2381,25.0,1.5
2025-09-03T12:00:00+08:00,720.2619,650.0,96.0349,25.0,1.5
2025-09-03T13:00:00+08:00,694.5853,650.0,92.6114,25.0,1.5
2025-09-03T14:00:00+08:00,624.0061,650.0,83.2008,25.0,1.5
2025-09-03T15:00:00+08:00,513.3341,650.0,68.4445,25.0,1.5
2025-09-03T16:00:00+08:00,370.1113,650.0,49.3482,25.0,1.5
2025-09-03T17:00:00+08:00,204.0984,650.0,27.2131,25.0,1.5
2025-09-03T18:00:00+08:00,26.6086,650.0,3.5478,25.0,1.5
2025-09-03T19:00:00+08:00,0.0,0.0,0.0,25.0,1.5
2025-09-03T20:00:00+08:00,0.0,0.0,0.0,25.0,1.5
2025-09-03T21:00:00+08:00,0.0,0.0,0.0,25.0,1.5
2025-09-03T22:00:00+08:00,0.0,0.0,0.0,25.0,1.5
2025-09-03T23:00:00+08:00,0.0,0.0,0.0,25.0,1.5
2025-09-04T00:00:00+08:00,0.0,0.0,0.0,25.0,1.5
2025-09-04T01:00:00+08:00,0.0,0.0,0.0,25.0,1.5
2025-09-04T02:00:00+08:00,0.0,0.0,0.0,25.0,1.5
2025-09-04T03:00:00+08:00,0.0,0.0,0.0,25.0,1.5
2025-09-04T04:00:00+08:00,0.0,0.0,0.0,25.0,1.5
2025-09-04T05:00:00+08:00,0.0,0.0,0.0,25.0,1.5
2025-09-04T06:00:00+08:00,42.8044,650.0,5.7072,25.0,1.5
2025-09-04T07:00:00+08:00,219.8169,650.0,29.3089,25.0,1.5
2025-09-04T08:00:00+08:00,384.1469,650.0,51.2196,25.0,1.5
2025-09-04T09:00:00+08:00,524.5956,650.0,69.9461,25.0,1.5
2025-09-04T10:00:00+08:00,631.5918,650.0,84.2122,25.0,1.5
2025-09-04T11:00:00+08:00,697.8436,650.0,93.0458,25.0,1.5
2025-09-04T12:00:00+08:00,718.8363,650.0,95.8448,25.0,1.5
2025-09-04T13:00:00+08:00,693.1392,650.0,92.4186,25.0,1.5
2025-09-04T14:00:00+08:00,622.5035,650.0,83.0005,25.0,1.5
2025-09-04T15:00:00+08:00,511.7428,650.0,68.2324,25.0,1.5
2025-09-04T16:00:00+08:00,368.4055,650.0,49.1207,25.0,1.5
2025-09-04T17:00:00+08:00,202.2596,650.0,26.9679,25.0,1.5
2025-09-04T18:00:00+08:00,24.6277,650.0,3.2837,25.0,1.5
2025-09-04T19:00:00+08:00,0.0,0.0,0.0,25.0,1.5
2025-09-04T20:00:00+08:00,0.0,0.0,0.0,25.0,1.5
2025-09-04T21:00:00+08:00,0.0,0.0,0.0,25.0,1.5
2025-09-04T22:00:00+08:00,0.0,0.0,0.0,25.0,1.5
2025-09-04T23:00:00+08:00,0.0,0.0,0.0,25.0,1.5
2025-09-05T00:00:00+08:00,0.0,0.0,0.0,25.0,1.5
2025-09-05T01:00:00+08:00,0.0,0.0,0.0,25.0,1.5
2025-09-05T02:00:00+08:00,0.0,0.0,0.0,25.0,1.5
2025-09-05T03:00:00+08:00,0.0,0.0,0.0,25.0,1.5
2025-09-05T04:00:00+08:00,0.0,0.0,0.0,25.0,1.5
2025-09-05T05:00:00+08:00,0.0,0.0,0.0,25.0,1.5
2025-09-05T06:00:00+08:00,40.8262,650.0,5.4435,25.0,1.5
2025-09-05T07:00:00+08:00,217.9729,650.0,29.063,25.0,1.5
2025-09-05T08:00:00+08:00,382.4275,650.0,50.9903,25.0,1.5
2025-09-05T09:00:00+08:00,522.9827,650.0,69.731,25.0,1.5
2025-09-05T10:00:00+08:00,630.0599,650.0,84.008,25.0,1.5
2025-09-05T11:00:00+08:00,696.362,650.0,92.8483,25.0,1.5
2025-09-05T12:00:00+08:00,717.3706,650.0,95.6494,25.0,1.5
2025-09-05T13:00:00+08:00,691.654,650.0,92.2205,25.0,1.5
2025-09-05T14:00:00+08:00,620.9647,650.0,82.7953,25.0,1.5
2025-09-05T15:00:00+08:00,510.1201,650.0,68.016,25.0,1.5
2025-09-05T16:00:00+08:00,366.6741,650.0,48.8899,25.0,1.5
2025-09-05T17:00:00+08:00,200.4023,650.0,26.7203,25.0,1.5
2025-09-05T18:00:00+08:00,22.6358,650.0,3.0181,25.0,1.5
2025-09-05T19:00:00+08:00,0.0,0.0,0.0,25.0,1.5
2025-09-05T20:00:00+08:00,0.0,0.0,0.0,25.0,1.5
2025-09-05T21:00:00+08:00,0.0,0.0,0.0,25.0,1.5
2025-09-05T22:00:00+08:00,0.0,0.0,0.0,25.0,1.5
2025-09-05T23:00:00+08:00,0.0,0.0,0.0,25.0,1.5
2025-09-06T00:00:00+08:00,0.0,0.0,0.0,25.0,1.5
2025-09-06T01:00:00+08:00,0.0,0.0,0.0,25.0,1.5
2025-09-06T02:00:00+08:00,0.0,0.0,0.0,25.0,1.5
2025-09-06T03:00:00+08:00,0.0,0.0,0.0,25.0,1.5
2025-09-06T04:00:00+08:00,0.0,0.0,0.0,25.0,1.5
2025-09-06T05:00:00+08:00,0.0,0.0,0.0,25.0,1.5
2025-09-06T06:00:00+08:00,38.8368,650.0,5.1782,25.0,1.5
2025-09-06T07:00:00+08:00,216.1101,650.0,28.8147,25.0,1.5
2025-09-06T08:00:00+08:00,380.6822,650.0,50.7576,25.0,1.5
2025-09-06T09:00:00+08:00,521.3379,650.0,69.5117,25.0,1.5
2025-09-06T10:00:00+08:00,628.4917,650.0,83.7989,25.0,1.5
2025-09-06T11:00:00+08:00,694.8412,650.0,92.6455,25.0,1.5
2025-09-06T12:00:00+08:00,715.8648,650.0,95.4486,25.0,1.5
2025-09-06T13:00:00+08:00,690.1298,650.0,92.0173,25.0,1.5
2025-09-06T14:00:00+08:00,619.39,650.0,82.5853,25.0,1.5
2025-09-06T15:00:00+08:00,508.4662,650.0,67.7955,25.0,1.5
2025-09-06T16:00:00+08:00,364.9176,650.0,48.6557,25.0,1.5
2025-09-06T17:00:00+08:00,198.527,650.0,26.4703,25.0,1.5
2025-09-06T18:00:00+08:00,20.6334,650.0,2.7511,25.0,1.5
2025-09-06T19:00:00+08:00,0.0,0.0,0.0,25.0,1.5
2025-09-06T20:00:00+08:00,0.0,0.0,0.0,25.0,1.5
2025-09-06T21:00:00+08:00,0.0,0.0,0.0,25.0,1.5
2025-09-06T22:00:00+08:00,0.0,0.0,0.0,25.0,1.5
2025-09-06T23:00:00+08:00,0.0,0.0,0.0,25.0,1.5
2025-09-07T00:00:00+08:00,0.0,0.0,0.0,25.0,1.5
2025-09-07T01:00:00+08:00,0.0,0.0,0.0,25.0,1.5
2025-09-07T02:00:00+08:00,0.0,0.0,0.0,25.0,1.5
2025-09-07T03:00:00+08:00,0.0,0.0,0.0,25.0,1.5
2025-09-07T04:00:00+08:00,0.0,0.0,0.0,25.0,1.5
2025-09-07T05:00:00+08:00,0.0,0.0,0.0,25.0,1.5
2025-09-07T06:00:00+08:00,36.8369,650.0,4.9116,25.0,1.5
2025-09-07T07:00:00+08:00,214.229,650.0,28.5639,25.0,1.5
2025-09-07T08:00:00+08:00,378.9116,650.0,50.5215,25.0,1.5
2025-09-07T09:00:00+08:00,519.6616,650.0,69.2882,25.0,1.5
2025-09-07T10:00:00+08:00,626.8872,650.0,83.585,25.0,1.5
2025-09-07T11:00:00+08:00,693.2812,650.0,92.4375,25.0,1.5
2025-09-07T12:00:00+08:00,714.3189,650.0,95.2425,25.0,1.5
2025-09-07T13:00:00+08:00,688.5666,650.0,91.8089,25.0,1.5
2025-09-07T14:00:00+08:00,617.7794,650.0,82.3706,25.0,1.5
2025-09-07T15:00:00+08:00,506.7812,650.0,67.5708,25.0,1.5
2025-09-07T16:00:00+08:00,363.1364,650.0,48.4182,25.0,1.5
2025-09-07T17:00:00+08:00,196.6341,650.0,26.2179,25.0,1.5
2025-09-07T18:00:00+08:00,18.6212,650.0,2.4828,25.0,1.5
2025-09-07T19:00:00+08:00,0.0,0.0,0.0,25.0,1.5
2025-09-07T20:00:00+08:00,0.0,0.0,0.0,25.0,1.5
2025-09-07T21:00:00+08:00,0.0,0.0,0.0,25.0,1.5
2025-09-07T22:00:00+08:00,0.0,0.0,0.0,25.0,1.5
2025-09-07T23:00:00+08:00,0.0,0.0,0.0,25.0,1.5
2025-09-08T00:00:00+08:00,0.0,0.0,0.0,25.0,1.5
2025-09-08T01:00:00+08:00,0.0,0.0,0.0,25.0,1.5
2025-09-08T02:00:00+08:00,0.0,0.0,0.0,25.0,1.5
2025-09-08T03:00:00+08:00,0.0,0.0,0.0,25.0,1.5
2025-09-08T04:00:00+08:00,0.0,0.0,0.0,25.0,1.5
2025-09-08T05:00:00+08:00,0.0,0.0,0.0,25.0,1.5
2025-09-08T06:00:00+08:00,34.827,650.0,4.6436,25.0,1.5
2025-09-08T07:00:00+08:00,212.3302,650.0,28.3107,25.0,1.5
2025-09-08T08:00:00+08:00,377.1158,650.0,50.2821,25.0,1.5
2025-09-08T09:00:00+08:00,517.9539,650.0,69.0605,25.0,1.5
2025-09-08T10:00:00+08:00,625.2466,650.0,83.3662,25.0,1.5
2025-09-08T11:00:00+08:00,691.6822,650.0,92.2243,25.0,1.5
2025-09-08T12:00:00+08:00,712.733,650.0,95.0311,25.0,1.5
2025-09-08T13:00:00+08:00,686.9647,650.0,91.5953,25.0,1.5
2025-09-08T14:00:00+08:00,616.1331,650.0,82.1511,25.0,1.5
2025-09-08T15:00:00+08:00,505.0654,650.0,67.3421,25.0,1.5
2025-09-08T16:00:00+08:00,361.3307,650.0,48.1774,25.0,1.5
2025-09-08T17:00:00+08:00,194.7243,650.0,25.9632,25.0,1.5
2025-09-08T18:00:00+08:00,16.6,650.0,2.2133,25.0,1.5
2025-09-08T19:00:00+08:00,0.0,0.0,0.0,25.0,1.5
2025-09-08T20:00:00+08:00,0.0,0.0,0.0,25.0,1.5
2025-09-08T21:00:00+08:00,0.0,0.0,0.0,25.0,1.5
2025-09-08T22:00:00+08:00,0.0,0.0,0.0,25.0,1.5
2025-09-08T23:00:00+08:00,0.0,0.0,0.0,25.0,1.5
2025-09-09T00:00:00+08:00,0.0,0.0,0.0,25.0,1.5
2025-09-09T01:00:00+08:00,0.0,0.0,0.0,25.0,1.5
2025-09-09T02:00:00+08:00,0.0,0.0,0.0,25.0,1.5
2025-09-09T03:00:00+08:00,0.0,0.0,0.0,25.0,1.5
2025-09-09T04:00:00+08:00,0.0,0.0,0.0,25.0,1.5
2025-09-09T05:00:00+08:00,0.0,0.0,0.0,25.0,1.5
2025-09-09T06:00:00+08:00,32.8079,650.0,4.3744,25.0,1.5
2025-09-09T07:00:00+08:00,210.4141,650.0,28.0552,25.0,1.5
2025-09-09T08:00:00+08:00,375.2954,650.0,50.0394,25.0,1.5
2025-09-09T09:00:00+08:00,516.2152,650.0,68.8287,25.0,1.5
2025-09-09T10:00:00+08:00,623.5702,650.0,83.1427,25.0,1.5
2025-09-09T11:00:00+08:00,690.0443,650.0,92.0059,25.0,1.5
2025-09-09T12:00:00+08:00,711.1074,650.0,94.8143,25.0,1.5
2025-09-09T13:00:00+08:00,685.3241,650.0,91.3765,25.0,1.5
2025-09-09T14:00:00+08:00,614.4514,650.0,81.9269,25.0,1.5
2025-09-09T15:00:00+08:00,503.3193,650.0,67.1092,25.0,1.5
2025-09-09T16:00:00+08:00,359.5011,650.0,47.9335,25.0,1.5
2025-09-09T17:00:00+08:00,192.798,650.0,25.7064,25.0,1.5
2025-09-09T18:00:00+08:00,14.5703,650.0,1.9427,25.0,1.5
2025-09-09T19:00:00+08:00,0.0,0.0,0.0,25.0,1.5
2025-09-09T20:00:00+08:00,0.0,0.0,0.0,25.0,1.5
2025-09-09T21:00:00+08:00,0.0,0.0,0.0,25.0,1.5
2025-09-09T22:00:00+08:00,0.0,0.0,0.0,25.0,1.5
2025-09-09T23:00:00+08:00,0.0,0.0,0.0,25.0,1.5
2025-09-10T00:00:00+08:00,0.0,0.0,0.0,25.0,1.5
2025-09-10T01:00:00+08:00,0.0,0.0,0.0,25.0,1.5
2025-09-10T02:00:00+08:00,0.0,0.0,0.0,25.0,1.5
2025-09-10T03:00:00+08:00,0.0,0.0,0.0,25.0,1.5
2025-09-10T04:00:00+08:00,0.0,0.0,0.0,25.0,1.5
2025-09-10T05:00:00+08:00,0.0,0.0,0.0,25.0,1.5
2025-09-10T06:00:00+08:00,30.7803,650.0,4.104,25.0,1.5
2025-09-10T07:00:00+08:00,208.4814,650.0,27.7975,25.0,1.5
2025-09-10T08:00:00+08:00,373.4507,650.0,49.7934,25.0,1.5
2025-09-10T09:00:00+08:00,514.4458,650.0,68.5928,25.0,1.5
2025-09-10T10:00:00+08:00,621.8582,650.0,82.9144,25.0,1.5
2025-09-10T11:00:00+08:00,688.3678,650.0,91.7824,25.0,1.5
2025-09-10T12:00:00+08:00,709.4421,650.0,94.5923,25.0,1.5
2025-09-10T13:00:00+08:00,683.645,650.0,91.1527,25.0,1.5
2025-09-10T14:00:00+08:00,612.7345,650.0,81.6979,25.0,1.5
2025-09-10T15:00:00+08:00,501.543,650.0,66.8724,25.0,1.5
2025-09-10T16:00:00+08:00,357.648,650.0,47.6864,25.0,1.5
2025-09-10T17:00:00+08:00,190.8558,650.0,25.4474,25.0,1.5
2025-09-10T18:00:00+08:00,12.533,650.0,1.6711,25.0,1.5
2025-09-10T19:00:00+08:00,0.0,0.0,0.0,25.0,1.5
2025-09-10T20:00:00+08:00,0.0,0.0,0.0,25.0,1.5
2025-09-10T21:00:00+08:00,0.0,0.0,0.0,25.0,1.5
2025-09-10T22:00:00+08:00,0.0,0.0,0.0,25.0,1.5
2025-09-10T23:00:00+08:00,0.0,0.0,0.0,25.0,1.5
2025-09-11T00:00:00+08:00,0.0,0.0,0.0,25.0,1.5
2025-09-11T01:00:00+08:00,0.0,0.0,0.0,25.0,1.5
2025-09-11T02:00:00+08:00,0.0,0.0,0.0,25.0,1.5
2025-09-11T03:00:00+08:00,0.0,0.0,0.0,25.0,1.5
2025-09-11T04:00:00+08:00,0.0,0.0,0.0,25.0,1.5
2025-09-11T05:00:00+08:00,0.0,0.0,0.0,25.0,1.5
2025-09-11T06:00:00+08:00,28.7448,650.0,3.8326,25.0,1.5
2025-09-11T07:00:00+08:00,206.5325,650.0,27.5377,25.0,1.5
2025-09-11T08:00:00+08:00,371.5823,650.0,49.5443,25.0,1.5
2025-09-11T09:00:00+08:00,512.6461,650.0,68.3528,25.0,1.5
2025-09-11T10:00:00+08:00,620.1108,650.0,82.6814,25.0,1.5
2025-09-11T11:00:00+08:00,686.6529,650.0,91.5537,25.0,1.5
2025-09-11T12:00:00+08:00,707.7375,650.0,94.365,25.0,1.5
2025-09-11T13:00:00+08:00,681.9278,650.0,90.9237,25.0,1.5
2025-09-11T14:00:00+08:00,610.9827,650.0,81.4644,25.0,1.5
2025-09-11T15:00:00+08:00,499.737,650.0,66.6316,25.0,1.5
2025-09-11T16:00:00+08:00,355.7719,650.0,47.4363,25.0,1.5
2025-09-11T17:00:00+08:00,188.8984,650.0,25.1864,25.0,1.5
2025-09-11T18:00:00+08:00,10.4886,650.0,1.3985,25.0,1.5
2025-09-11T19:00:00+08:00,0.0,0.0,0.0,25.0,1.5
2025-09-11T20:00:00+08:00,0.0,0.0,0.0,25.0,1.5
2025-09-11T21:00:00+08:00,0.0,0.0,0.0,25.0,1.5
2025-09-11T22:00:00+08:00,0.0,0.0,0.0,25.0,1.5
2025-09-11T23:00:00+08:00,0.0,0.0,0.0,25.0,1.5
2025-09-12T00:00:00+08:00,0.0,0.0,0.0,25.0,1.5
2025-09-12T01:00:00+08:00,0.0,0.0,0.0,25.0,1.5
2025-09-12T02:00:00+08:00,0.0,0.0,0.0,25.0,1.5
2025-09-12T03:00:00+08:00,0.0,0.0,0.0,25.0,1.5
2025-09-12T04:00:00+08:00,0.0,0.0,0.0,25.0,1.5
2025-09-12T05:00:00+08:00,0.0,0.0,0.0,25.0,1.5
2025-09-12T06:00:00+08:00,26.7021,650.0,3.5603,25.0,1.5
2025-09-12T07:00:00+08:00,204.5681,650.0,27.2757,25.0,1.5
2025-09-12T08:00:00+08:00,369.6905,650.0,49.2921,25.0,1.5
2025-09-12T09:00:00+08:00,510.8165,650.0,68.1089,25.0,1.5
2025-09-12T10:00:00+08:00,618.3285,650.0,82.4438,25.0,1.5
2025-09-12T11:00:00+08:00,684.8998,650.0,91.32,25.0,1.5
2025-09-12T12:00:00+08:00,705.9938,650.0,94.1325,25.0,1.5
2025-09-12T13:00:00+08:00,680.1727,650.0,90.6897,25.0,1.5
2025-09-12T14:00:00+08:00,609.1964,650.0,81.2262,25.0,1.5
2025-09-12T15:00:00+08:00,497.9017,650.0,66.3869,25.0,1.5
2025-09-12T16:00:00+08:00,353.8732,650.0,47.1831,25.0,1.5
2025-09-12T17:00:00+08:00,186.9262,650.0,24.9235,25.0,1.5
2025-09-12T18:00:00+08:00,8.4378,650.0,1.125,25.0,1.5
2025-09-12T19:00:00+08:00,0.0,0.0,0.0,25.0,1.5
2025-09-12T20:00:00+08:00,0.0,0.0,0.0,25.0,1.5
2025-09-12T21:00:00+08:00,0.0,0.0,0.0,25.0,1.5
2025-09-12T22:00:00+08:00,0.0,0.0,0.0,25.0,1.5
2025-09-12T23:00:00+08:00,0.0,0.0,0.0,25.0,1.5
2025-09-13T00:00:00+08:00,0.0,0.0,0.0,25.0,1.5
2025-09-13T01:00:00+08:00,0.0,0.0,0.0,25.0,1.5
2025-09-13T02:00:00+08:00,0.0,0.0,0.0,25.0,1.5
2025-09-13T03:00:00+08:00,0.0,0.0,0.0,25.0,1.5
2025-09-13T04:00:00+08:00,0.0,0.0,0.0,25.0,1.5
2025-09-13T05:00:00+08:00,0.0,0.0,0.0,25.0,1.5
2025-09-13T06:00:00+08:00,24.6529,650.0,3.2871,25.0,1.5
2025-09-13T07:00:00+08:00,202.5888,650.0,27.0118,25.0,1.5
2025-09-13T08:00:00+08:00,367.776,650.0,49.0368,25.0,1.5
2025-09-13T09:00:00+08:00,508.9574,650.0,67.861,25.0,1.5
2025-09-13T10:00:00+08:00,616.5116,650.0,82.2015,25.0,1.5
2025-09-13T11:00:00+08:00,683.1091,650.0,91.0812,25.0,1.5
2025-09-13T12:00:00+08:00,704.2113,650.0,93.8948,25.0,1.5
2025-09-13T13:00:00+08:00,678.3801,650.0,90.4507,25.0,1.5
2025-09-13T14:00:00+08:00,607.3759,650.0,80.9835,25.0,1.5
2025-09-13T15:00:00+08:00,496.0375,650.0,66.1383,25.0,1.5
2025-09-13T16:00:00+08:00,351.9525,650.0,46.927,25.0,1.5
2025-09-13T17:00:00+08:00,184.9399,650.0,24.6587,25.0,1.5
2025-09-13T18:00:00+08:00,6.3815,650.0,0.8509,25.0,1.5
2025-09-13T19:00:00+08:00,0.0,0.0,0.0,25.0,1.5
2025-09-13T20:00:00+08:00,0.0,0.0,0.0,25.0,1.5
2025-09-13T21:00:00+08:00,0.0,0.0,0.0,25.0,1.5
2025-09-13T22:00:00+08:00,0.0,0.0,0.0,25.0,1.5
2025-09-13T23:00:00+08:00,0.0,0.0,0.0,25.0,1.5
2025-09-14T00:00:00+08:00,0.0,0.0,0.0,25.0,1.5
2025-09-14T01:00:00+08:00,0.0,0.0,0.0,25.0,1.5
2025-09-14T02:00:00+08:00,0.0,0.0,0.0,25.0,1.5
2025-09-14T03:00:00+08:00,0.0,0.0,0.0,25.0,1.5
2025-09-14T04:00:00+08:00,0.0,0.0,0.0,25.0,1.5
2025-09-14T05:00:00+08:00,0.0,0.0,0.0,25.0,1.5
2025-09-14T06:00:00+08:00,22.598,650.0,3.0131,25.0,1.5
2025-09-14T07:00:00+08:00,200.5951,650.0,26.746,25.0,1.5
2025-09-14T08:00:00+08:00,365.8392,650.0,48.7786,25.0,1.5
2025-09-14T09:00:00+08:00,507.0692,650.0,67.6092,25.0,1.5
2025-09-14T10:00:00+08:00,614.6605,650.0,81.9547,25.0,1.5
2025-09-14T11:00:00+08:00,681.2809,650.0,90.8375,25.0,1.5
2025-09-14T12:00:00+08:00,702.3904,650.0,93.652,25.0,1.5
2025-09-14T13:00:00+08:00,676.5503,650.0,90.2067,25.0,1.5
2025-09-14T14:00:00+08:00,605.5216,650.0,80.7362,25.0,1.5
2025-09-14T15:00:00+08:00,494.1449,650.0,65.886,25.0,1.5
2025-09-14T16:00:00+08:00,350.0102,650.0,46.668,25.0,1.5
2025-09-14T17:00:00+08:00,182.9402,650.0,24.392,25.0,1.5
2025-09-14T18:00:00+08:00,4.3202,650.0,0.576,25.0,1.5
2025-09-14T19:00:00+08:00,0.0,0.0,0.0,25.0,1.5
2025-09-14T20:00:00+08:00,0.0,0.0,0.0,25.0,1.5
2025-09-14T21:00:00+08:00,0.0,0.0,0.0,25.0,1.5
2025-09-14T22:00:00+08:00,0.0,0.0,0.0,25.0,1.5
2025-09-14T23:00:00+08:00,0.0,0.0,0.0,25.0,1.5
2025-09-15T00:00:00+08:00,0.0,0.0,0.0,25.0,1.5
2025-09-15T01:00:00+08:00,0.0,0.0,0.0,25.0,1.5
2025-09-15T02:00:00+08:00,0.0,0.0,0.0,25.0,1.5
2025-09-15T03:00:00+08:00,0.0,0.0,0.0,25.0,1.5
2025-09-15T04:00:00+08:00,0.0,0.0,0.0,25.0,1.5
2025-09-15T05:00:00+08:00,0.0,0.0,0.0,25.0,1.5
2025-09-15T06:00:00+08:00,20.5379,650.0,2.7384,25.0,1.5
2025-09-15T07:00:00+08:00,198.5877,650.0,26.4784,25.0,1.5
2025-09-15T08:00:00+08:00,363.8807,650.0,48.5174,25.0,1.5
2025-09-15T09:00:00+08:00,505.1525,650.0,67.3537,25.0,1.5
2025-09-15T10:00:00+08:00,612.7757,650.0,81.7034,25.0,1.5
2025-09-15T11:00:00+08:00,679.4158,650.0,90.5888,25.0,1.5
2025-09-15T12:00:00+08:00,700.5315,650.0,93.4042,25.0,1.5
2025-09-15T13:00:00+08:00,674.6838,650.0,89.9578,25.0,1.5
2025-09-15T14:00:00+08:00,603.6341,650.0,80.4845,25.0,1.5
2025-09-15T15:00:00+08:00,492.2244,650.0,65.6299,25.0,1.5
2025-09-15T16:00:00+08:00,348.0471,650.0,46.4063,25.0,1.5
2025-09-15T17:00:00+08:00,180.9276,650.0,24.1237,25.0,1.5
2025-09-15T18:00:00+08:00,2.2548,650.0,0.3006,25.0,1.5
2025-09-15T19:00:00+08:00,0.0,0.0,0.0,25.0,1.5
2025-09-15T20:00:00+08:00,0.0,0.0,0.0,25.0,1.5
2025-09-15T21:00:00+08:00,0.0,0.0,0.0,25.0,1.5
2025-09-15T22:00:00+08:00,0.0,0.0,0.0,25.0,1.5
2025-09-15T23:00:00+08:00,0.0,0.0,0.0,25.0,1.5
2025-09-16T00:00:00+08:00,0.0,0.0,0.0,25.0,1.5
2025-09-16T01:00:00+08:00,0.0,0.0,0.0,25.0,1.5
2025-09-16T02:00:00+08:00,0.0,0.0,0.0,25.0,1.5
2025-09-16T03:00:00+08:00,0.0,0.0,0.0,25.0,1.5
2025-09-16T04:00:00+08:00,0.0,0.0,0.0,25.0,1.5
2025-09-16T05:00:00+08:00,0.0,0.0,0.0,25.0,1.5
2025-09-16T06:00:00+08:00,18.4735,650.0,2.4631,25.0,1.5
2025-09-16T07:00:00+08:00,196.5673,650.0,26.209,25.0,1.5
2025-09-16T08:00:00+08:00,361.9012,650.0,48.2535,25.0,1.5
2025-09-16T09:00:00+08:00,503.2078,650.0,67.0944,25.0,1.5
2025-09-16T10:00:00+08:00,610.8576,650.0,81.4477,25.0,1.5
2025-09-16T11:00:00+08:00,677.5141,650.0,90.3352,25.0,1.5
2025-09-16T12:00:00+08:00,698.6351,650.0,93.1513,25.0,1.5
2025-09-16T13:00:00+08:00,672.781,650.0,89.7041,25.0,1.5
2025-09-16T14:00:00+08:00,601.7137,650.0,80.2285,25.0,1.5
2025-09-16T15:00:00+08:00,490.2765,650.0,65.3702,25.0,1.5
2025-09-16T16:00:00+08:00,346.0636,650.0,46.1418,25.0,1.5
2025-09-16T17:00:00+08:00,178.9028,650.0,23.8537,25.0,1.5
2025-09-16T18:00:00+08:00,0.1858,650.0,0.0248,25.0,1.5
2025-09-16T19:00:00+08:00,0.0,0.0,0.0,25.0,1.5
2025-09-16T20:00:00+08:00,0.0,0.0,0.0,25.0,1.5
2025-09-16T21:00:00+08:00,0.0,0.0,0.0,25.0,1.5
2025-09-16T22:00:00+08:00,0.0,0.0,0.0,25.0,1.5
2025-09-16T23:00:00+08:00,0.0,0.0,0.0,25.0,1.5
2025-09-17T00:00:00+08:00,0.0,0.0,0.0,25.0,1.5
2025-09-17T01:00:00+08:00,0.0,0.0,0.0,25.0,1.5
2025-09-17T02:00:00+08:00,0.0,0.0,0.0,25.0,1.5
2025-09-17T03:00:00+08:00,0.0,0.0,0.0,25.0,1.5
2025-09-17T04:00:00+08:00,0.0,0.0,0.0,25.0,1.5
2025-09-17T05:00:00+08:00,0.0,0.0,0.0,25.0,1.5
2025-09-17T06:00:00+08:00,16.4054,650.0,2.1874,25.0,1.5
2025-09-17T07:00:00+08:00,194.5345,650.0,25.9379,25.0,1.5
2025-09-17T08:00:00+08:00,359.901,650.0,47.9868,25.0,1.5
2025-09-17T09:00:00+08:00,501.2357,650.0,66.8314,25.0,1.5
2025-09-17T10:00:00+08:00,608.9067,650.0,81.1876,25.0,1.5
2025-09-17T11:00:00+08:00,675.5765,650.0,90.0769,25.0,1.5
2025-09-17T12:00:00+08:00,696.7016,650.0,92.8935,25.0,1.5
2025-09-17T13:00:00+08:00,670.8424,650.0,89.4457,25.0,1.5
2025-09-17T14:00:00+08:00,599.7611,650.0,79.9681,25.0,1.5
2025-09-17T15:00:00+08:00,488.3018,650.0,65.1069,25.0,1.5
2025-09-17T16:00:00+08:00,344.0603,650.0,45.8747,25.0,1.5
2025-09-17T17:00:00+08:00,176.8664,650.0,23.5822,25.0,1.5
2025-09-17T18:00:00+08:00,0.0,0.0,0.0,25.0,1.5
2025-09-17T19:00:00+08:00,0.0,0.0,0.0,25.0,1.5
2025-09-17T20:00:00+08:00,0.0,0.0,0.0,25.0,1.5
2025-09-17T21:00:00+08:00,0.0,0.0,0.0,25.0,1.5
2025-09-17T22:00:00+08:00,0.0,0.0,0.0,25.0,1.5
2025-09-17T23:00:00+08:00,0.0,0.0,0.0,25.0,1.5
2025-09-18T00:00:00+08:00,0.0,0.0,0.0,25.0,1.5
2025-09-18T01:00:00+08:00,0.0,0.0,0.0,25.0,1.5
2025-09-18T02:00:00+08:00,0.0,0.0,0.0,25.0,1.5
2025-09-18T03:00:00+08:00,0.0,0.0,0.0,25.0,1.5
2025-09-18T04:00:00+08:00,0.0,0.0,0.0,25.0,1.5
2025-09-18T05:00:00+08:00,0.0,0.0,0.0,25.0,1.5
2025-09-18T06:00:00+08:00,14.3343,650.0,1.9112,25.0,1.5
2025-09-18T07:00:00+08:00,192.4899,650.0,25.6653,25.0,1.5
2025-09-18T08:00:00+08:00,357.8811,650.0,47.7175,25.0,1.5
2025-09-18T09:00:00+08:00,499.2367,650.0,66.5649,25.0,1.5
2025-09-18T10:00:00+08:00,606.9238,650.0,80.9232,25.0,1.5
2025-09-18T11:00:00+08:00,673.6035,650.0,89.8138,25.0,1.5
2025-09-18T12:00:00+08:00,694.7317,650.0,92.6309,25.0,1.5
2025-09-18T13:00:00+08:00,668.8686,650.0,89.1825,25.0,1.5
2025-09-18T14:00:00+08:00,597.7768,650.0,79.7036,25.0,1.5
2025-09-18T15:00:00+08:00,486.3009,650.0,64.8401,25.0,1.5
2025-09-18T16:00:00+08:00,342.038,650.0,45.6051,25.0,1.5
2025-09-18T17:00:00+08:00,174.8192,650.0,23.3092,25.0,1.5
2025-09-18T18:00:00+08:00,0.0,0.0,0.0,25.0,1.5
2025-09-18T19:00:00+08:00,0.0,0.0,0.0,25.0,1.5
2025-09-18T20:00:00+08:00,0.0,0.0,0.0,25.0,1.5
2025-09-18T21:00:00+08:00,0.0,0.0,0.0,25.0,1.5
2025-09-18T22:00:00+08:00,0.0,0.0,0.0,25.0,1.5
2025-09-18T23:00:00+08:00,0.0,0.0,0.0,25.0,1.5
2025-09-19T00:00:00+08:00,0.0,0.0,0.0,25.0,1.5
2025-09-19T01:00:00+08:00,0.0,0.0,0.0,25.0,1.5
2025-09-19T02:00:00+08:00,0.0,0.0,0.0,25.0,1.5
2025-09-19T03:00:00+08:00,0.0,0.0,0.0,25.0,1.5
2025-09-19T04:00:00+08:00,0.0,0.0,0.0,25.0,1.5
2025-09-19T05:00:00+08:00,0.0,0.0,0.0,25.0,1.5
2025-09-19T06:00:00+08:00,12.261,650.0,1.6348,25.0,1.5
2025-09-19T07:00:00+08:00,190.4342,650.0,25.3912,25.0,1.5
2025-09-19T08:00:00+08:00,355.8418,650.0,47.4456,25.0,1.5
2025-09-19T09:00:00+08:00,497.2115,650.0,66.2949,25.0,1.5
2025-09-19T10:00:00+08:00,604.9093,650.0,80.6546,25.0,1.5
2025-09-19T11:00:00+08:00,671.5956,650.0,89.5461,25.0,1.5
2025-09-19T12:00:00+08:00,692.7259,650.0,92.3635,25.0,1.5
2025-09-19T13:00:00+08:00,666.8603,650.0,88.9147,25.0,1.5
2025-09-19T14:00:00+08:00,595.7613,650.0,79.4348,25.0,1.5
2025-09-19T15:00:00+08:00,484.2744,650.0,64.5699,25.0,1.5
2025-09-19T16:00:00+08:00,339.9972,650.0,45.333,25.0,1.5
2025-09-19T17:00:00+08:00,172.7618,650.0,23.0349,25.0,1.5
2025-09-19T18:00:00+08:00,0.0,0.0,0.0,25.0,1.5
2025-09-19T19:00:00+08:00,0.0,0.0,0.0,25.0,1.5
2025-09-19T20:00:00+08:00,0.0,0.0,0.0,25.0,1.5
2025-09-19T21:00:00+08:00,0.0,0.0,0.0,25.0,1.5
2025-09-19T22:00:00+08:00,0.0,0.0,0.0,25.0,1.5
2025-09-19T23:00:00+08:00,0.0,0.0,0.0,25.0,1.5
2025-09-20T00:00:00+08:00,0.0,0.0,0.0,25.0,1.5
2025-09-20T01:00:00+08:00,0.0,0.0,0.0,25.0,1.5
2025-09-20T02:00:00+08:00,0.0,0.0,0.0,25.0,1.5
2025-09-20T03:00:00+08:00,0.0,0.0,0.0,25.0,1.5
2025-09-20T04:00:00+08:00,0.0,0.0,0.0,25.0,1.5
2025-09-20T05:00:00+08:00,0.0,0.0,0.0,25.0,1.5
2025-09-20T06:00:00+08:00,10.1862,650.0,1.3582,25.0,1.5
2025-09-20T07:00:00+08:00,188.3682,650.0,25.1158,25.0,1.5
2025-09-20T08:00:00+08:00,353.784,650.0,47.1712,25.0,1.5
2025-09-20T09:00:00+08:00,495.1608,650.0,66.0214,25.0,1.5
2025-09-20T10:00:00+08:00,602.8638,650.0,80.3818,25.0,1.5
2025-09-20T11:00:00+08:00,669.5534,650.0,89.2738,25.0,1.5
2025-09-20T12:00:00+08:00,690.6848,650.0,92.0913,25.0,1.5
2025-09-20T13:00:00+08:00,664.8179,650.0,88.6424,25.0,1.5
2025-09-20T14:00:00+08:00,593.7155,650.0,79.1621,25.0,1.5
2025-09-20T15:00:00+08:00,482.223,650.0,64.2964,25.0,1.5
2025-09-20T16:00:00+08:00,337.9386,650.0,45.0585,25.0,1.5
2025-09-20T17:00:00+08:00,170.695,650.0,22.7593,25.0,1.5
2025-09-20T18:00:00+08:00,0.0,0.0,0.0,25.0,1.5
2025-09-20T19:00:00+08:00,0.0,0.0,0.0,25.0,1.5
2025-09-20T20:00:00+08:00,0.0,0.0,0.0,25.0,1.5
2025-09-20T21:00:00+08:00,0.0,0.0,0.0,25.0,1.5
2025-09-20T22:00:00+08:00,0.0,0.0,0.0,25.0,1.5
2025-09-20T23:00:00+08:00,0.0,0.0,0.0,25.0,1.5
2025-09-21T00:00:00+08:00,0.0,0.0,0.0,25.0,1.5
2025-09-21T01:00:00+08:00,0.0,0.0,0.0,25.0,1.5
2025-09-21T02:00:00+08:00,0.0,0.0,0.0,25.0,1.5
2025-09-21T03:00:00+08:00,0.0,0.0,0.0,25.0,1.5
2025-09-21T04:00:00+08:00,0.0,0.0,0.0,25.0,1.5
2025-09-21T05:00:00+08:00,0.0,0.0,0.0,25.0,1.5
2025-09-21T06:00:00+08:00,8.1105,650.0,1.0814,25.0,1.5
2025-09-21T07:00:00+08:00,186.2926,650.0,24.839,25.0,1.5
2025-09-21T08:00:00+08:00,351.7084,650.0,46.8945,25.0,1.5
2025-09-21T09:00:00+08:00,493.0851,650.0,65.7447,25.0,1.5
2025-09-21T10:00:00+08:00,600.7882,650.0,80.1051,25.0,1.5
2025-09-21T11:00:00+08:00,667.4778,650.0,88.997,25.0,1.5
2025-09-21T12:00:00+08:00,688.6092,650.0,91.8146,25.0,1.5
2025-09-21T13:00:00+08:00,662.7423,650.0,88.3656,25.0,1.5
2025-09-21T14:00:00+08:00,591.6398,650.0,78.8853,25.0,1.5
2025-09-21T15:00:00+08:00,480.1474,650.0,64.0197,25.0,1.5
2025-09-21T16:00:00+08:00,335.863,650.0,44.7817,25.0,1.5
2025-09-21T17:00:00+08:00,168.6193,650.0,22.4826,25.0,1.5
2025-09-21T18:00:00+08:00,0.0,0.0,0.0,25.0,1.5
2025-09-21T19:00:00+08:00,0.0,0.0,0.0,25.0,1.5
2025-09-21T20:00:00+08:00,0.0,0.0,0.0,25.0,1.5
2025-09-21T21:00:00+08:00,0.0,0.0,0.0,25.0,1.5
2025-09-21T22:00:00+08:00,0.0,0.0,0.0,25.0,1.5
2025-09-21T23:00:00+08:00,0.0,0.0,0.0,25.0,1.5
2025-09-22T00:00:00+08:00,0.0,0.0,0.0,25.0,1.5
2025-09-22T01:00:00+08:00,0.0,0.0,0.0,25.0,1.5
2025-09-22T02:00:00+08:00,0.0,0.0,0.0,25.0,1.5
2025-09-22T03:00:00+08:00,0.0,0.0,0.0,25.0,1.5
2025-09-22T04:00:00+08:00,0.0,0.0,0.0,25.0,1.5
2025-09-22T05:00:00+08:00,0.0,0.0,0.0,25.0,1.5
2025-09-22T06:00:00+08:00,6.0348,650.0,0.8046,25.0,1.5
2025-09-22T07:00:00+08:00,184.208,650.0,24.5611,25.0,1.5
2025-09-22T08:00:00+08:00,349.6156,650.0,46.6154,25.0,1.5
2025-09-22T09:00:00+08:00,490.9853,650.0,65.4647,25.0,1.5
2025-09-22T10:00:00+08:00,598.683,650.0,79.8244,25.0,1.5
2025-09-22T11:00:00+08:00,665.3693,650.0,88.7159,25.0,1.5
2025-09-22T12:00:00+08:00,686.4997,650.0,91.5333,25.0,1.5
2025-09-22T13:00:00+08:00,660.634,650.0,88.0845,25.0,1.5
2025-09-22T14:00:00+08:00,589.5351,650.0,78.6047,25.0,1.5
2025-09-22T15:00:00+08:00,478.0482,650.0,63.7398,25.0,1.5
2025-09-22T16:00:00+08:00,333.771,650.0,44.5028,25.0,1.5
2025-09-22T17:00:00+08:00,166.5356,650.0,22.2047,25.0,1.5
2025-09-22T18:00:00+08:00,0.0,0.0,0.0,25.0,1.5
2025-09-22T19:00:00+08:00,0.0,0.0,0.0,25.0,1.5
2025-09-22T20:00:00+08:00,0.0,0.0,0.0,25.0,1.5
2025-09-22T21:00:00+08:00,0.0,0.0,0.0,25.0,1.5
2025-09-22T22:00:00+08:00,0.0,0.0,0.0,25.0,1.5
2025-09-22T23:00:00+08:00,0.0,0.0,0.0,25.0,1.5
2025-09-23T00:00:00+08:00,0.0,0.0,0.0,25.0,1.5
2025-09-23T01:00:00+08:00,0.0,0.0,0.0,25.0,1.5
2025-09-23T02:00:00+08:00,0.0,0.0,0.0,25.0,1.5
2025-09-23T03:00:00+08:00,0.0,0.0,0.0,25.0,1.5
2025-09-23T04:00:00+08:00,0.0,0.0,0.0,25.0,1.5
2025-09-23T05:00:00+08:00,0.0,0.0,0.0,25.0,1.5
2025-09-23T06:00:00+08:00,3.9597,650.0,0.528,25.0,1.5
2025-09-23T07:00:00+08:00,182.1152,650.0,24.282,25.0,1.5
2025-09-23T08:00:00+08:00,347.5064,650.0,46.3342,25.0,1.5
2025-09-23T09:00:00+08:00,488.8621,650.0,65.1816,25.0,1.5
2025-09-23T10:00:00+08:00,596.5491,650.0,79.5399,25.0,1.5
2025-09-23T11:00:00+08:00,663.2288,650.0,88.4305,25.0,1.5
2025-09-23T12:00:00+08:00,684.357,650.0,91.2476,25.0,1.5
2025-09-23T13:00:00+08:00,658.494,650.0,87.7992,25.0,1.5
2025-09-23T14:00:00+08:00,587.4021,650.0,78.3203,25.0,1.5
2025-09-23T15:00:00+08:00,475.9263,650.0,63.4568,25.0,1.5
2025-09-23T16:00:00+08:00,331.6633,650.0,44.2218,25.0,1.5
2025-09-23T17:00:00+08:00,164.4446,650.0,21.9259,25.0,1.5
2025-09-23T18:00:00+08:00,0.0,0.0,0.0,25.0,1.5
2025-09-23T19:00:00+08:00,0.0,0.0,0.0,25.0,1.5
2025-09-23T20:00:00+08:00,0.0,0.0,0.0,25.0,1.5
2025-09-23T21:00:00+08:00,0.0,0.0,0.0,25.0,1.5
2025-09-23T22:00:00+08:00,0.0,0.0,0.0,25.0,1.5
2025-09-23T23:00:00+08:00,0.0,0.0,0.0,25.0,1.5
2025-09-24T00:00:00+08:00,0.0,0.0,0.0,25.0,1.5
2025-09-24T01:00:00+08:00,0.0,0.0,0.0,25.0,1.5
2025-09-24T02:00:00+08:00,0.0,0.0,0.0,25.0,1.5
2025-09-24T03:00:00+08:00,0.0,0.0,0.0,25.0,1.5
2025-09-24T04:00:00+08:00,0.0,0.0,0.0,25.0,1.5
2025-09-24T05:00:00+08:00,0.0,0.0,0.0,25.0,1.5
2025-09-24T06:00:00+08:00,1.8859,650.0,0.2515,25.0,1.5
2025-09-24T07:00:00+08:00,180.0149,650.0,24.002,25.0,1.5
2025-09-24T08:00:00+08:00,345.3815,650.0,46.0509,25.0,1.5
2025-09-24T09:00:00+08:00,486.7162,650.0,64.8955,25.0,1.5
2025-09-24T10:00:00+08:00,594.3872,650.0,79.2516,25.0,1.5
2025-09-24T11:00:00+08:00,661.057,650.0,88.1409,25.0,1.5
2025-09-24T12:00:00+08:00,682.1821,650.0,90.9576,25.0,1.5
2025-09-24T13:00:00+08:00,656.3229,650.0,87.5097,25.0,1.5
2025-09-24T14:00:00+08:00,585.2416,650.0,78.0322,25.0,1.5
2025-09-24T15:00:00+08:00,473.7823,650.0,63.171,25.0,1.5
2025-09-24T16:00:00+08:00,329.5408,650.0,43.9388,25.0,1.5
2025-09-24T17:00:00+08:00,162.3469,650.0,21.6463,25.0,1.5
2025-09-24T18:00:00+08:00,0.0,0.0,0.0,25.0,1.5
2025-09-24T19:00:00+08:00,0.0,0.0,0.0,25.0,1.5
2025-09-24T20:00:00+08:00,0.0,0.0,0.0,25.0,1.5
2025-09-24T21:00:00+08:00,0.0,0.0,0.0,25.0,1.5
2025-09-24T22:00:00+08:00,0.0,0.0,0.0,25.0,1.5
2025-09-24T23:00:00+08:00,0.0,0.0,0.0,25.0,1.5
2025-09-25T00:00:00+08:00,0.0,0.0,0.0,25.0,1.5
2025-09-25T01:00:00+08:00,0.0,0.0,0.0,25.0,1.5
2025-09-25T02:00:00+08:00,0.0,0.0,0.0,25.0,1.5
2025-09-25T03:00:00+08:00,0.0,0.0,0.0,25.0,1.5
2025-09-25T04:00:00+08:00,0.0,0.0,0.0,25.0,1.5
2025-09-25T05:00:00+08:00,0.0,0.0,0.0,25.0,1.5
2025-09-25T06:00:00+08:00,0.0,0.0,0.0,25.0,1.5
2025-09-25T07:00:00+08:00,177.908,650.0,23.7211,25.0,1.5
2025-09-25T08:00:00+08:00,343.2418,650.0,45.7656,25.0,1.5
2025-09-25T09:00:00+08:00,484.5485,650.0,64.6065,25.0,1.5
2025-09-25T10:00:00+08:00,592.1982,650.0,78.9598,25.0,1.5
2025-09-25T11:00:00+08:00,658.8548,650.0,87.8473,25.0,1.5
2025-09-25T12:00:00+08:00,679.9757,650.0,90.6634,25.0,1.5
2025-09-25T13:00:00+08:00,654.1216,650.0,87.2162,25.0,1.5
2025-09-25T14:00:00+08:00,583.0544,650.0,77.7406,25.0,1.5
2025-09-25T15:00:00+08:00,471.6172,650.0,62.8823,25.0,1.5
2025-09-25T16:00:00+08:00,327.4042,650.0,43.6539,25.0,1.5
2025-09-25T17:00:00+08:00,160.2434,650.0,21.3658,25.0,1.5
2025-09-25T18:00:00+08:00,0.0,0.0,0.0,25.0,1.5
2025-09-25T19:00:00+08:00,0.0,0.0,0.0,25.0,1.5
2025-09-25T20:00:00+08:00,0.0,0.0,0.0,25.0,1.5
2025-09-25T21:00:00+08:00,0.0,0.0,0.0,25.0,1.5
2025-09-25T22:00:00+08:00,0.0,0.0,0.0,25.0,1.5
2025-09-25T23:00:00+08:00,0.0,0.0,0.0,25.0,1.5
2025-09-26T00:00:00+08:00,0.0,0.0,0.0,25.0,1.5
2025-09-26T01:00:00+08:00,0.0,0.0,0.0,25.0,1.5
2025-09-26T02:00:00+08:00,0.0,0.0,0.0,25.0,1.5
2025-09-26T03:00:00+08:00,0.0,0.0,0.0,25.0,1.5
2025-09-26T04:00:00+08:00,0.0,0.0,0.0,25.0,1.5
2025-09-26T05:00:00+08:00,0.0,0.0,0.0,25.0,1.5
2025-09-26T06:00:00+08:00,0.0,0.0,0.0,25.0,1.5
2025-09-26T07:00:00+08:00,175.795,650.0,23.4393,25.0,1.5
2025-09-26T08:00:00+08:00,341.088,650.0,45.4784,25.0,1.5
2025-09-26T09:00:00+08:00,482.3598,650.0,64.3146,25.0,1.5
2025-09-26T10:00:00+08:00,589.983,650.0,78.6644,25.0,1.5
2025-09-26T11:00:00+08:00,656.6231,650.0,87.5497,25.0,1.5
2025-09-26T12:00:00+08:00,677.7388,650.0,90.3652,25.0,1.5
2025-09-26T13:00:00+08:00,651.891,650.0,86.9188,25.0,1.5
2025-09-26T14:00:00+08:00,580.8414,650.0,77.4455,25.0,1.5
2025-09-26T15:00:00+08:00,469.4317,650.0,62.5909,25.0,1.5
2025-09-26T16:00:00+08:00,325.2544,650.0,43.3672,25.0,1.5
2025-09-26T17:00:00+08:00,158.1349,650.0,21.0846,25.0,1.5
2025-09-26T18:00:00+08:00,0.0,0.0,0.0,25.0,1.5
2025-09-26T19:00:00+08:00,0.0,0.0,0.0,25.0,1.5
2025-09-26T20:00:00+08:00,0.0,0.0,0.0,25.0,1.5
2025-09-26T21:00:00+08:00,0.0,0.0,0.0,25.0,1.5
2025-09-26T22:00:00+08:00,0.0,0.0,0.0,25.0,1.5
2025-09-26T23:00:00+08:00,0.0,0.0,0.0,25.0,1.5
2025-09-27T00:00:00+08:00,0.0,0.0,0.0,25.0,1.5
2025-09-27T01:00:00+08:00,0.0,0.0,0.0,25.0,1.5
2025-09-27T02:00:00+08:00,0.0,0.0,0.0,25.0,1.5
2025-09-27T03:00:00+08:00,0.0,0.0,0.0,25.0,1.5
2025-09-27T04:00:00+08:00,0.0,0.0,0.0,25.0,1.5
2025-09-27T05:00:00+08:00,0.0,0.0,0.0,25.0,1.5
2025-09-27T06:00:00+08:00,0.0,0.0,0.0,25.0,1.5
2025-09-27T07:00:00+08:00,173.6769,650.0,23.1569,25.0,1.5
2025-09-27T08:00:00+08:00,338.921,650.0,45.1895,25.0,1.5
2025-09-27T09:00:00+08:00,480.151,650.0,64.0201,25.0,1.5
2025-09-27T10:00:00+08:00,587.7423,650.0,78.3656,25.0,1.5
2025-09-27T11:00:00+08:00,654.3627,650.0,87.2484,25.0,1.5
2025-09-27T12:00:00+08:00,675.4721,650.0,90.063,25.0,1.5
2025-09-27T13:00:00+08:00,649.6321,650.0,86.6176,25.0,1.5
2025-09-27T14:00:00+08:00,578.6034,650.0,77.1471,25.0,1.5
2025-09-27T15:00:00+08:00,467.2267,650.0,62.2969,25.0,1.5
2025-09-27T16:00:00+08:00,323.092,650.0,43.0789,25.0,1.5
2025-09-27T17:00:00+08:00,156.022,650.0,20.8029,25.0,1.5
2025-09-27T18:00:00+08:00,0.0,0.0,0.0,25.0,1.5
2025-09-27T19:00:00+08:00,0.0,0.0,0.0,25.0,1.5
2025-09-27T20:00:00+08:00,0.0,0.0,0.0,25.0,1.5
2025-09-27T21:00:00+08:00,0.0,0.0,0.0,25.0,1.5
2025-09-27T22:00:00+08:00,0.0,0.0,0.0,25.0,1.5
2025-09-27T23:00:00+08:00,0.0,0.0,0.0,25.0,1.5
2025-09-28T00:00:00+08:00,0.0,0.0,0.0,25.0,1.5
2025-09-28T01:00:00+08:00,0.0,0.0,0.0,25.0,1.5
2025-09-28T02:00:00+08:00,0.0,0.0,0.0,25.0,1.5
2025-09-28T03:00:00+08:00,0.0,0.0,0.0,25.0,1.5
2025-09-28T04:00:00+08:00,0.0,0.0,0.0,25.0,1.5
2025-09-28T05:00:00+08:00,0.0,0.0,0.0,25.0,1.5
2025-09-28T06:00:00+08:00,0.0,0.0,0.0,25.0,1.5
2025-09-28T07:00:00+08:00,171.5543,650.0,22.8739,25.0,1.5
2025-09-28T08:00:00+08:00,336.7416,650.0,44.8989,25.0,1.5
2025-09-28T09:00:00+08:00,477.9229,650.0,63.7231,25.0,1.5
2025-09-28T10:00:00+08:00,585.4772,650.0,78.0636,25.0,1.5
2025-09-28T11:00:00+08:00,652.0746,650.0,86.9433,25.0,1.5
2025-09-28T12:00:00+08:00,673.1768,650.0,89.7569,25.0,1.5
2025-09-28T13:00:00+08:00,647.3456,650.0,86.3128,25.0,1.5
2025-09-28T14:00:00+08:00,576.3415,650.0,76.8455,25.0,1.5
2025-09-28T15:00:00+08:00,465.0031,650.0,62.0004,25.0,1.5
2025-09-28T16:00:00+08:00,320.918,650.0,42.7891,25.0,1.5
2025-09-28T17:00:00+08:00,153.9055,650.0,20.5207,25.0,1.5
2025-09-28T18:00:00+08:00,0.0,0.0,0.0,25.0,1.5
2025-09-28T19:00:00+08:00,0.0,0.0,0.0,25.0,1.5
2025-09-28T20:00:00+08:00,0.0,0.0,0.0,25.0,1.5
2025-09-28T21:00:00+08:00,0.0,0.0,0.0,25.0,1.5
2025-09-28T22:00:00+08:00,0.0,0.0,0.0,25.0,1.5
2025-09-28T23:00:00+08:00,0.0,0.0,0.0,25.0,1.5
2025-09-29T00:00:00+08:00,0.0,0.0,0.0,25.0,1.5
2025-09-29T01:00:00+08:00,0.0,0.0,0.0,25.0,1.5
2025-09-29T02:00:00+08:00,0.0,0.0,0.0,25.0,1.5
2025-09-29T03:00:00+08:00,0.0,0.0,0.0,25.0,1.5
2025-09-29T04:00:00+08:00,0.0,0.0,0.0,25.0,1.5
2025-09-29T05:00:00+08:00,0.0,0.0,0.0,25.0,1.5
2025-09-29T06:00:00+08:00,0.0,0.0,0.0,25.0,1.5
2025-09-29T07:00:00+08:00,169.4282,650.0,22.5904,25.0,1.5
2025-09-29T08:00:00+08:00,334.5506,650.0,44.6067,25.0,1.5
2025-09-29T09:00:00+08:00,475.6766,650.0,63.4235,25.0,1.5
2025-09-29T10:00:00+08:00,583.1886,650.0,77.7585,25.0,1.5
2025-09-29T11:00:00+08:00,649.7599,650.0,86.6347,25.0,1.5
2025-09-29T12:00:00+08:00,670.8538,650.0,89.4472,25.0,1.5
2025-09-29T13:00:00+08:00,645.0328,650.0,86.0044,25.0,1.5
2025-09-29T14:00:00+08:00,574.0564,650.0,76.5409,25.0,1.5
2025-09-29T15:00:00+08:00,462.7618,650.0,61.7016,25.0,1.5
2025-09-29T16:00:00+08:00,318.7333,650.0,42.4978,25.0,1.5
2025-09-29T17:00:00+08:00,151.7863,650.0,20.2382,25.0,1.5
2025-09-29T18:00:00+08:00,0.0,0.0,0.0,25.0,1.5
2025-09-29T19:00:00+08:00,0.0,0.0,0.0,25.0,1.5
2025-09-29T20:00:00+08:00,0.0,0.0,0.0,25.0,1.5
2025-09-29T21:00:00+08:00,0.0,0.0,0.0,25.0,1.5
2025-09-29T22:00:00+08:00,0.0,0.0,0.0,25.0,1.5
2025-09-29T23:00:00+08:00,0.0,0.0,0.0,25.0,1.5
2025-09-30T00:00:00+08:00,0.0,0.0,0.0,25.0,1.5
2025-09-30T01:00:00+08:00,0.0,0.0,0.0,25.0,1.5
2025-09-30T02:00:00+08:00,0.0,0.0,0.0,25.0,1.5
2025-09-30T03:00:00+08:00,0.0,0.0,0.0,25.0,1.5
2025-09-30T04:00:00+08:00,0.0,0.0,0.0,25.0,1.5
2025-09-30T05:00:00+08:00,0.0,0.0,0.0,25.0,1.5
2025-09-30T06:00:00+08:00,0.0,0.0,0.0,25.0,1.5
2025-09-30T07:00:00+08:00,167.2992,650.0,22.3066,25.0,1.5
2025-09-30T08:00:00+08:00,332.3489,650.0,44.3132,25.0,1.5
2025-09-30T09:00:00+08:00,473.4128,650.0,63.1217,25.0,1.5
2025-09-30T10:00:00+08:00,580.8775,650.0,77.4503,25.0,1.5
2025-09-30T11:00:00+08:00,647.4195,650.0,86.3226,25.0,1.5
2025-09-30T12:00:00+08:00,668.5041,650.0,89.1339,25.0,1.5
2025-09-30T13:00:00+08:00,642.6945,650.0,85.6926,25.0,1.5
2025-09-30T14:00:00+08:00,571.7494,650.0,76.2332,25.0,1.5
2025-09-30T15:00:00+08:00,460.5037,650.0,61.4005,25.0,1.5
2025-09-30T16:00:00+08:00,316.5386,650.0,42.2051,25.0,1.5
2025-09-30T17:00:00+08:00,149.665,650.0,19.9553,25.0,1.5
2025-09-30T18:00:00+08:00,0.0,0.0,0.0,25.0,1.5
2025-09-30T19:00:00+08:00,0.0,0.0,0.0,25.0,1.5
2025-09-30T20:00:00+08:00,0.0,0.0,0.0,25.0,1.5
2025-09-30T21:00:00+08:00,0.0,0.0,0.0,25.0,1.5
2025-09-30T22:00:00+08:00,0.0,0.0,0.0,25.0,1.5
2025-09-30T23:00:00+08:00,0.0,0.0,0.0,25.0,1.5
2025-10-01T00:00:00+08:00,0.0,0.0,0.0,25.0,1.5
2025-10-01T01:00:00+08:00,0.0,0.0,0.0,25.0,1.5
2025-10-01T02:00:00+08:00,0.0,0.0,0.0,25.0,1.5
2025-10-01T03:00:00+08:00,0.0,0.0,0.0,25.0,1.5
2025-10-01T04:00:00+08:00,0.0,0.0,0.0,25.0,1.5
2025-10-01T05:00:00+08:00,0.0,0.0,0.0,25.0,1.5
2025-10-01T06:00:00+08:00,0.0,0.0,0.0,25.0,1.5
2025-10-01T07:00:00+08:00,165.1682,650.0,22.0224,25.0,1.5
2025-10-01T08:00:00+08:00,330.1375,650.0,44.0183,25.0,1.5
2025-10-01T09:00:00+08:00,471.1326,650.0,62.8177,25.0,1.5
2025-10-01T10:00:00+08:00,578.5449,650.0,77.1393,25.0,1.5
2025-10-01T11:00:00+08:00,645.0545,650.0,86.0073,25.0,1.5
2025-10-01T12:00:00+08:00,666.1289,650.0,88.8172,25.0,1.5
2025-10-01T13:00:00+08:00,640.3318,650.0,85.3776,25.0,1.5
2025-10-01T14:00:00+08:00,569.4213,650.0,75.9228,25.0,1.5
2025-10-01T15:00:00+08:00,458.2298,650.0,61.0973,25.0,1.5
2025-10-01T16:00:00+08:00,314.3348,650.0,41.9113,25.0,1.5
2025-10-01T17:00:00+08:00,147.5426,650.0,19.6723,25.0,1.5
2025-10-01T18:00:00+08:00,0.0,0.0,0.0,25.0,1.5
2025-10-01T19:00:00+08:00,0.0,0.0,0.0,25.0,1.5
2025-10-01T20:00:00+08:00,0.0,0.0,0.0,25.0,1.5
2025-10-01T21:00:00+08:00,0.0,0.0,0.0,25.0,1.5
2025-10-01T22:00:00+08:00,0.0,0.0,0.0,25.0,1.5
2025-10-01T23:00:00+08:00,0.0,0.0,0.0,25.0,1.5
2025-10-02T00:00:00+08:00,0.0,0.0,0.0,25.0,1.5
2025-10-02T01:00:00+08:00,0.0,0.0,0.0,25.0,1.5
2025-10-02T02:00:00+08:00,0.0,0.0,0.0,25.0,1.5
2025-10-02T03:00:00+08:00,0.0,0.0,0.0,25.0,1.5
2025-10-02T04:00:00+08:00,0.0,0.0,0.0,25.0,1.5
2025-10-02T05:00:00+08:00,0.0,0.0,0.0,25.0,1.5
2025-10-02T06:00:00+08:00,0.0,0.0,0.0,25.0,1.5
2025-10-02T07:00:00+08:00,163.0359,650.0,21.7381,25.0,1.5
2025-10-02T08:00:00+08:00,327.9171,650.0,43.7223,25.0,1.5
2025-10-02T09:00:00+08:00,468.8369,650.0,62.5116,25.0,1.5
2025-10-02T10:00:00+08:00,576.1919,650.0,76.8256,25.0,1.5
2025-10-02T11:00:00+08:00,642.666,650.0,85.6888,25.0,1.5
2025-10-02T12:00:00+08:00,663.7291,650.0,88.4972,25.0,1.5
2025-10-02T13:00:00+08:00,637.9458,650.0,85.0594,25.0,1.5
2025-10-02T14:00:00+08:00,567.0731,650.0,75.6098,25.0,1.5
2025-10-02T15:00:00+08:00,455.941,650.0,60.7921,25.0,1.5
2025-10-02T16:00:00+08:00,312.1229,650.0,41.6164,25.0,1.5
2025-10-02T17:00:00+08:00,145.4197,650.0,19.3893,25.0,1.5
2025-10-02T18:00:00+08:00,0.0,0.0,0.0,25.0,1.5
2025-10-02T19:00:00+08:00,0.0,0.0,0.0,25.0,1.5
2025-10-02T20:00:00+08:00,0.0,0.0,0.0,25.0,1.5
2025-10-02T21:00:00+08:00,0.0,0.0,0.0,25.0,1.5
2025-10-02T22:00:00+08:00,0.0,0.0,0.0,25.0,1.5
2025-10-02T23:00:00+08:00,0.0,0.0,0.0,25.0,1.5
2025-10-03T00:00:00+08:00,0.0,0.0,0.0,25.0,1.5
2025-10-03T01:00:00+08:00,0.0,0.0,0.0,25.0,1.5
2025-10-03T02:00:00+08:00,0.0,0.0,0.0,25.0,1.5
2025-10-03T03:00:00+08:00,0.0,0.0,0.0,25.0,1.5
2025-10-03T04:00:00+08:00,0.0,0.0,0.0,25.0,1.5
2025-10-03T05:00:00+08:00,0.0,0.0,0.0,25.0,1.5
2025-10-03T06:00:00+08:00,0.0,0.0,0.0,25.0,1.5
2025-10-03T07:00:00+08:00,160.9032,650.0,21.4538,25.0,1.5
2025-10-03T08:00:00+08:00,325.6888,650.0,43.4252,25.0,1.5
2025-10-03T09:00:00+08:00,466.5269,650.0,62.2036,25.0,1.5
2025-10-03T10:00:00+08:00,573.8196,650.0,76.5093,25.0,1.5
2025-10-03T11:00:00+08:00,640.2552,650.0,85.3674,25.0,1.5
2025-10-03T12:00:00+08:00,661.306,650.0,88.1741,25.0,1.5
2025-10-03T13:00:00+08:00,635.5377,650.0,84.7384,25.0,1.5
2025-10-03T14:00:00+08:00,564.7061,650.0,75.2941,25.0,1.5
2025-10-03T15:00:00+08:00,453.6385,650.0,60.4851,25.0,1.5
2025-10-03T16:00:00+08:00,309.9037,650.0,41.3205,25.0,1.5
2025-10-03T17:00:00+08:00,143.2973,650.0,19.1063,25.0,1.5
2025-10-03T18:00:00+08:00,0.0,0.0,0.0,25.0,1.5
2025-10-03T19:00:00+08:00,0.0,0.0,0.0,25.0,1.5
2025-10-03T20:00:00+08:00,0.0,0.0,0.0,25.0,1.5
2025-10-03T21:00:00+08:00,0.0,0.0,0.0,25.0,1.5
2025-10-03T22:00:00+08:00,0.0,0.0,0.0,25.0,1.5
2025-10-03T23:00:00+08:00,0.0,0.0,0.0,25.0,1.5
2025-10-04T00:00:00+08:00,0.0,0.0,0.0,25.0,1.5
2025-10-04T01:00:00+08:00,0.0,0.0,0.0,25.0,1.5
2025-10-04T02:00:00+08:00,0.0,0.0,0.0,25.0,1.5
2025-10-04T03:00:00+08:00,0.0,0.0,0.0,25.0,1.5
2025-10-04T04:00:00+08:00,0.0,0.0,0.0,25.0,1.5
2025-10-04T05:00:00+08:00,0.0,0.0,0.0,25.0,1.5
2025-10-04T06:00:00+08:00,0.0,0.0,0.0,25.0,1.5
2025-10-04T07:00:00+08:00,158.7709,650.0,21.1695,25.0,1.5
2025-10-04T08:00:00+08:00,323.4535,650.0,43.1271,25.0,1.5
2025-10-04T09:00:00+08:00,464.2035,650.0,61.8938,25.0,1.5
2025-10-04T10:00:00+08:00,571.4291,650.0,76.1905,25.0,1.5
2025-10-04T11:00:00+08:00,637.8231,650.0,85.0431,25.0,1.5
2025-10-04T12:00:00+08:00,658.8608,650.0,87.8481,25.0,1.5
2025-10-04T13:00:00+08:00,633.1085,650.0,84.4145,25.0,1.5
2025-10-04T14:00:00+08:00,562.3213,650.0,74.9762,25.0,1.5
2025-10-04T15:00:00+08:00,451.3231,650.0,60.1764,25.0,1.5
2025-10-04T16:00:00+08:00,307.6783,650.0,41.0238,25.0,1.5
2025-10-04T17:00:00+08:00,141.176,650.0,18.8235,25.0,1.5
2025-10-04T18:00:00+08:00,0.0,0.0,0.0,25.0,1.5
2025-10-04T19:00:00+08:00,0.0,0.0,0.0,25.0,1.5
2025-10-04T20:00:00+08:00,0.0,0.0,0.0,25.0,1.5
2025-10-04T21:00:00+08:00,0.0,0.0,0.0,25.0,1.5
2025-10-04T22:00:00+08:00,0.0,0.0,0.0,25.0,1.5
2025-10-04T23:00:00+08:00,0.0,0.0,0.0,25.0,1.5
2025-10-05T00:00:00+08:00,0.0,0.0,0.0,25.0,1.5
2025-10-05T01:00:00+08:00,0.0,0.0,0.0,25.0,1.5
2025-10-05T02:00:00+08:00,0.0,0.0,0.0,25.0,1.5
2025-10-05T03:00:00+08:00,0.0,0.0,0.0,25.0,1.5
2025-10-05T04:00:00+08:00,0.0,0.0,0.0,25.0,1.5
2025-10-05T05:00:00+08:00,0.0,0.0,0.0,25.0,1.5
2025-10-05T06:00:00+08:00,0.0,0.0,0.0,25.0,1.5
2025-10-05T07:00:00+08:00,156.6399,650.0,20.8853,25.0,1.5
2025-10-05T08:00:00+08:00,321.212,650.0,42.8283,25.0,1.5
2025-10-05T09:00:00+08:00,461.8677,650.0,61.5824,25.0,1.5
2025-10-05T10:00:00+08:00,569.0215,650.0,75.8695,25.0,1.5
2025-10-05T11:00:00+08:00,635.371,650.0,84.7161,25.0,1.5
2025-10-05T12:00:00+08:00,656.3946,650.0,87.5193,25.0,1.5
2025-10-05T13:00:00+08:00,630.6596,650.0,84.0879,25.0,1.5
2025-10-05T14:00:00+08:00,559.9198,650.0,74.656,25.0,1.5
2025-10-05T15:00:00+08:00,448.996,650.0,59.8661,25.0,1.5
2025-10-05T16:00:00+08:00,305.4474,650.0,40.7263,25.0,1.5
2025-10-05T17:00:00+08:00,139.0568,650.0,18.5409,25.0,1.5
2025-10-05T18:00:00+08:00,0.0,0.0,0.0,25.0,1.5
2025-10-05T19:00:00+08:00,0.0,0.0,0.0,25.0,1.5
2025-10-05T20:00:00+08:00,0.0,0.0,0.0,25.0,1.5
2025-10-05T21:00:00+08:00,0.0,0.0,0.0,25.0,1.5
2025-10-05T22:00:00+08:00,0.0,0.0,0.0,25.0,1.5
2025-10-05T23:00:00+08:00,0.0,0.0,0.0,25.0,1.5
2025-10-06T00:00:00+08:00,0.0,0.0,0.0,25.0,1.5
2025-10-06T01:00:00+08:00,0.0,0.0,0.0,25.0,1.5
2025-10-06T02:00:00+08:00,0.0,0.0,0.0,25.0,1.5
2025-10-06T03:00:00+08:00,0.0,0.0,0.0,25.0,1.5
2025-10-06T04:00:00+08:00,0.0,0.0,0.0,25.0,1.5
2025-10-06T05:00:00+08:00,0.0,0.0,0.0,25.0,1.5
2025-10-06T06:00:00+08:00,0.0,0.0,0.0,25.0,1.5
2025-10-06T07:00:00+08:00,154.5109,650.0,20.6015,25.0,1.5
2025-10-06T08:00:00+08:00,318.9655,650.0,42.5287,25.0,1.5
2025-10-06T09:00:00+08:00,459.5207,650.0,61.2694,25.0,1.5
2025-10-06T10:00:00+08:00,566.5979,650.0,75.5464,25.0,1.5
2025-10-06T11:00:00+08:00,632.9,650.0,84.3867,25.0,1.5
2025-10-06T12:00:00+08:00,653.9086,650.0,87.1878,25.0,1.5
2025-10-06T13:00:00+08:00,628.192,650.0,83.7589,25.0,1.5
2025-10-06T14:00:00+08:00,557.5027,650.0,74.3337,25.0,1.5
2025-10-06T15:00:00+08:00,446.6581,650.0,59.5544,25.0,1.5
2025-10-06T16:00:00+08:00,303.2121,650.0,40.4283,25.0,1.5
2025-10-06T17:00:00+08:00,136.9403,650.0,18.2587,25.0,1.5
2025-10-06T18:00:00+08:00,0.0,0.0,0.0,25.0,1.5
2025-10-06T19:00:00+08:00,0.0,0.0,0.0,25.0,1.5
2025-10-06T20:00:00+08:00,0.0,0.0,0.0,25.0,1.5
2025-10-06T21:00:00+08:00,0.0,0.0,0.0,25.0,1.5
2025-10-06T22:00:00+08:00,0.0,0.0,0.0,25.0,1.5
2025-10-06T23:00:00+08:00,0.0,0.0,0.0,25.0,1.5
2025-10-07T00:00:00+08:00,0.0,0.0,0.0,25.0,1.5
2025-10-07T01:00:00+08:00,0.0,0.0,0.0,25.0,1.5
2025-10-07T02:00:00+08:00,0.0,0.0,0.0,25.0,1.5
2025-10-07T03:00:00+08:00,0.0,0.0,0.0,25.0,1.5
2025-10-07T04:00:00+08:00,0.0,0.0,0.0,25.0,1.5
2025-10-07T05:00:00+08:00,0.0,0.0,0.0,25.0,1.5
2025-10-07T06:00:00+08:00,0.0,0.0,0.0,25.0,1.5
2025-10-07T07:00:00+08:00,152.3848,650.0,20.318,25.0,1.5
2025-10-07T08:00:00+08:00,316.7148,650.0,42.2286,25.0,1.5
2025-10-07T09:00:00+08:00,457.1635,650.0,60.9551,25.0,1.5
2025-10-07T10:00:00+08:00,564.1597,650.0,75.2213,25.0,1.5
2025-10-07T11:00:00+08:00,630.4115,650.0,84.0549,25.0,1.5
2025-10-07T12:00:00+08:00,651.4042,650.0,86.8539,25.0,1.5
2025-10-07T13:00:00+08:00,625.7071,650.0,83.4276,25.0,1.5
2025-10-07T14:00:00+08:00,555.0714,650.0,74.0095,25.0,1.5
2025-10-07T15:00:00+08:00,444.3107,650.0,59.2414,25.0,1.5
2025-10-07T16:00:00+08:00,300.9734,650.0,40.1298,25.0,1.5
2025-10-07T17:00:00+08:00,134.8275,650.0,17.977,25.0,1.5
2025-10-07T18:00:00+08:00,0.0,0.0,0.0,25.0,1.5
2025-10-07T19:00:00+08:00,0.0,0.0,0.0,25.0,1.5
2025-10-07T20:00:00+08:00,0.0,0.0,0.0,25.0,1.5
2025-10-07T21:00:00+08:00,0.0,0.0,0.0,25.0,1.5
2025-10-07T22:00:00+08:00,0.0,0.0,0.0,25.0,1.5
2025-10-07T23:00:00+08:00,0.0,0.0,0.0,25.0,1.5
2025-10-08T00:00:00+08:00,0.0,0.0,0.0,25.0,1.5
2025-10-08T01:00:00+08:00,0.0,0.0,0.0,25.0,1.5
2025-10-08T02:00:00+08:00,0.0,0.0,0.0,25.0,1.5
2025-10-08T03:00:00+08:00,0.0,0.0,0.0,25.0,1.5
2025-10-08T04:00:00+08:00,0.0,0.0,0.0,25.0,1.5
2025-10-08T05:00:00+08:00,0.0,0.0,0.0,25.0,1.5
2025-10-08T06:00:00+08:00,0.0,0.0,0.0,25.0,1.5
2025-10-08T07:00:00+08:00,150.2623,650.0,20.035,25.0,1.5
2025-10-08T08:00:00+08:00,314.4609,650.0,41.9281,25.0,1.5
2025-10-08T09:00:00+08:00,454.7973,650.0,60.6396,25.0,1.5
2025-10-08T10:00:00+08:00,561.7079,650.0,74.8944,25.0,1.5
2025-10-08T11:00:00+08:00,627.9068,650.0,83.7209,25.0,1.5
2025-10-08T12:00:00+08:00,648.8827,650.0,86.5177,25.0,1.5
2025-10-08T13:00:00+08:00,623.2061,650.0,83.0941,25.0,1.5
2025-10-08T14:00:00+08:00,552.6268,650.0,73.6836,25.0,1.5
2025-10-08T15:00:00+08:00,441.9548,650.0,58.9273,25.0,1.5
2025-10-08T16:00:00+08:00,298.7321,650.0,39.8309,25.0,1.5
2025-10-08T17:00:00+08:00,132.7191,650.0,17.6959,25.0,1.5
2025-10-08T18:00:00+08:00,0.0,0.0,0.0,25.0,1.5
2025-10-08T19:00:00+08:00,0.0,0.0,0.0,25.0,1.5
2025-10-08T20:00:00+08:00,0.0,0.0,0.0,25.0,1.5
2025-10-08T21:00:00+08:00,0.0,0.0,0.0,25.0,1.5
2025-10-08T22:00:00+08:00,0.0,0.0,0.0,25.0,1.5
2025-10-08T23:00:00+08:00,0.0,0.0,0.0,25.0,1.5
2025-10-09T00:00:00+08:00,0.0,0.0,0.0,25.0,1.5
2025-10-09T01:00:00+08:00,0.0,0.0,0.0,25.0,1.5
2025-10-09T02:00:00+08:00,0.0,0.0,0.0,25.0,1.5
2025-10-09T03:00:00+08:00,0.0,0.0,0.0,25.0,1.5
2025-10-09T04:00:00+08:00,0.0,0.0,0.0,25.0,1.5
2025-10-09T05:00:00+08:00,0.0,0.0,0.0,25.0,1.5
2025-10-09T06:00:00+08:00,0.0,0.0,0.0,25.0,1.5
2025-10-09T07:00:00+08:00,148.1445,650.0,19.7526,25.0,1.5
2025-10-09T08:00:00+08:00,312.2049,650.0,41.6273,25.0,1.5
2025-10-09T09:00:00+08:00,452.4232,650.0,60.3231,25.0,1.5
2025-10-09T10:00:00+08:00,559.2438,650.0,74.5658,25.0,1.5
2025-10-09T11:00:00+08:00,625.387,650.0,83.3849,25.0,1.5
2025-10-09T12:00:00+08:00,646.3452,650.0,86.1794,25.0,1.5
2025-10-09T13:00:00+08:00,620.6903,650.0,82.7587,25.0,1.5
2025-10-09T14:00:00+08:00,550.1704,650.0,73.3561,25.0,1.5
2025-10-09T15:00:00+08:00,439.5915,650.0,58.6122,25.0,1.5
2025-10-09T16:00:00+08:00,296.4893,650.0,39.5319,25.0,1.5
2025-10-09T17:00:00+08:00,130.616,650.0,17.4155,25.0,1.5
2025-10-09T18:00:00+08:00,0.0,0.0,0.0,25.0,1.5
2025-10-09T19:00:00+08:00,0.0,0.0,0.0,25.0,1.5
2025-10-09T20:00:00+08:00,0.0,0.0,0.0,25.0,1.5
2025-10-09T21:00:00+08:00,0.0,0.0,0.0,25.0,1.5
2025-10-09T22:00:00+08:00,0.0,0.0,0.0,25.0,1.5
2025-10-09T23:00:00+08:00,0.0,0.0,0.0,25.0,1.5
2025-10-10T00:00:00+08:00,0.0,0.0,0.0,25.0,1.5
2025-10-10T01:00:00+08:00,0.0,0.0,0.0,25.0,1.5
2025-10-10T02:00:00+08:00,0.0,0.0,0.0,25.0,1.5
2025-10-10T03:00:00+08:00,0.0,0.0,0.0,25.0,1.5
2025-10-10T04:00:00+08:00,0.0,0.0,0.0,25.0,1.5
2025-10-10T05:00:00+08:00,0.0,0.0,0.0,25.0,1.5
2025-10-10T06:00:00+08:00,0.0,0.0,0.0,25.0,1.5
2025-10-10T07:00:00+08:00,146.0319,650.0,19.4709,25.0,1.5
2025-10-10T08:00:00+08:00,309.9477,650.0,41.3264,25.0,1.5
2025-10-10T09:00:00+08:00,450.0424,650.0,60.0056,25.0,1.5
2025-10-10T10:00:00+08:00,556.7687,650.0,74.2358,25.0,1.5
2025-10-10T11:00:00+08:00,622.8536,650.0,83.0471,25.0,1.5
2025-10-10T12:00:00+08:00,643.7933,650.0,85.8391,25.0,1.5
2025-10-10T13:00:00+08:00,618.161,650.0,82.4215,25.0,1.5
2025-10-10T14:00:00+08:00,547.7033,650.0,73.0271,25.0,1.5
2025-10-10T15:00:00+08:00,437.222,650.0,58.2963,25.0,1.5
2025-10-10T16:00:00+08:00,294.246,650.0,39.2328,25.0,1.5
2025-10-10T17:00:00+08:00,128.5189,650.0,17.1359,25.0,1.5
2025-10-10T18:00:00+08:00,0.0,0.0,0.0,25.0,1.5
2025-10-10T19:00:00+08:00,0.0,0.0,0.0,25.0,1.5
2025-10-10T20:00:00+08:00,0.0,0.0,0.0,25.0,1.5
2025-10-10T21:00:00+08:00,0.0,0.0,0.0,25.0,1.5
2025-10-10T22:00:00+08:00,0.0,0.0,0.0,25.0,1.5
2025-10-10T23:00:00+08:00,0.0,0.0,0.0,25.0,1.5
2025-10-11T00:00:00+08:00,0.0,0.0,0.0,25.0,1.5
2025-10-11T01:00:00+08:00,0.0,0.0,0.0,25.0,1.5
2025-10-11T02:00:00+08:00,0.0,0.0,0.0,25.0,1.5
2025-10-11T03:00:00+08:00,0.0,0.0,0.0,25.0,1.5
2025-10-11T04:00:00+08:00,0.0,0.0,0.0,25.0,1.5
2025-10-11T05:00:00+08:00,0.0,0.0,0.0,25.0,1.5
2025-10-11T06:00:00+08:00,0.0,0.0,0.0,25.0,1.5
2025-10-11T07:00:00+08:00,143.9256,650.0,19.1901,25.0,1.5
2025-10-11T08:00:00+08:00,307.6903,650.0,41.0254,25.0,1.5
2025-10-11T09:00:00+08:00,447.6559,650.0,59.6875,25.0,1.5
2025-10-11T10:00:00+08:00,554.2839,650.0,73.9045,25.0,1.5
2025-10-11T11:00:00+08:00,620.3079,650.0,82.7077,25.0,1.5
2025-10-11T12:00:00+08:00,641.2283,650.0,85.4971,25.0,1.5
2025-10-11T13:00:00+08:00,615.6196,650.0,82.0826,25.0,1.5
2025-10-11T14:00:00+08:00,545.2269,650.0,72.6969,25.0,1.5
2025-10-11T15:00:00+08:00,434.8473,650.0,57.9796,25.0,1.5
2025-10-11T16:00:00+08:00,292.0031,650.0,38.9337,25.0,1.5
2025-10-11T17:00:00+08:00,126.4288,650.0,16.8572,25.0,1.5
2025-10-11T18:00:00+08:00,0.0,0.0,0.0,25.0,1.5
2025-10-11T19:00:00+08:00,0.0,0.0,0.0,25.0,1.5
2025-10-11T20:00:00+08:00,0.0,0.0,0.0,25.0,1.5
2025-10-11T21:00:00+08:00,0.0,0.0,0.0,25.0,1.5
2025-10-11T22:00:00+08:00,0.0,0.0,0.0,25.0,1.5
2025-10-11T23:00:00+08:00,0.0,0.0,0.0,25.0,1.5
2025-10-12T00:00:00+08:00,0.0,0.0,0.0,25.0,1.5
2025-10-12T01:00:00+08:00,0.0,0.0,0.0,25.0,1.5
2025-10-12T02:00:00+08:00,0.0,0.0,0.0,25.0,1.5
2025-10-12T03:00:00+08:00,0.0,0.0,0.0,25.0,1.5
2025-10-12T04:00:00+08:00,0.0,0.0,0.0,25.0,1.5
2025-10-12T05:00:00+08:00,0.0,0.0,0.0,25.0,1.5
2025-10-12T06:00:00+08:00,0.0,0.0,0.0,25.0,1.5
2025-10-12T07:00:00+08:00,141.8264,650.0,18.9102,25.0,1.5
2025-10-12T08:00:00+08:00,305.4338,650.0,40.7245,25.0,1.5
2025-10-12T09:00:00+08:00,445.265,650.0,59.3687,25.0,1.5
2025-10-12T10:00:00+08:00,551.7907,650.0,73.5721,25.0,1.5
2025-10-12T11:00:00+08:00,617.7512,650.0,82.3668,25.0,1.5
2025-10-12T12:00:00+08:00,638.6516,650.0,85.1535,25.0,1.5
2025-10-12T13:00:00+08:00,613.0674,650.0,81.7423,25.0,1.5
2025-10-12T14:00:00+08:00,542.7423,650.0,72.3656,25.0,1.5
2025-10-12T15:00:00+08:00,432.4687,650.0,57.6625,25.0,1.5
2025-10-12T16:00:00+08:00,289.7616,650.0,38.6349,25.0,1.5
2025-10-12T17:00:00+08:00,124.3463,650.0,16.5795,25.0,1.5
2025-10-12T18:00:00+08:00,0.0,0.0,0.0,25.0,1.5
2025-10-12T19:00:00+08:00,0.0,0.0,0.0,25.0,1.5
2025-10-12T20:00:00+08:00,0.0,0.0,0.0,25.0,1.5
2025-10-12T21:00:00+08:00,0.0,0.0,0.0,25.0,1.5
2025-10-12T22:00:00+08:00,0.0,0.0,0.0,25.0,1.5
2025-10-12T23:00:00+08:00,0.0,0.0,0.0,25.0,1.5
2025-10-13T00:00:00+08:00,0.0,0.0,0.0,25.0,1.5
2025-10-13T01:00:00+08:00,0.0,0.0,0.0,25.0,1.5
2025-10-13T02:00:00+08:00,0.0,0.0,0.0,25.0,1.5
2025-10-13T03:00:00+08:00,0.0,0.0,0.0,25.0,1.5
2025-10-13T04:00:00+08:00,0.0,0.0,0.0,25.0,1.5
2025-10-13T05:00:00+08:00,0.0,0.0,0.0,25.0,1.5
2025-10-13T06:00:00+08:00,0.0,0.0,0.0,25.0,1.5
2025-10-13T07:00:00+08:00,139.735,650.0,18.6313,25.0,1.5
2025-10-13T08:00:00+08:00,303.1792,650.0,40.4239,25.0,1.5
2025-10-13T09:00:00+08:00,442.8709,650.0,59.0495,25.0,1.5
2025-10-13T10:00:00+08:00,549.2903,650.0,73.2387,25.0,1.5
2025-10-13T11:00:00+08:00,615.185,650.0,82.0247,25.0,1.5
2025-10-13T12:00:00+08:00,636.0645,650.0,84.8086,25.0,1.5
2025-10-13T13:00:00+08:00,610.5059,650.0,81.4008,25.0,1.5
2025-10-13T14:00:00+08:00,540.2509,650.0,72.0335,25.0,1.5
2025-10-13T15:00:00+08:00,430.0874,650.0,57.345,25.0,1.5
2025-10-13T16:00:00+08:00,287.5226,650.0,38.3364,25.0,1.5
2025-10-13T17:00:00+08:00,122.2724,650.0,16.303,25.0,1.5
2025-10-13T18:00:00+08:00,0.0,0.0,0.0,25.0,1.5
2025-10-13T19:00:00+08:00,0.0,0.0,0.0,25.0,1.5
2025-10-13T20:00:00+08:00,0.0,0.0,0.0,25.0,1.5
2025-10-13T21:00:00+08:00,0.0,0.0,0.0,25.0,1.5
2025-10-13T22:00:00+08:00,0.0,0.0,0.0,25.0,1.5
2025-10-13T23:00:00+08:00,0.0,0.0,0.0,25.0,1.5
2025-10-14T00:00:00+08:00,0.0,0.0,0.0,25.0,1.5
2025-10-14T01:00:00+08:00,0.0,0.0,0.0,25.0,1.5
2025-10-14T02:00:00+08:00,0.0,0.0,0.0,25.0,1.5
2025-10-14T03:00:00+08:00,0.0,0.0,0.0,25.0,1.5
2025-10-14T04:00:00+08:00,0.0,0.0,0.0,25.0,1.5
2025-10-14T05:00:00+08:00,0.0,0.0,0.0,25.0,1.5
2025-10-14T06:00:00+08:00,0.0,0.0,0.0,25.0,1.5
2025-10-14T07:00:00+08:00,137.6523,650.0,18.3536,25.0,1.5
2025-10-14T08:00:00+08:00,300.9275,650.0,40.1237,25.0,1.5
2025-10-14T09:00:00+08:00,440.4748,650.0,58.73,25.0,1.5
2025-10-14T10:00:00+08:00,546.7841,650.0,72.9045,25.0,1.5
2025-10-14T11:00:00+08:00,612.6107,650.0,81.6814,25.0,1.5
2025-10-14T12:00:00+08:00,633.4686,650.0,84.4625,25.0,1.5
2025-10-14T13:00:00+08:00,607.9364,650.0,81.0582,25.0,1.5
2025-10-14T14:00:00+08:00,537.7541,650.0,71.7005,25.0,1.5
2025-10-14T15:00:00+08:00,427.7044,650.0,57.0273,25.0,1.5
2025-10-14T16:00:00+08:00,285.2871,650.0,38.0383,25.0,1.5
2025-10-14T17:00:00+08:00,120.2077,650.0,16.0277,25.0,1.5
2025-10-14T18:00:00+08:00,0.0,0.0,0.0,25.0,1.5
2025-10-14T19:00:00+08:00,0.0,0.0,0.0,25.0,1.5
2025-10-14T20:00:00+08:00,0.0,0.0,0.0,25.0,1.5
2025-10-14T21:00:00+08:00,0.0,0.0,0.0,25.0,1.5
2025-10-14T22:00:00+08:00,0.0,0.0,0.0,25.0,1.5
2025-10-14T23:00:00+08:00,0.0,0.0,0.0,25.0,1.5
2025-10-15T00:00:00+08:00,0.0,0.0,0.0,25.0,1.5
2025-10-15T01:00:00+08:00,0.0,0.0,0.0,25.0,1.5
2025-10-15T02:00:00+08:00,0.0,0.0,0.0,25.0,1.5
2025-10-15T03:00:00+08:00,0.0,0.0,0.0,25.0,1.5
2025-10-15T04:00:00+08:00,0.0,0.0,0.0,25.0,1.5
2025-10-15T05:00:00+08:00,0.0,0.0,0.0,25.0,1.5
2025-10-15T06:00:00+08:00,0.0,0.0,0.0,25.0,1.5
2025-10-15T07:00:00+08:00,135.5792,650.0,18.0772,25.0,1.5
2025-10-15T08:00:00+08:00,298.6798,650.0,39.824,25.0,1.5
2025-10-15T09:00:00+08:00,438.0778,650.0,58.4104,25.0,1.5
2025-10-15T10:00:00+08:00,544.2734,650.0,72.5698,25.0,1.5
2025-10-15T11:00:00+08:00,610.0297,650.0,81.3373,25.0,1.5
2025-10-15T12:00:00+08:00,630.8653,650.0,84.1154,25.0,1.5
2025-10-15T13:00:00+08:00,605.3604,650.0,80.7147,25.0,1.5
2025-10-15T14:00:00+08:00,535.2531,650.0,71.3671,25.0,1.5
2025-10-15T15:00:00+08:00,425.3211,650.0,56.7095,25.0,1.5
2025-10-15T16:00:00+08:00,283.0561,650.0,37.7408,25.0,1.5
2025-10-15T17:00:00+08:00,118.1533,650.0,15.7538,25.0,1.5
2025-10-15T18:00:00+08:00,0.0,0.0,0.0,25.0,1.5
2025-10-15T19:00:00+08:00,0.0,0.0,0.0,25.0,1.5
2025-10-15T20:00:00+08:00,0.0,0.0,0.0,25.0,1.5
2025-10-15T21:00:00+08:00,0.0,0.0,0.0,25.0,1.5
2025-10-15T22:00:00+08:00,0.0,0.0,0.0,25.0,1.5
2025-10-15T23:00:00+08:00,0.0,0.0,0.0,25.0,1.5
2025-10-16T00:00:00+08:00,0.0,0.0,0.0,25.0,1.5
2025-10-16T01:00:00+08:00,0.0,0.0,0.0,25.0,1.5
2025-10-16T02:00:00+08:00,0.0,0.0,0.0,25.0,1.5
2025-10-16T03:00:00+08:00,0.0,0.0,0.0,25.0,1.5
2025-10-16T04:00:00+08:00,0.0,0.0,0.0,25.0,1.5
2025-10-16T05:00:00+08:00,0.0,0.0,0.0,25.0,1.5
2025-10-16T06:00:00+08:00,0.0,0.0,0.0,25.0,1.5
2025-10-16T07:00:00+08:00,133.5164,650.0,17.8022,25.0,1.5
2025-10-16T08:00:00+08:00,296.4371,650.0,39.5249,25.0,1.5
2025-10-16T09:00:00+08:00,435.6813,650.0,58.0908,25.0,1.5
2025-10-16T10:00:00+08:00,541.7597,650.0,72.2346,25.0,1.5
2025-10-16T11:00:00+08:00,607.4434,650.0,80.9925,25.0,1.5
2025-10-16T12:00:00+08:00,628.256,650.0,83.7675,25.0,1.5
2025-10-16T13:00:00+08:00,602.7793,650.0,80.3706,25.0,1.5
2025-10-16T14:00:00+08:00,532.7494,650.0,71.0332,25.0,1.5
2025-10-16T15:00:00+08:00,422.9387,650.0,56.3918,25.0,1.5
2025-10-16T16:00:00+08:00,280.8307,650.0,37.4441,25.0,1.5
2025-10-16T17:00:00+08:00,116.1097,650.0,15.4813,25.0,1.5
2025-10-16T18:00:00+08:00,0.0,0.0,0.0,25.0,1.5
2025-10-16T19:00:00+08:00,0.0,0.0,0.0,25.0,1.5
2025-10-16T20:00:00+08:00,0.0,0.0,0.0,25.0,1.5
2025-10-16T21:00:00+08:00,0.0,0.0,0.0,25.0,1.5
2025-10-16T22:00:00+08:00,0.0,0.0,0.0,25.0,1.5
2025-10-16T23:00:00+08:00,0.0,0.0,0.0,25.0,1.5
2025-10-17T00:00:00+08:00,0.0,0.0,0.0,25.0,1.5
2025-10-17T01:00:00+08:00,0.0,0.0,0.0,25.0,1.5
2025-10-17T02:00:00+08:00,0.0,0.0,0.0,25.0,1.5
2025-10-17T03:00:00+08:00,0.0,0.0,0.0,25.0,1.5
2025-10-17T04:00:00+08:00,0.0,0.0,0.0,25.0,1.5
2025-10-17T05:00:00+08:00,0.0,0.0,0.0,25.0,1.5
2025-10-17T06:00:00+08:00,0.0,0.0,0.0,25.0,1.5
2025-10-17T07:00:00+08:00,131.4648,650.0,17.5286,25.0,1.5
2025-10-17T08:00:00+08:00,294.2004,650.0,39.2267,25.0,1.5
2025-10-17T09:00:00+08:00,433.2864,650.0,57.7715,25.0,1.5
2025-10-17T10:00:00+08:00,539.2443,650.0,71.8992,25.0,1.5
2025-10-17T11:00:00+08:00,604.8533,650.0,80.6471,25.0,1.5
2025-10-17T12:00:00+08:00,625.6423,650.0,83.419,25.0,1.5
2025-10-17T13:00:00+08:00,600.1945,650.0,80.0259,25.0,1.5
2025-10-17T14:00:00+08:00,530.2442,650.0,70.6992,25.0,1.5
2025-10-17T15:00:00+08:00,420.5583,650.0,56.0744,25.0,1.5
2025-10-17T16:00:00+08:00,278.6117,650.0,37.1482,25.0,1.5
2025-10-17T17:00:00+08:00,114.0779,650.0,15.2104,25.0,1.5
2025-10-17T18:00:00+08:00,0.0,0.0,0.0,25.0,1.5
2025-10-17T19:00:00+08:00,0.0,0.0,0.0,25.0,1.5
2025-10-17T20:00:00+08:00,0.0,0.0,0.0,25.0,1.5
2025-10-17T21:00:00+08:00,0.0,0.0,0.0,25.0,1.5
2025-10-17T22:00:00+08:00,0.0,0.0,0.0,25.0,1.5
2025-10-17T23:00:00+08:00,0.0,0.0,0.0,25.0,1.5
2025-10-18T00:00:00+08:00,0.0,0.0,0.0,25.0,1.5
2025-10-18T01:00:00+08:00,0.0,0.0,0.0,25.0,1.5
2025-10-18T02:00:00+08:00,0.0,0.0,0.0,25.0,1.5
2025-10-18T03:00:00+08:00,0.0,0.0,0.0,25.0,1.5
2025-10-18T04:00:00+08:00,0.0,0.0,0.0,25.0,1.5
2025-10-18T05:00:00+08:00,0.0,0.0,0.0,25.0,1.5
2025-10-18T06:00:00+08:00,0.0,0.0,0.0,25.0,1.5
2025-10-18T07:00:00+08:00,129.4253,650.0,17.2567,25.0,1.5
2025-10-18T08:00:00+08:00,291.9708,650.0,38.9294,25.0,1.5
2025-10-18T09:00:00+08:00,430.8944,650.0,57.4526,25.0,1.5
2025-10-18T10:00:00+08:00,536.7286,650.0,71.5638,25.0,1.5
2025-10-18T11:00:00+08:00,602.261,650.0,80.3015,25.0,1.5
2025-10-18T12:00:00+08:00,623.0257,650.0,83.0701,25.0,1.5
2025-10-18T13:00:00+08:00,597.6076,650.0,79.681,25.0,1.5
2025-10-18T14:00:00+08:00,527.7389,650.0,70.3652,25.0,1.5
2025-10-18T15:00:00+08:00,418.1811,650.0,55.7575,25.0,1.5
2025-10-18T16:00:00+08:00,276.4003,650.0,36.8534,25.0,1.5
2025-10-18T17:00:00+08:00,112.0587,650.0,14.9412,25.0,1.5
2025-10-18T18:00:00+08:00,0.0,0.0,0.0,25.0,1.5
2025-10-18T19:00:00+08:00,0.0,0.0,0.0,25.0,1.5
2025-10-18T20:00:00+08:00,0.0,0.0,0.0,25.0,1.5
2025-10-18T21:00:00+08:00,0.0,0.0,0.0,25.0,1.5
2025-10-18T22:00:00+08:00,0.0,0.0,0.0,25.0,1.5
2025-10-18T23:00:00+08:00,0.0,0.0,0.0,25.0,1.5
2025-10-19T00:00:00+08:00,0.0,0.0,0.0,25.0,1.5
2025-10-19T01:00:00+08:00,0.0,0.0,0.0,25.0,1.5
2025-10-19T02:00:00+08:00,0.0,0.0,0.0,25.0,1.5
2025-10-19T03:00:00+08:00,0.0,0.0,0.0,25.0,1.5
2025-10-19T04:00:00+08:00,0.0,0.0,0.0,25.0,1.5
2025-10-19T05:00:00+08:00,0.0,0.0,0.0,25.0,1.5
2025-10-19T06:00:00+08:00,0.0,0.0,0.0,25.0,1.5
2025-10-19T07:00:00+08:00,127.3986,650.0,16.9865,25.0,1.5
2025-10-19T08:00:00+08:00,289.7493,650.0,38.6332,25.0,1.5
2025-10-19T09:00:00+08:00,428.5065,650.0,57.1342,25.0,1.5
2025-10-19T10:00:00+08:00,534.2139,650.0,71.2285,25.0,1.5
2025-10-19T11:00:00+08:00,599.6678,650.0,79.9557,25.0,1.5
2025-10-19T12:00:00+08:00,620.4076,650.0,82.721,25.0,1.5
2025-10-19T13:00:00+08:00,595.02,650.0,79.336,25.0,1.5
2025-10-19T14:00:00+08:00,525.235,650.0,70.0313,25.0,1.5
2025-10-19T15:00:00+08:00,415.8085,650.0,55.4411,25.0,1.5
2025-10-19T16:00:00+08:00,274.1975,650.0,36.5597,25.0,1.5
2025-10-19T17:00:00+08:00,110.0528,650.0,14.6737,25.0,1.5
2025-10-19T18:00:00+08:00,0.0,0.0,0.0,25.0,1.5
2025-10-19T19:00:00+08:00,0.0,0.0,0.0,25.0,1.5
2025-10-19T20:00:00+08:00,0.0,0.0,0.0,25.0,1.5
2025-10-19T21:00:00+08:00,0.0,0.0,0.0,25.0,1.5
2025-10-19T22:00:00+08:00,0.0,0.0,0.0,25.0,1.5
2025-10-19T23:00:00+08:00,0.0,0.0,0.0,25.0,1.5
2025-10-20T00:00:00+08:00,0.0,0.0,0.0,25.0,1.5
2025-10-20T01:00:00+08:00,0.0,0.0,0.0,25.0,1.5
2025-10-20T02:00:00+08:00,0.0,0.0,0.0,25.0,1.5
2025-10-20T03:00:00+08:00,0.0,0.0,0.0,25.0,1.5
2025-10-20T04:00:00+08:00,0.0,0.0,0.0,25.0,1.5
2025-10-20T05:00:00+08:00,0.0,0.0,0.0,25.0,1.5
2025-10-20T06:00:00+08:00,0.0,0.0,0.0,25.0,1.5
2025-10-20T07:00:00+08:00,125.3855,650.0,16.7181,25.0,1.5
2025-10-20T08:00:00+08:00,287.5371,650.0,38.3383,25.0,1.5
2025-10-20T09:00:00+08:00,426.124,650.0,56.8165,25.0,1.5
2025-10-20T10:00:00+08:00,531.7017,650.0,70.8936,25.0,1.5
2025-10-20T11:00:00+08:00,597.0753,650.0,79.61,25.0,1.5
2025-10-20T12:00:00+08:00,617.7897,650.0,82.372,25.0,1.5
2025-10-20T13:00:00+08:00,592.4332,650.0,78.9911,25.0,1.5
2025-10-20T14:00:00+08:00,522.7339,650.0,69.6978,25.0,1.5
2025-10-20T15:00:00+08:00,413.4416,650.0,55.1255,25.0,1.5
2025-10-20T16:00:00+08:00,272.0044,650.0,36.2672,25.0,1.5
2025-10-20T17:00:00+08:00,108.061,650.0,14.4081,25.0,1.5
2025-10-20T18:00:00+08:00,0.0,0.0,0.0,25.0,1.5
2025-10-20T19:00:00+08:00,0.0,0.0,0.0,25.0,1.5
2025-10-20T20:00:00+08:00,0.0,0.0,0.0,25.0,1.5
2025-10-20T21:00:00+08:00,0.0,0.0,0.0,25.0,1.5
2025-10-20T22:00:00+08:00,0.0,0.0,0.0,25.0,1.5
2025-10-20T23:00:00+08:00,0.0,0.0,0.0,25.0,1.5
2025-10-21T00:00:00+08:00,0.0,0.0,0.0,25.0,1.5
2025-10-21T01:00:00+08:00,0.0,0.0,0.0,25.0,1.5
2025-10-21T02:00:00+08:00,0.0,0.0,0.0,25.0,1.5
2025-10-21T03:00:00+08:00,0.0,0.0,0.0,25.0,1.5
2025-10-21T04:00:00+08:00,0.0,0.0,0.0,25.0,1.5
2025-10-21T05:00:00+08:00,0.0,0.0,0.0,25.0,1.5
2025-10-21T06:00:00+08:00,0.0,0.0,0.0,25.0,1.5
2025-10-21T07:00:00+08:00,123.3869,650.0,16.4516,25.0,1.5
2025-10-21T08:00:00+08:00,285.3351,650.0,38.0447,25.0,1.5
2025-10-21T09:00:00+08:00,423.7481,650.0,56.4998,25.0,1.5
2025-10-21T10:00:00+08:00,529.1934,650.0,70.5591,25.0,1.5
2025-10-21T11:00:00+08:00,594.485,650.0,79.2647,25.0,1.5
2025-10-21T12:00:00+08:00,615.1734,650.0,82.0231,25.0,1.5
2025-10-21T13:00:00+08:00,589.8487,650.0,78.6465,25.0,1.5
2025-10-21T14:00:00+08:00,520.2368,650.0,69.3649,25.0,1.5
2025-10-21T15:00:00+08:00,411.0816,650.0,54.8109,25.0,1.5
2025-10-21T16:00:00+08:00,269.8218,650.0,35.9762,25.0,1.5
2025-10-21T17:00:00+08:00,106.0841,650.0,14.1446,25.0,1.5
2025-10-21T18:00:00+08:00,0.0,0.0,0.0,25.0,1.5
2025-10-21T19:00:00+08:00,0.0,0.0,0.0,25.0,1.5
2025-10-21T20:00:00+08:00,0.0,0.0,0.0,25.0,1.5
2025-10-21T21:00:00+08:00,0.0,0.0,0.0,25.0,1.5
2025-10-21T22:00:00+08:00,0.0,0.0,0.0,25.0,1.5
2025-10-21T23:00:00+08:00,0.0,0.0,0.0,25.0,1.5
2025-10-22T00:00:00+08:00,0.0,0.0,0.0,25.0,1.5
2025-10-22T01:00:00+08:00,0.0,0.0,0.0,25.0,1.5
2025-10-22T02:00:00+08:00,0.0,0.0,0.0,25.0,1.5
2025-10-22T03:00:00+08:00,0.0,0.0,0.0,25.0,1.5
2025-10-22T04:00:00+08:00,0.0,0.0,0.0,25.0,1.5
2025-10-22T05:00:00+08:00,0.0,0.0,0.0,25.0,1.5
2025-10-22T06:00:00+08:00,0.0,0.0,0.0,25.0,1.5
2025-10-22T07:00:00+08:00,121.4036,650.0,16.1871,25.0,1.5
2025-10-22T08:00:00+08:00,283.1444,650.0,37.7526,25.0,1.5
2025-10-22T09:00:00+08:00,421.3802,650.0,56.184,25.0,1.5
2025-10-22T10:00:00+08:00,526.6904,650.0,70.2254,25.0,1.5
2025-10-22T11:00:00+08:00,591.8984,650.0,78.9198,25.0,1.5
2025-10-22T12:00:00+08:00,612.5603,650.0,81.6747,25.0,1.5
2025-10-22T13:00:00+08:00,587.2681,650.0,78.3024,25.0,1.5
2025-10-22T14:00:00+08:00,517.7453,650.0,69.0327,25.0,1.5
2025-10-22T15:00:00+08:00,408.7299,650.0,54.4973,25.0,1.5
2025-10-22T16:00:00+08:00,267.651,650.0,35.6868,25.0,1.5
2025-10-22T17:00:00+08:00,104.123,650.0,13.8831,25.0,1.5
2025-10-22T18:00:00+08:00,0.0,0.0,0.0,25.0,1.5
2025-10-22T19:00:00+08:00,0.0,0.0,0.0,25.0,1.5
2025-10-22T20:00:00+08:00,0.0,0.0,0.0,25.0,1.5
2025-10-22T21:00:00+08:00,0.0,0.0,0.0,25.0,1.5
2025-10-22T22:00:00+08:00,0.0,0.0,0.0,25.0,1.5
2025-10-22T23:00:00+08:00,0.0,0.0,0.0,25.0,1.5
2025-10-23T00:00:00+08:00,0.0,0.0,0.0,25.0,1.5
2025-10-23T01:00:00+08:00,0.0,0.0,0.0,25.0,1.5
2025-10-23T02:00:00+08:00,0.0,0.0,0.0,25.0,1.5
2025-10-23T03:00:00+08:00,0.0,0.0,0.0,25.0,1.5
2025-10-23T04:00:00+08:00,0.0,0.0,0.0,25.0,1.5
2025-10-23T05:00:00+08:00,0.0,0.0,0.0,25.0,1.5
2025-10-23T06:00:00+08:00,0.0,0.0,0.0,25.0,1.5
2025-10-23T07:00:00+08:00,119.4364,650.0,15.9248,25.0,1.5
2025-10-23T08:00:00+08:00,280.966,650.0,37.4621,25.0,1.5
2025-10-23T09:00:00+08:00,419.0214,650.0,55.8695,25.0,1.5
2025-10-23T10:00:00+08:00,524.1942,650.0,69.8926,25.0,1.5
2025-10-23T11:00:00+08:00,589.3171,650.0,78.5756,25.0,1.5
2025-10-23T12:00:00+08:00,609.952,650.0,81.3269,25.0,1.5
2025-10-23T13:00:00+08:00,584.6928,650.0,77.959,25.0,1.5
2025-10-23T14:00:00+08:00,515.2608,650.0,68.7014,25.0,1.5
2025-10-23T15:00:00+08:00,406.3876,650.0,54.185,25.0,1.5
2025-10-23T16:00:00+08:00,265.4929,650.0,35.3991,25.0,1.5
2025-10-23T17:00:00+08:00,102.1783,650.0,13.6238,25.0,1.5
2025-10-23T18:00:00+08:00,0.0,0.0,0.0,25.0,1.5
2025-10-23T19:00:00+08:00,0.0,0.0,0.0,25.0,1.5
2025-10-23T20:00:00+08:00,0.0,0.0,0.0,25.0,1.5
2025-10-23T21:00:00+08:00,0.0,0.0,0.0,25.0,1.5
2025-10-23T22:00:00+08:00,0.0,0.0,0.0,25.0,1.5
2025-10-23T23:00:00+08:00,0.0,0.0,0.0,25.0,1.5
2025-10-24T00:00:00+08:00,0.0,0.0,0.0,25.0,1.5
2025-10-24T01:00:00+08:00,0.0,0.0,0.0,25.0,1.5
2025-10-24T02:00:00+08:00,0.0,0.0,0.0,25.0,1.5
2025-10-24T03:00:00+08:00,0.0,0.0,0.0,25.0,1.5
2025-10-24T04:00:00+08:00,0.0,0.0,0.0,25.0,1.5
2025-10-24T05:00:00+08:00,0.0,0.0,0.0,25.0,1.5
2025-10-24T06:00:00+08:00,0.0,0.0,0.0,25.0,1.5
2025-10-24T07:00:00+08:00,117.486,650.0,15.6648,25.0,1.5
2025-10-24T08:00:00+08:00,278.8011,650.0,37.1735,25.0,1.5
2025-10-24T09:00:00+08:00,416.6731,650.0,55.5564,25.0,1.5
2025-10-24T10:00:00+08:00,521.7062,650.0,69.5608,25.0,1.5
2025-10-24T11:00:00+08:00,586.7426,650.0,78.2323,25.0,1.5
2025-10-24T12:00:00+08:00,607.3501,650.0,80.98,25.0,1.5
2025-10-24T13:00:00+08:00,582.1244,650.0,77.6166,25.0,1.5
2025-10-24T14:00:00+08:00,512.7846,650.0,68.3713,25.0,1.5
2025-10-24T15:00:00+08:00,404.0561,650.0,53.8741,25.0,1.5
2025-10-24T16:00:00+08:00,263.3485,650.0,35.1131,25.0,1.5
2025-10-24T17:00:00+08:00,100.2508,650.0,13.3668,25.0,1.5
2025-10-24T18:00:00+08:00,0.0,0.0,0.0,25.0,1.5
2025-10-24T19:00:00+08:00,0.0,0.0,0.0,25.0,1.5
2025-10-24T20:00:00+08:00,0.0,0.0,0.0,25.0,1.5
2025-10-24T21:00:00+08:00,0.0,0.0,0.0,25.0,1.5
2025-10-24T22:00:00+08:00,0.0,0.0,0.0,25.0,1.5
2025-10-24T23:00:00+08:00,0.0,0.0,0.0,25.0,1.5
2025-10-25T00:00:00+08:00,0.0,0.0,0.0,25.0,1.5
2025-10-25T01:00:00+08:00,0.0,0.0,0.0,25.0,1.5
2025-10-25T02:00:00+08:00,0.0,0.0,0.0,25.0,1.5
2025-10-25T03:00:00+08:00,0.0,0.0,0.0,25.0,1.5
2025-10-25T04:00:00+08:00,0.0,0.0,0.0,25.0,1.5
2025-10-25T05:00:00+08:00,0.0,0.0,0.0,25.0,1.5
2025-10-25T06:00:00+08:00,0.0,0.0,0.0,25.0,1.5
2025-10-25T07:00:00+08:00,115.5532,650.0,15.4071,25.0,1.5
2025-10-25T08:00:00+08:00,276.6506,650.0,36.8867,25.0,1.5
2025-10-25T09:00:00+08:00,414.3364,650.0,55.2449,25.0,1.5
2025-10-25T10:00:00+08:00,519.2277,650.0,69.2304,25.0,1.5
2025-10-25T11:00:00+08:00,584.1763,650.0,77.8902,25.0,1.5
2025-10-25T12:00:00+08:00,604.756,650.0,80.6341,25.0,1.5
2025-10-25T13:00:00+08:00,579.5644,650.0,77.2753,25.0,1.5
2025-10-25T14:00:00+08:00,510.3182,650.0,68.0424,25.0,1.5
2025-10-25T15:00:00+08:00,401.7365,650.0,53.5649,25.0,1.5
2025-10-25T16:00:00+08:00,261.2188,650.0,34.8292,25.0,1.5
2025-10-25T17:00:00+08:00,98.3413,650.0,13.1122,25.0,1.5
2025-10-25T18:00:00+08:00,0.0,0.0,0.0,25.0,1.5
2025-10-25T19:00:00+08:00,0.0,0.0,0.0,25.0,1.5
2025-10-25T20:00:00+08:00,0.0,0.0,0.0,25.0,1.5
2025-10-25T21:00:00+08:00,0.0,0.0,0.0,25.0,1.5
2025-10-25T22:00:00+08:00,0.0,0.0,0.0,25.0,1.5
2025-10-25T23:00:00+08:00,0.0,0.0,0.0,25.0,1.5
2025-10-26T00:00:00+08:00,0.0,0.0,0.0,25.0,1.5
2025-10-26T01:00:00+08:00,0.0,0.0,0.0,25.0,1.5
2025-10-26T02:00:00+08:00,0.0,0.0,0.0,25.0,1.5
2025-10-26T03:00:00+08:00,0.0,0.0,0.0,25.0,1.5
2025-10-26T04:00:00+08:00,0.0,0.0,0.0,25.0,1.5
2025-10-26T05:00:00+08:00,0.0,0.0,0.0,25.0,1.5
2025-10-26T06:00:00+08:00,0.0,0.0,0.0,25.0,1.5
2025-10-26T07:00:00+08:00,113.6389,650.0,15.1518,25.0,1.5
2025-10-26T08:00:00+08:00,274.5155,650.0,36.6021,25.0,1.5
2025-10-26T09:00:00+08:00,412.0127,650.0,54.935,25.0,1.5
2025-10-26T10:00:00+08:00,516.7603,650.0,68.9014,25.0,1.5
2025-10-26T11:00:00+08:00,581.6199,650.0,77.5493,25.0,1.5
2025-10-26T12:00:00+08:00,602.1715,650.0,80.2895,25.0,1.5
2025-10-26T13:00:00+08:00,577.0143,650.0,76.9352,25.0,1.5
2025-10-26T14:00:00+08:00,507.863,650.0,67.7151,25.0,1.5
2025-10-26T15:00:00+08:00,399.43,650.0,53.2573,25.0,1.5
2025-10-26T16:00:00+08:00,259.1049,650.0,34.5473,25.0,1.5
2025-10-26T17:00:00+08:00,96.4506,650.0,12.8601,25.0,1.5
2025-10-26T18:00:00+08:00,0.0,0.0,0.0,25.0,1.5
2025-10-26T19:00:00+08:00,0.0,0.0,0.0,25.0,1.5
2025-10-26T20:00:00+08:00,0.0,0.0,0.0,25.0,1.5
2025-10-26T21:00:00+08:00,0.0,0.0,0.0,25.0,1.5
2025-10-26T22:00:00+08:00,0.0,0.0,0.0,25.0,1.5
2025-10-26T23:00:00+08:00,0.0,0.0,0.0,25.0,1.5
2025-10-27T00:00:00+08:00,0.0,0.0,0.0,25.0,1.5
2025-10-27T01:00:00+08:00,0.0,0.0,0.0,25.0,1.5
2025-10-27T02:00:00+08:00,0.0,0.0,0.0,25.0,1.5
2025-10-27T03:00:00+08:00,0.0,0.0,0.0,25.0,1.5
2025-10-27T04:00:00+08:00,0.0,0.0,0.0,25.0,1.5
2025-10-27T05:00:00+08:00,0.0,0.0,0.0,25.0,1.5
2025-10-27T06:00:00+08:00,0.0,0.0,0.0,25.0,1.5
2025-10-27T07:00:00+08:00,111.7437,650.0,14.8992,25.0,1.5
2025-10-27T08:00:00+08:00,272.397,650.0,36.3196,25.0,1.5
2025-10-27T09:00:00+08:00,409.7033,650.0,54.6271,25.0,1.5
2025-10-27T10:00:00+08:00,514.3054,650.0,68.5741,25.0,1.5
2025-10-27T11:00:00+08:00,579.075,650.0,77.21,25.0,1.5
2025-10-27T12:00:00+08:00,599.5979,650.0,79.9464,25.0,1.5
2025-10-27T13:00:00+08:00,574.4758,650.0,76.5968,25.0,1.5
2025-10-27T14:00:00+08:00,505.4205,650.0,67.3894,25.0,1.5
2025-10-27T15:00:00+08:00,397.138,650.0,52.9517,25.0,1.5
2025-10-27T16:00:00+08:00,257.0078,650.0,34.2677,25.0,1.5
2025-10-27T17:00:00+08:00,94.5793,650.0,12.6106,25.0,1.5
2025-10-27T18:00:00+08:00,0.0,0.0,0.0,25.0,1.5
2025-10-27T19:00:00+08:00,0.0,0.0,0.0,25.0,1.5
2025-10-27T20:00:00+08:00,0.0,0.0,0.0,25.0,1.5
2025-10-27T21:00:00+08:00,0.0,0.0,0.0,25.0,1.5
2025-10-27T22:00:00+08:00,0.0,0.0,0.0,25.0,1.5
2025-10-27T23:00:00+08:00,0.0,0.0,0.0,25.0,1.5
2025-10-28T00:00:00+08:00,0.0,0.0,0.0,25.0,1.5
2025-10-28T01:00:00+08:00,0.0,0.0,0.0,25.0,1.5
2025-10-28T02:00:00+08:00,0.0,0.0,0.0,25.0,1.5
2025-10-28T03:00:00+08:00,0.0,0.0,0.0,25.0,1.5
2025-10-28T04:00:00+08:00,0.0,0.0,0.0,25.0,1.5
2025-10-28T05:00:00+08:00,0.0,0.0,0.0,25.0,1.5
2025-10-28T06:00:00+08:00,0.0,0.0,0.0,25.0,1.5
2025-10-28T07:00:00+08:00,109.8685,650.0,14.6491,25.0,1.5
2025-10-28T08:00:00+08:00,270.296,650.0,36.0395,25.0,1.5
2025-10-28T09:00:00+08:00,407.4093,650.0,54.3212,25.0,1.5
2025-10-28T10:00:00+08:00,511.8644,650.0,68.2486,25.0,1.5
2025-10-28T11:00:00+08:00,576.5429,650.0,76.8724,25.0,1.5
2025-10-28T12:00:00+08:00,597.0371,650.0,79.6049,25.0,1.5
2025-10-28T13:00:00+08:00,571.9502,650.0,76.26,25.0,1.5
2025-10-28T14:00:00+08:00,502.9919,650.0,67.0656,25.0,1.5
2025-10-28T15:00:00+08:00,394.8617,650.0,52.6482,25.0,1.5
2025-10-28T16:00:00+08:00,254.9284,650.0,33.9905,25.0,1.5
2025-10-28T17:00:00+08:00,92.7282,650.0,12.3638,25.0,1.5
2025-10-28T18:00:00+08:00,0.0,0.0,0.0,25.0,1.5
2025-10-28T19:00:00+08:00,0.0,0.0,0.0,25.0,1.5
2025-10-28T20:00:00+08:00,0.0,0.0,0.0,25.0,1.5
2025-10-28T21:00:00+08:00,0.0,0.0,0.0,25.0,1.5
2025-10-28T22:00:00+08:00,0.0,0.0,0.0,25.0,1.5
2025-10-28T23:00:00+08:00,0.0,0.0,0.0,25.0,1.5
2025-10-29T00:00:00+08:00,0.0,0.0,0.0,25.0,1.5
2025-10-29T01:00:00+08:00,0.0,0.0,0.0,25.0,1.5
2025-10-29T02:00:00+08:00,0.0,0.0,0.0,25.0,1.5
2025-10-29T03:00:00+08:00,0.0,0.0,0.0,25.0,1.5
2025-10-29T04:00:00+08:00,0.0,0.0,0.0,25.0,1.5
2025-10-29T05:00:00+08:00,0.0,0.0,0.0,25.0,1.5
2025-10-29T06:00:00+08:00,0.0,0.0,0.0,25.0,1.5
2025-10-29T07:00:00+08:00,108.014,650.0,14.4019,25.0,1.5
2025-10-29T08:00:00+08:00,268.2135,650.0,35.7618,25.0,1.5
2025-10-29T09:00:00+08:00,405.132,650.0,54.0176,25.0,1.5
2025-10-29T10:00:00+08:00,509.4388,650.0,67.9252,25.0,1.5
2025-10-29T11:00:00+08:00,574.0254,650.0,76.5367,25.0,1.5
2025-10-29T12:00:00+08:00,594.4904,650.0,79.2654,25.0,1.5
2025-10-29T13:00:00+08:00,569.4391,650.0,75.9252,25.0,1.5
2025-10-29T14:00:00+08:00,500.5789,650.0,66.7439,25.0,1.5
2025-10-29T15:00:00+08:00,392.6023,650.0,52.347,25.0,1.5
2025-10-29T16:00:00+08:00,252.8678,650.0,33.7157,25.0,1.5
2025-10-29T17:00:00+08:00,90.898,650.0,12.1197,25.0,1.5
2025-10-29T18:00:00+08:00,0.0,0.0,0.0,25.0,1.5
2025-10-29T19:00:00+08:00,0.0,0.0,0.0,25.0,1.5
2025-10-29T20:00:00+08:00,0.0,0.0,0.0,25.0,1.5
2025-10-29T21:00:00+08:00,0.0,0.0,0.0,25.0,1.5
2025-10-29T22:00:00+08:00,0.0,0.0,0.0,25.0,1.5
2025-10-29T23:00:00+08:00,0.0,0.0,0.0,25.0,1.5
2025-10-30T00:00:00+08:00,0.0,0.0,0.0,25.0,1.5
2025-10-30T01:00:00+08:00,0.0,0.0,0.0,25.0,1.5
2025-10-30T02:00:00+08:00,0.0,0.0,0.0,25.0,1.5
2025-10-30T03:00:00+08:00,0.0,0.0,0.0,25.0,1.5
2025-10-30T04:00:00+08:00,0.0,0.0,0.0,25.0,1.5
2025-10-30T05:00:00+08:00,0.0,0.0,0.0,25.0,1.5
2025-10-30T06:00:00+08:00,0.0,0.0,0.0,25.0,1.5
2025-10-30T07:00:00+08:00,106.1809,650.0,14.1575,25.0,1.5
2025-10-30T08:00:00+08:00,266.1507,650.0,35.4868,25.0,1.5
2025-10-30T09:00:00+08:00,402.8728,650.0,53.7164,25.0,1.5
2025-10-30T10:00:00+08:00,507.0299,650.0,67.604,25.0,1.5
2025-10-30T11:00:00+08:00,571.5238,650.0,76.2032,25.0,1.5
2025-10-30T12:00:00+08:00,591.9595,650.0,78.9279,25.0,1.5
2025-10-30T13:00:00+08:00,566.9442,650.0,75.5926,25.0,1.5
2025-10-30T14:00:00+08:00,498.1827,650.0,66.4244,25.0,1.5
2025-10-30T15:00:00+08:00,390.361,650.0,52.0481,25.0,1.5
2025-10-30T16:00:00+08:00,250.8269,650.0,33.4436,25.0,1.5
2025-10-30T17:00:00+08:00,89.0895,650.0,11.8786,25.0,1.5
2025-10-30T18:00:00+08:00,0.0,0.0,0.0,25.0,1.5
2025-10-30T19:00:00+08:00,0.0,0.0,0.0,25.0,1.5
2025-10-30T20:00:00+08:00,0.0,0.0,0.0,25.0,1.5
2025-10-30T21:00:00+08:00,0.0,0.0,0.0,25.0,1.5
2025-10-30T22:00:00+08:00,0.0,0.0,0.0,25.0,1.5
2025-10-30T23:00:00+08:00,0.0,0.0,0.0,25.0,1.5
2025-10-31T00:00:00+08:00,0.0,0.0,0.0,25.0,1.5
2025-10-31T01:00:00+08:00,0.0,0.0,0.0,25.0,1.5
2025-10-31T02:00:00+08:00,0.0,0.0,0.0,25.0,1.5
2025-10-31T03:00:00+08:00,0.0,0.0,0.0,25.0,1.5
2025-10-31T04:00:00+08:00,0.0,0.0,0.0,25.0,1.5
2025-10-31T05:00:00+08:00,0.0,0.0,0.0,25.0,1.5
2025-10-31T06:00:00+08:00,0.0,0.0,0.0,25.0,1.5
2025-10-31T07:00:00+08:00,104.3701,650.0,13.916,25.0,1.5
2025-10-31T08:00:00+08:00,264.1084,650.0,35.2145,25.0,1.5
2025-10-31T09:00:00+08:00,400.6327,650.0,53.4177,25.0,1.5
2025-10-31T10:00:00+08:00,504.6391,650.0,67.2852,25.0,1.5
2025-10-31T11:00:00+08:00,569.0398,650.0,75.872,25.0,1.5
2025-10-31T12:00:00+08:00,589.4459,650.0,78.5928,25.0,1.5
2025-10-31T13:00:00+08:00,564.4668,650.0,75.2622,25.0,1.5
2025-10-31T14:00:00+08:00,495.8048,650.0,66.1073,25.0,1.5
2025-10-31T15:00:00+08:00,388.139,650.0,51.7519,25.0,1.5
2025-10-31T16:00:00+08:00,248.8068,650.0,33.1742,25.0,1.5
2025-10-31T17:00:00+08:00,87.3034,650.0,11.6404,25.0,1.5
2025-10-31T18:00:00+08:00,0.0,0.0,0.0,25.0,1.5
2025-10-31T19:00:00+08:00,0.0,0.0,0.0,25.0,1.5
2025-10-31T20:00:00+08:00,0.0,0.0,0.0,25.0,1.5
2025-10-31T21:00:00+08:00,0.0,0.0,0.0,25.0,1.5
2025-10-31T22:00:00+08:00,0.0,0.0,0.0,25.0,1.5
2025-10-31T23:00:00+08:00,0.0,0.0,0.0,25.0,1.5
2025-11-01T00:00:00+08:00,0.0,0.0,0.0,25.0,1.5
2025-11-01T01:00:00+08:00,0.0,0.0,0.0,25.0,1.5
2025-11-01T02:00:00+08:00,0.0,0.0,0.0,25.0,1.5
2025-11-01T03:00:00+08:00,0.0,0.0,0.0,25.0,1.5
2025-11-01T04:00:00+08:00,0.0,0.0,0.0,25.0,1.5
2025-11-01T05:00:00+08:00,0.0,0.0,0.0,25.0,1.5
2025-11-01T06:00:00+08:00,0.0,0.0,0.0,25.0,1.5
2025-11-01T07:00:00+08:00,102.5821,650.0,13.6776,25.0,1.5
2025-11-01T08:00:00+08:00,262.0877,650.0,34.945,25.0,1.5
2025-11-01T09:00:00+08:00,398.4131,650.0,53.1217,25.0,1.5
2025-11-01T10:00:00+08:00,502.268,650.0,66.9691,25.0,1.5
2025-11-01T11:00:00+08:00,566.5749,650.0,75.5433,25.0,1.5
2025-11-01T12:00:00+08:00,586.9513,650.0,78.2602,25.0,1.5
2025-11-01T13:00:00+08:00,562.0085,650.0,74.9345,25.0,1.5
2025-11-01T14:00:00+08:00,493.4465,650.0,65.7929,25.0,1.5
2025-11-01T15:00:00+08:00,385.9376,650.0,51.4584,25.0,1.5
2025-11-01T16:00:00+08:00,246.8084,650.0,32.9078,25.0,1.5
2025-11-01T17:00:00+08:00,85.5402,650.0,11.4054,25.0,1.5
2025-11-01T18:00:00+08:00,0.0,0.0,0.0,25.0,1.5
2025-11-01T19:00:00+08:00,0.0,0.0,0.0,25.0,1.5
2025-11-01T20:00:00+08:00,0.0,0.0,0.0,25.0,1.5
2025-11-01T21:00:00+08:00,0.0,0.0,0.0,25.0,1.5
2025-11-01T22:00:00+08:00,0.0,0.0,0.0,25.0,1.5
2025-11-01T23:00:00+08:00,0.0,0.0,0.0,25.0,1.5
2025-11-02T00:00:00+08:00,0.0,0.0,0.0,25.0,1.5
2025-11-02T01:00:00+08:00,0.0,0.0,0.0,25.0,1.5
2025-11-02T02:00:00+08:00,0.0,0.0,0.0,25.0,1.5
2025-11-02T03:00:00+08:00,0.0,0.0,0.0,25.0,1.5
2025-11-02T04:00:00+08:00,0.0,0.0,0.0,25.0,1.5
2025-11-02T05:00:00+08:00,0.0,0.0,0.0,25.0,1.5
2025-11-02T06:00:00+08:00,0.0,0.0,0.0,25.0,1.5
2025-11-02T07:00:00+08:00,100.8177,650.0,13.4424,25.0,1.5
2025-11-02T08:00:00+08:00,260.0896,650.0,34.6786,25.0,1.5
2025-11-02T09:00:00+08:00,396.2152,650.0,52.8287,25.0,1.5
2025-11-02T10:00:00+08:00,499.9179,650.0,66.6557,25.0,1.5
2025-11-02T11:00:00+08:00,564.1305,650.0,75.2174,25.0,1.5
2025-11-02T12:00:00+08:00,584.4771,650.0,77.9303,25.0,1.5
2025-11-02T13:00:00+08:00,559.5709,650.0,74.6095,25.0,1.5
2025-11-02T14:00:00+08:00,491.1094,650.0,65.4812,25.0,1.5
2025-11-02T15:00:00+08:00,383.758,650.0,51.1677,25.0,1.5
2025-11-02T16:00:00+08:00,244.8327,650.0,32.6444,25.0,1.5
2025-11-02T17:00:00+08:00,83.8008,650.0,11.1734,25.0,1.5
2025-11-02T18:00:00+08:00,0.0,0.0,0.0,25.0,1.5
2025-11-02T19:00:00+08:00,0.0,0.0,0.0,25.0,1.5
2025-11-02T20:00:00+08:00,0.0,0.0,0.0,25.0,1.5
2025-11-02T21:00:00+08:00,0.0,0.0,0.0,25.0,1.5
2025-11-02T22:00:00+08:00,0.0,0.0,0.0,25.0,1.5
2025-11-02T23:00:00+08:00,0.0,0.0,0.0,25.0,1.5
2025-11-03T00:00:00+08:00,0.0,0.0,0.0,25.0,1.5
2025-11-03T01:00:00+08:00,0.0,0.0,0.0,25.0,1.5
2025-11-03T02:00:00+08:00,0.0,0.0,0.0,25.0,1.5
2025-11-03T03:00:00+08:00,0.0,0.0,0.0,25.0,1.5
2025-11-03T04:00:00+08:00,0.0,0.0,0.0,25.0,1.5
2025-11-03T05:00:00+08:00,0.0,0.0,0.0,25.0,1.5
2025-11-03T06:00:00+08:00,0.0,0.0,0.0,25.0,1.5
2025-11-03T07:00:00+08:00,99.0776,650.0,13.2103,25.0,1.5
2025-11-03T08:00:00+08:00,258.115,650.0,34.4153,25.0,1.5
2025-11-03T09:00:00+08:00,394.0402,650.0,52.5387,25.0,1.5
2025-11-03T10:00:00+08:00,497.5903,650.0,66.3454,25.0,1.5
2025-11-03T11:00:00+08:00,561.7083,650.0,74.8944,25.0,1.5
2025-11-03T12:00:00+08:00,582.0249,650.0,77.6033,25.0,1.5
2025-11-03T13:00:00+08:00,557.1554,650.0,74.2874,25.0,1.5
2025-11-03T14:00:00+08:00,488.7947,650.0,65.1726,25.0,1.5
2025-11-03T15:00:00+08:00,381.6014,650.0,50.8802,25.0,1.5
2025-11-03T16:00:00+08:00,242.8806,650.0,32.3841,25.0,1.5
2025-11-03T17:00:00+08:00,82.0858,650.0,10.9448,25.0,1.5
2025-11-03T18:00:00+08:00,0.0,0.0,0.0,25.0,1.5
2025-11-03T19:00:00+08:00,0.0,0.0,0.0,25.0,1.5
2025-11-03T20:00:00+08:00,0.0,0.0,0.0,25.0,1.5
2025-11-03T21:00:00+08:00,0.0,0.0,0.0,25.0,1.5
2025-11-03T22:00:00+08:00,0.0,0.0,0.0,25.0,1.5
2025-11-03T23:00:00+08:00,0.0,0.0,0.0,25.0,1.5
2025-11-04T00:00:00+08:00,0.0,0.0,0.0,25.0,1.5
2025-11-04T01:00:00+08:00,0.0,0.0,0.0,25.0,1.5
2025-11-04T02:00:00+08:00,0.0,0.0,0.0,25.0,1.5
2025-11-04T03:00:00+08:00,0.0,0.0,0.0,25.0,1.5
2025-11-04T04:00:00+08:00,0.0,0.0,0.0,25.0,1.5
2025-11-04T05:00:00+08:00,0.0,0.0,0.0,25.0,1.5
2025-11-04T06:00:00+08:00,0.0,0.0,0.0,25.0,1.5
2025-11-04T07:00:00+08:00,97.3625,650.0,12.9817,25.0,1.5
2025-11-04T08:00:00+08:00,256.1649,650.0,34.1553,25.0,1.5
2025-11-04T09:00:00+08:00,391.8893,650.0,52.2519,25.0,1.5
2025-11-04T10:00:00+08:00,495.2864,650.0,66.0382,25.0,1.5
2025-11-04T11:00:00+08:00,559.3097,650.0,74.5746,25.0,1.5
2025-11-04T12:00:00+08:00,579.5962,650.0,77.2795,25.0,1.5
2025-11-04T13:00:00+08:00,554.7635,650.0,73.9685,25.0,1.5
2025-11-04T14:00:00+08:00,486.5038,650.0,64.8672,25.0,1.5
2025-11-04T15:00:00+08:00,379.4689,650.0,50.5958,25.0,1.5
2025-11-04T16:00:00+08:00,240.953,650.0,32.1271,25.0,1.5
2025-11-04T17:00:00+08:00,80.3959,650.0,10.7194,25.0,1.5
2025-11-04T18:00:00+08:00,0.0,0.0,0.0,25.0,1.5
2025-11-04T19:00:00+08:00,0.0,0.0,0.0,25.0,1.5
2025-11-04T20:00:00+08:00,0.0,0.0,0.0,25.0,1.5
2025-11-04T21:00:00+08:00,0.0,0.0,0.0,25.0,1.5
2025-11-04T22:00:00+08:00,0.0,0.0,0.0,25.0,1.5
2025-11-04T23:00:00+08:00,0.0,0.0,0.0,25.0,1.5
2025-11-05T00:00:00+08:00,0.0,0.0,0.0,25.0,1.5
2025-11-05T01:00:00+08:00,0.0,0.0,0.0,25.0,1.5
2025-11-05T02:00:00+08:00,0.0,0.0,0.0,25.0,1.5
2025-11-05T03:00:00+08:00,0.0,0.0,0.0,25.0,1.5
2025-11-05T04:00:00+08:00,0.0,0.0,0.0,25.0,1.5
2025-11-05T05:00:00+08:00,0.0,0.0,0.0,25.0,1.5
2025-11-05T06:00:00+08:00,0.0,0.0,0.0,25.0,1.5
2025-11-05T07:00:00+08:00,95.6732,650.0,12.7564,25.0,1.5
2025-11-05T08:00:00+08:00,254.2404,650.0,33.8987,25.0,1.5
2025-11-05T09:00:00+08:00,389.7638,650.0,51.9685,25.0,1.5
2025-11-05T10:00:00+08:00,493.0077,650.0,65.7344,25.0,1.5
2025-11-05T11:00:00+08:00,556.9362,650.0,74.2582,25.0,1.5
2025-11-05T12:00:00+08:00,577.1927,650.0,76.959,25.0,1.5
2025-11-05T13:00:00+08:00,552.3967,650.0,73.6529,25.0,1.5
2025-11-05T14:00:00+08:00,484.2381,650.0,64.5651,25.0,1.5
2025-11-05T15:00:00+08:00,377.3617,650.0,50.3149,25.0,1.5
2025-11-05T16:00:00+08:00,239.051,650.0,31.8735,25.0,1.5
2025-11-05T17:00:00+08:00,78.7316,650.0,10.4975,25.0,1.5
2025-11-05T18:00:00+08:00,0.0,0.0,0.0,25.0,1.5
2025-11-05T19:00:00+08:00,0.0,0.0,0.0,25.0,1.5
2025-11-05T20:00:00+08:00,0.0,0.0,0.0,25.0,1.5
2025-11-05T21:00:00+08:00,0.0,0.0,0.0,25.0,1.5
2025-11-05T22:00:00+08:00,0.0,0.0,0.0,25.0,1.5
2025-11-05T23:00:00+08:00,0.0,0.0,0.0,25.0,1.5
2025-11-06T00:00:00+08:00,0.0,0.0,0.0,25.0,1.5
2025-11-06T01:00:00+08:00,0.0,0.0,0.0,25.0,1.5
2025-11-06T02:00:00+08:00,0.0,0.0,0.0,25.0,1.5
2025-11-06T03:00:00+08:00,0.0,0.0,0.0,25.0,1.5
2025-11-06T04:00:00+08:00,0.0,0.0,0.0,25.0,1.5
2025-11-06T05:00:00+08:00,0.0,0.0,0.0,25.0,1.5
2025-11-06T06:00:00+08:00,0.0,0.0,0.0,25.0,1.5
2025-11-06T07:00:00+08:00,94.0101,650.0,12.5347,25.0,1.5
2025-11-06T08:00:00+08:00,252.3422,650.0,33.6456,25.0,1.5
2025-11-06T09:00:00+08:00,387.6647,650.0,51.6886,25.0,1.5
2025-11-06T10:00:00+08:00,490.7555,650.0,65.4341,25.0,1.5
2025-11-06T11:00:00+08:00,554.5892,650.0,73.9452,25.0,1.5
2025-11-06T12:00:00+08:00,574.8157,650.0,76.6421,25.0,1.5
2025-11-06T13:00:00+08:00,550.0565,650.0,73.3409,25.0,1.5
2025-11-06T14:00:00+08:00,481.9989,650.0,64.2665,25.0,1.5
2025-11-06T15:00:00+08:00,375.281,650.0,50.0375,25.0,1.5
2025-11-06T16:00:00+08:00,237.1753,650.0,31.6234,25.0,1.5
2025-11-06T17:00:00+08:00,77.0937,650.0,10.2792,25.0,1.5
2025-11-06T18:00:00+08:00,0.0,0.0,0.0,25.0,1.5
2025-11-06T19:00:00+08:00,0.0,0.0,0.0,25.0,1.5
2025-11-06T20:00:00+08:00,0.0,0.0,0.0,25.0,1.5
2025-11-06T21:00:00+08:00,0.0,0.0,0.0,25.0,1.5
2025-11-06T22:00:00+08:00,0.0,0.0,0.0,25.0,1.5
2025-11-06T23:00:00+08:00,0.0,0.0,0.0,25.0,1.5
2025-11-07T00:00:00+08:00,0.0,0.0,0.0,25.0,1.5
2025-11-07T01:00:00+08:00,0.0,0.0,0.0,25.0,1.5
2025-11-07T02:00:00+08:00,0.0,0.0,0.0,25.0,1.5
2025-11-07T03:00:00+08:00,0.0,0.0,0.0,25.0,1.5
2025-11-07T04:00:00+08:00,0.0,0.0,0.0,25.0,1.5
2025-11-07T05:00:00+08:00,0.0,0.0,0.0,25.0,1.5
2025-11-07T06:00:00+08:00,0.0,0.0,0.0,25.0,1.5
2025-11-07T07:00:00+08:00,92.3741,650.0,12.3165,25.0,1.5
2025-11-07T08:00:00+08:00,250.4714,650.0,33.3962,25.0,1.5
2025-11-07T09:00:00+08:00,385.5932,650.0,51.4124,25.0,1.5
2025-11-07T10:00:00+08:00,488.5312,650.0,65.1375,25.0,1.5
2025-11-07T11:00:00+08:00,552.2703,650.0,73.636,25.0,1.5
2025-11-07T12:00:00+08:00,572.4668,650.0,76.3289,25.0,1.5
2025-11-07T13:00:00+08:00,547.7443,650.0,73.0326,25.0,1.5
2025-11-07T14:00:00+08:00,479.7876,650.0,63.9717,25.0,1.5
2025-11-07T15:00:00+08:00,373.2279,650.0,49.7637,25.0,1.5
2025-11-07T16:00:00+08:00,235.327,650.0,31.3769,25.0,1.5
2025-11-07T17:00:00+08:00,75.4827,650.0,10.0644,25.0,1.5
2025-11-07T18:00:00+08:00,0.0,0.0,0.0,25.0,1.5
2025-11-07T19:00:00+08:00,0.0,0.0,0.0,25.0,1.5
2025-11-07T20:00:00+08:00,0.0,0.0,0.0,25.0,1.5
2025-11-07T21:00:00+08:00,0.0,0.0,0.0,25.0,1.5
2025-11-07T22:00:00+08:00,0.0,0.0,0.0,25.0,1.5
2025-11-07T23:00:00+08:00,0.0,0.0,0.0,25.0,1.5
2025-11-08T00:00:00+08:00,0.0,0.0,0.0,25.0,1.5
2025-11-08T01:00:00+08:00,0.0,0.0,0.0,25.0,1.5
2025-11-08T02:00:00+08:00,0.0,0.0,0.0,25.0,1.5
2025-11-08T03:00:00+08:00,0.0,0.0,0.0,25.0,1.5
2025-11-08T04:00:00+08:00,0.0,0.0,0.0,25.0,1.5
2025-11-08T05:00:00+08:00,0.0,0.0,0.0,25.0,1.5
2025-11-08T06:00:00+08:00,0.0,0.0,0.0,25.0,1.5
2025-11-08T07:00:00+08:00,90.7657,650.0,12.1021,25.0,1.5
2025-11-08T08:00:00+08:00,248.6289,650.0,33.1505,25.0,1.5
2025-11-08T09:00:00+08:00,383.5507,650.0,51.1401,25.0,1.5
2025-11-08T10:00:00+08:00,486.3362,650.0,64.8448,25.0,1.5
2025-11-08T11:00:00+08:00,549.9809,650.0,73.3308,25.0,1.5
2025-11-08T12:00:00+08:00,570.1475,650.0,76.0197,25.0,1.5
2025-11-08T13:00:00+08:00,545.4616,650.0,72.7282,25.0,1.5
2025-11-08T14:00:00+08:00,477.6055,650.0,63.6807,25.0,1.5
2025-11-08T15:00:00+08:00,371.2036,650.0,49.4938,25.0,1.5
2025-11-08T16:00:00+08:00,233.507,650.0,31.1343,25.0,1.5
2025-11-08T17:00:00+08:00,73.8993,650.0,9.8532,25.0,1.5
2025-11-08T18:00:00+08:00,0.0,0.0,0.0,25.0,1.5
2025-11-08T19:00:00+08:00,0.0,0.0,0.0,25.0,1.5
2025-11-08T20:00:00+08:00,0.0,0.0,0.0,25.0,1.5
2025-11-08T21:00:00+08:00,0.0,0.0,0.0,25.0,1.5
2025-11-08T22:00:00+08:00,0.0,0.0,0.0,25.0,1.5
2025-11-08T23:00:00+08:00,0.0,0.0,0.0,25.0,1.5
2025-11-09T00:00:00+08:00,0.0,0.0,0.0,25.0,1.5
2025-11-09T01:00:00+08:00,0.0,0.0,0.0,25.0,1.5
2025-11-09T02:00:00+08:00,0.0,0.0,0.0,25.0,1.5
2025-11-09T03:00:00+08:00,0.0,0.0,0.0,25.0,1.5
2025-11-09T04:00:00+08:00,0.0,0.0,0.0,25.0,1.5
2025-11-09T05:00:00+08:00,0.0,0.0,0.0,25.0,1.5
2025-11-09T06:00:00+08:00,0.0,0.0,0.0,25.0,1.5
2025-11-09T07:00:00+08:00,89.1856,650.0,11.8914,25.0,1.5
2025-11-09T08:00:00+08:00,246.8156,650.0,32.9087,25.0,1.5
2025-11-09T09:00:00+08:00,381.538,650.0,50.8717,25.0,1.5
2025-11-09T10:00:00+08:00,484.1717,650.0,64.5562,25.0,1.5
2025-11-09T11:00:00+08:00,547.7224,650.0,73.0297,25.0,1.5
2025-11-09T12:00:00+08:00,567.8592,650.0,75.7146,25.0,1.5
2025-11-09T13:00:00+08:00,543.2098,650.0,72.428,25.0,1.5
2025-11-09T14:00:00+08:00,475.454,650.0,63.3939,25.0,1.5
2025-11-09T15:00:00+08:00,369.2092,650.0,49.2279,25.0,1.5
2025-11-09T16:00:00+08:00,231.716,650.0,30.8955,25.0,1.5
2025-11-09T17:00:00+08:00,72.3441,650.0,9.6459,25.0,1.5
2025-11-09T18:00:00+08:00,0.0,0.0,0.0,25.0,1.5
2025-11-09T19:00:00+08:00,0.0,0.0,0.0,25.0,1.5
2025-11-09T20:00:00+08:00,0.0,0.0,0.0,25.0,1.5
2025-11-09T21:00:00+08:00,0.0,0.0,0.0,25.0,1.5
2025-11-09T22:00:00+08:00,0.0,0.0,0.0,25.0,1.5
2025-11-09T23:00:00+08:00,0.0,0.0,0.0,25.0,1.5
2025-11-10T00:00:00+08:00,0.0,0.0,0.0,25.0,1.5
2025-11-10T01:00:00+08:00,0.0,0.0,0.0,25.0,1.5
2025-11-10T02:00:00+08:00,0.0,0.0,0.0,25.0,1.5
2025-11-10T03:00:00+08:00,0.0,0.0,0.0,25.0,1.5
2025-11-10T04:00:00+08:00,0.0,0.0,0.0,25.0,1.5
2025-11-10T05:00:00+08:00,0.0,0.0,0.0,25.0,1.5
2025-11-10T06:00:00+08:00,0.0,0.0,0.0,25.0,1.5
2025-11-10T07:00:00+08:00,87.6343,650.0,11.6846,25.0,1.5
2025-11-10T08:00:00+08:00,245.0323,650.0,32.671,25.0,1.5
2025-11-10T09:00:00+08:00,379.5565,650.0,50.6075,25.0,1.5
2025-11-10T10:00:00+08:00,482.0391,650.0,64.2719,25.0,1.5
2025-11-10T11:00:00+08:00,545.4963,650.0,72.7328,25.0,1.5
2025-11-10T12:00:00+08:00,565.6034,650.0,75.4138,25.0,1.5
2025-11-10T13:00:00+08:00,540.9903,650.0,72.132,25.0,1.5
2025-11-10T14:00:00+08:00,473.3342,650.0,63.1112,25.0,1.5
2025-11-10T15:00:00+08:00,367.2458,650.0,48.9661,25.0,1.5
2025-11-10T16:00:00+08:00,229.955,650.0,30.6607,25.0,1.5
2025-11-10T17:00:00+08:00,70.8177,650.0,9.4424,25.0,1.5
2025-11-10T18:00:00+08:00,0.0,0.0,0.0,25.0,1.5
2025-11-10T19:00:00+08:00,0.0,0.0,0.0,25.0,1.5
2025-11-10T20:00:00+08:00,0.0,0.0,0.0,25.0,1.5
2025-11-10T21:00:00+08:00,0.0,0.0,0.0,25.0,1.5
2025-11-10T22:00:00+08:00,0.0,0.0,0.0,25.0,1.5
2025-11-10T23:00:00+08:00,0.0,0.0,0.0,25.0,1.5
2025-11-11T00:00:00+08:00,0.0,0.0,0.0,25.0,1.5
2025-11-11T01:00:00+08:00,0.0,0.0,0.0,25.0,1.5
2025-11-11T02:00:00+08:00,0.0,0.0,0.0,25.0,1.5
2025-11-11T03:00:00+08:00,0.0,0.0,0.0,25.0,1.5
2025-11-11T04:00:00+08:00,0.0,0.0,0.0,25.0,1.5
2025-11-11T05:00:00+08:00,0.0,0.0,0.0,25.0,1.5
2025-11-11T06:00:00+08:00,0.0,0.0,0.0,25.0,1.5
2025-11-11T07:00:00+08:00,86.1126,650.0,11.4817,25.0,1.5
2025-11-11T08:00:00+08:00,243.2801,650.0,32.4373,25.0,1.5
2025-11-11T09:00:00+08:00,377.6071,650.0,50.3476,25.0,1.5
2025-11-11T10:00:00+08:00,479.9397,650.0,63.992,25.0,1.5
2025-11-11T11:00:00+08:00,543.3039,650.0,72.4405,25.0,1.5
2025-11-11T12:00:00+08:00,563.3815,650.0,75.1175,25.0,1.5
2025-11-11T13:00:00+08:00,538.8045,650.0,71.8406,25.0,1.5
2025-11-11T14:00:00+08:00,471.2475,650.0,62.833,25.0,1.5
2025-11-11T15:00:00+08:00,365.3145,650.0,48.7086,25.0,1.5
2025-11-11T16:00:00+08:00,228.2248,650.0,30.43,25.0,1.5
2025-11-11T17:00:00+08:00,69.3206,650.0,9.2427,25.0,1.5
2025-11-11T18:00:00+08:00,0.0,0.0,0.0,25.0,1.5
2025-11-11T19:00:00+08:00,0.0,0.0,0.0,25.0,1.5
2025-11-11T20:00:00+08:00,0.0,0.0,0.0,25.0,1.5
2025-11-11T21:00:00+08:00,0.0,0.0,0.0,25.0,1.5
2025-11-11T22:00:00+08:00,0.0,0.0,0.0,25.0,1.5
2025-11-11T23:00:00+08:00,0.0,0.0,0.0,25.0,1.5
2025-11-12T00:00:00+08:00,0.0,0.0,0.0,25.0,1.5
2025-11-12T01:00:00+08:00,0.0,0.0,0.0,25.0,1.5
2025-11-12T02:00:00+08:00,0.0,0.0,0.0,25.0,1.5
2025-11-12T03:00:00+08:00,0.0,0.0,0.0,25.0,1.5
2025-11-12T04:00:00+08:00,0.0,0.0,0.0,25.0,1.5
2025-11-12T05:00:00+08:00,0.0,0.0,0.0,25.0,1.5
2025-11-12T06:00:00+08:00,0.0,0.0,0.0,25.0,1.5
2025-11-12T07:00:00+08:00,84.621,650.0,11.2828,25.0,1.5
2025-11-12T08:00:00+08:00,241.5596,650.0,32.2079,25.0,1.5
2025-11-12T09:00:00+08:00,375.6911,650.0,50.0921,25.0,1.5
2025-11-12T10:00:00+08:00,477.8746,650.0,63.7166,25.0,1.5
2025-11-12T11:00:00+08:00,541.1466,650.0,72.1529,25.0,1.5
2025-11-12T12:00:00+08:00,561.195,650.0,74.826,25.0,1.5
2025-11-12T13:00:00+08:00,536.6537,650.0,71.5538,25.0,1.5
2025-11-12T14:00:00+08:00,469.1951,650.0,62.5593,25.0,1.5
2025-11-12T15:00:00+08:00,363.4164,650.0,48.4555,25.0,1.5
2025-11-12T16:00:00+08:00,226.5262,650.0,30.2035,25.0,1.5
2025-11-12T17:00:00+08:00,67.8534,650.0,9.0471,25.0,1.5
2025-11-12T18:00:00+08:00,0.0,0.0,0.0,25.0,1.5
2025-11-12T19:00:00+08:00,0.0,0.0,0.0,25.0,1.5
2025-11-12T20:00:00+08:00,0.0,0.0,0.0,25.0,1.5
2025-11-12T21:00:00+08:00,0.0,0.0,0.0,25.0,1.5
2025-11-12T22:00:00+08:00,0.0,0.0,0.0,25.0,1.5
2025-11-12T23:00:00+08:00,0.0,0.0,0.0,25.0,1.5
2025-11-13T00:00:00+08:00,0.0,0.0,0.0,25.0,1.5
2025-11-13T01:00:00+08:00,0.0,0.0,0.0,25.0,1.5
2025-11-13T02:00:00+08:00,0.0,0.0,0.0,25.0,1.5
2025-11-13T03:00:00+08:00,0.0,0.0,0.0,25.0,1.5
2025-11-13T04:00:00+08:00,0.0,0.0,0.0,25.0,1.5
2025-11-13T05:00:00+08:00,0.0,0.0,0.0,25.0,1.5
2025-11-13T06:00:00+08:00,0.0,0.0,0.0,25.0,1.5
2025-11-13T07:00:00+08:00,83.16,650.0,11.088,25.0,1.5
2025-11-13T08:00:00+08:00,239.8718,650.0,31.9829,25.0,1.5
2025-11-13T09:00:00+08:00,373.8094,650.0,49.8413,25.0,1.5
2025-11-13T10:00:00+08:00,475.8453,650.0,63.446,25.0,1.5
2025-11-13T11:00:00+08:00,539.0258,650.0,71.8701,25.0,1.5
2025-11-13T12:00:00+08:00,559.0453,650.0,74.5394,25.0,1.5
2025-11-13T13:00:00+08:00,534.5394,650.0,71.2719,25.0,1.5
2025-11-13T14:00:00+08:00,467.1783,650.0,62.2904,25.0,1.5
2025-11-13T15:00:00+08:00,361.5525,650.0,48.207,25.0,1.5
2025-11-13T16:00:00+08:00,224.8601,650.0,29.9814,25.0,1.5
2025-11-13T17:00:00+08:00,66.4167,650.0,8.8556,25.0,1.5
2025-11-13T18:00:00+08:00,0.0,0.0,0.0,25.0,1.5
2025-11-13T19:00:00+08:00,0.0,0.0,0.0,25.0,1.5
2025-11-13T20:00:00+08:00,0.0,0.0,0.0,25.0,1.5
2025-11-13T21:00:00+08:00,0.0,0.0,0.0,25.0,1.5
2025-11-13T22:00:00+08:00,0.0,0.0,0.0,25.0,1.5
2025-11-13T23:00:00+08:00,0.0,0.0,0.0,25.0,1.5
2025-11-14T00:00:00+08:00,0.0,0.0,0.0,25.0,1.5
2025-11-14T01:00:00+08:00,0.0,0.0,0.0,25.0,1.5
2025-11-14T02:00:00+08:00,0.0,0.0,0.0,25.0,1.5
2025-11-14T03:00:00+08:00,0.0,0.0,0.0,25.0,1.5
2025-11-14T04:00:00+08:00,0.0,0.0,0.0,25.0,1.5
2025-11-14T05:00:00+08:00,0.0,0.0,0.0,25.0,1.5
2025-11-14T06:00:00+08:00,0.0,0.0,0.0,25.0,1.5
2025-11-14T07:00:00+08:00,81.7302,650.0,10.8974,25.0,1.5
2025-11-14T08:00:00+08:00,238.2175,650.0,31.7623,25.0,1.5
2025-11-14T09:00:00+08:00,371.9632,650.0,49.5951,25.0,1.5
2025-11-14T10:00:00+08:00,473.8529,650.0,63.1804,25.0,1.5
2025-11-14T11:00:00+08:00,536.9428,650.0,71.5924,25.0,1.5
2025-11-14T12:00:00+08:00,556.9336,650.0,74.2578,25.0,1.5
2025-11-14T13:00:00+08:00,532.4629,650.0,70.995,25.0,1.5
2025-11-14T14:00:00+08:00,465.1983,650.0,62.0264,25.0,1.5
2025-11-14T15:00:00+08:00,359.7238,650.0,47.9632,25.0,1.5
2025-11-14T16:00:00+08:00,223.2273,650.0,29.7636,25.0,1.5
2025-11-14T17:00:00+08:00,65.0109,650.0,8.6681,25.0,1.5
2025-11-14T18:00:00+08:00,0.0,0.0,0.0,25.0,1.5
2025-11-14T19:00:00+08:00,0.0,0.0,0.0,25.0,1.5
2025-11-14T20:00:00+08:00,0.0,0.0,0.0,25.0,1.5
2025-11-14T21:00:00+08:00,0.0,0.0,0.0,25.0,1.5
2025-11-14T22:00:00+08:00,0.0,0.0,0.0,25.0,1.5
2025-11-14T23:00:00+08:00,0.0,0.0,0.0,25.0,1.5
2025-11-15T00:00:00+08:00,0.0,0.0,0.0,25.0,1.5
2025-11-15T01:00:00+08:00,0.0,0.0,0.0,25.0,1.5
2025-11-15T02:00:00+08:00,0.0,0.0,0.0,25.0,1.5
2025-11-15T03:00:00+08:00,0.0,0.0,0.0,25.0,1.5
2025-11-15T04:00:00+08:00,0.0,0.0,0.0,25.0,1.5
2025-11-15T05:00:00+08:00,0.0,0.0,0.0,25.0,1.5
2025-11-15T06:00:00+08:00,0.0,0.0,0.0,25.0,1.5
2025-11-15T07:00:00+08:00,80.3323,650.0,10.711,25.0,1.5
2025-11-15T08:00:00+08:00,236.5975,650.0,31.5463,25.0,1.5
2025-11-15T09:00:00+08:00,370.1534,650.0,49.3538,25.0,1.5
2025-11-15T10:00:00+08:00,471.8985,650.0,62.9198,25.0,1.5
2025-11-15T11:00:00+08:00,534.899,650.0,71.3199,25.0,1.5
2025-11-15T12:00:00+08:00,554.8614,650.0,73.9815,25.0,1.5
2025-11-15T13:00:00+08:00,530.4254,650.0,70.7234,25.0,1.5
2025-11-15T14:00:00+08:00,463.2562,650.0,61.7675,25.0,1.5
2025-11-15T15:00:00+08:00,357.9314,650.0,47.7242,25.0,1.5
2025-11-15T16:00:00+08:00,221.6286,650.0,29.5505,25.0,1.5
2025-11-15T17:00:00+08:00,63.6367,650.0,8.4849,25.0,1.5
2025-11-15T18:00:00+08:00,0.0,0.0,0.0,25.0,1.5
2025-11-15T19:00:00+08:00,0.0,0.0,0.0,25.0,1.5
2025-11-15T20:00:00+08:00,0.0,0.0,0.0,25.0,1.5
2025-11-15T21:00:00+08:00,0.0,0.0,0.0,25.0,1.5
2025-11-15T22:00:00+08:00,0.0,0.0,0.0,25.0,1.5
2025-11-15T23:00:00+08:00,0.0,0.0,0.0,25.0,1.5
2025-11-16T00:00:00+08:00,0.0,0.0,0.0,25.0,1.5
2025-11-16T01:00:00+08:00,0.0,0.0,0.0,25.0,1.5
2025-11-16T02:00:00+08:00,0.0,0.0,0.0,25.0,1.5
2025-11-16T03:00:00+08:00,0.0,0.0,0.0,25.0,1.5
2025-11-16T04:00:00+08:00,0.0,0.0,0.0,25.0,1.5
2025-11-16T05:00:00+08:00,0.0,0.0,0.0,25.0,1.5
2025-11-16T06:00:00+08:00,0.0,0.0,0.0,25.0,1.5
2025-11-16T07:00:00+08:00,78.9666,650.0,10.5289,25.0,1.5
2025-11-16T08:00:00+08:00,235.0126,650.0,31.335,25.0,1.5
2025-11-16T09:00:00+08:00,368.3812,650.0,49.1175,25.0,1.5
2025-11-16T10:00:00+08:00,469.9835,650.0,62.6645,25.0,1.5
2025-11-16T11:00:00+08:00,532.8955,650.0,71.0527,25.0,1.5
2025-11-16T12:00:00+08:00,552.83,650.0,73.7107,25.0,1.5
2025-11-16T13:00:00+08:00,528.4282,650.0,70.4571,25.0,1.5
2025-11-16T14:00:00+08:00,461.3533,650.0,61.5138,25.0,1.5
2025-11-16T15:00:00+08:00,356.1763,650.0,47.4902,25.0,1.5
2025-11-16T16:00:00+08:00,220.0647,650.0,29.342,25.0,1.5
2025-11-16T17:00:00+08:00,62.2944,650.0,8.3059,25.0,1.5
2025-11-16T18:00:00+08:00,0.0,0.0,0.0,25.0,1.5
2025-11-16T19:00:00+08:00,0.0,0.0,0.0,25.0,1.5
2025-11-16T20:00:00+08:00,0.0,0.0,0.0,25.0,1.5
2025-11-16T21:00:00+08:00,0.0,0.0,0.0,25.0,1.5
2025-11-16T22:00:00+08:00,0.0,0.0,0.0,25.0,1.5
2025-11-16T23:00:00+08:00,0.0,0.0,0.0,25.0,1.5
2025-11-17T00:00:00+08:00,0.0,0.0,0.0,25.0,1.5
2025-11-17T01:00:00+08:00,0.0,0.0,0.0,25.0,1.5
2025-11-17T02:00:00+08:00,0.0,0.0,0.0,25.0,1.5
2025-11-17T03:00:00+08:00,0.0,0.0,0.0,25.0,1.5
2025-11-17T04:00:00+08:00,0.0,0.0,0.0,25.0,1.5
2025-11-17T05:00:00+08:00,0.0,0.0,0.0,25.0,1.5
2025-11-17T06:00:00+08:00,0.0,0.0,0.0,25.0,1.5
2025-11-17T07:00:00+08:00,77.6338,650.0,10.3512,25.0,1.5
2025-11-17T08:00:00+08:00,233.4636,650.0,31.1285,25.0,1.5
2025-11-17T09:00:00+08:00,366.6474,650.0,48.8863,25.0,1.5
2025-11-17T10:00:00+08:00,468.1089,650.0,62.4145,25.0,1.5
2025-11-17T11:00:00+08:00,530.9338,650.0,70.7912,25.0,1.5
2025-11-17T12:00:00+08:00,550.8406,650.0,73.4454,25.0,1.5
2025-11-17T13:00:00+08:00,526.4727,650.0,70.1964,25.0,1.5
2025-11-17T14:00:00+08:00,459.4907,650.0,61.2654,25.0,1.5
2025-11-17T15:00:00+08:00,354.4594,650.0,47.2613,25.0,1.5
2025-11-17T16:00:00+08:00,218.5364,650.0,29.1382,25.0,1.5
2025-11-17T17:00:00+08:00,60.9847,650.0,8.1313,25.0,1.5
2025-11-17T18:00:00+08:00,0.0,0.0,0.0,25.0,1.5
2025-11-17T19:00:00+08:00,0.0,0.0,0.0,25.0,1.5
2025-11-17T20:00:00+08:00,0.0,0.0,0.0,25.0,1.5
2025-11-17T21:00:00+08:00,0.0,0.0,0.0,25.0,1.5
2025-11-17T22:00:00+08:00,0.0,0.0,0.0,25.0,1.5
2025-11-17T23:00:00+08:00,0.0,0.0,0.0,25.0,1.5
2025-11-18T00:00:00+08:00,0.0,0.0,0.0,25.0,1.5
2025-11-18T01:00:00+08:00,0.0,0.0,0.0,25.0,1.5
2025-11-18T02:00:00+08:00,0.0,0.0,0.0,25.0,1.5
2025-11-18T03:00:00+08:00,0.0,0.0,0.0,25.0,1.5
2025-11-18T04:00:00+08:00,0.0,0.0,0.0,25.0,1.5
2025-11-18T05:00:00+08:00,0.0,0.0,0.0,25.0,1.5
2025-11-18T06:00:00+08:00,0.0,0.0,0.0,25.0,1.5
2025-11-18T07:00:00+08:00,76.3343,650.0,10.1779,25.0,1.5
2025-11-18T08:00:00+08:00,231.9512,650.0,30.9268,25.0,1.5
2025-11-18T09:00:00+08:00,364.953,650.0,48.6604,25.0,1.5
2025-11-18T10:00:00+08:00,466.276,650.0,62.1701,25.0,1.5
2025-11-18T11:00:00+08:00,529.015,650.0,70.5353,25.0,1.5
2025-11-18T12:00:00+08:00,548.8946,650.0,73.186,25.0,1.5
2025-11-18T13:00:00+08:00,524.56,650.0,69.9413,25.0,1.5
2025-11-18T14:00:00+08:00,457.6696,650.0,61.0226,25.0,1.5
2025-11-18T15:00:00+08:00,352.7817,650.0,47.0376,25.0,1.5
2025-11-18T16:00:00+08:00,217.0444,650.0,28.9393,25.0,1.5
2025-11-18T17:00:00+08:00,59.708,650.0,7.9611,25.0,1.5
2025-11-18T18:00:00+08:00,0.0,0.0,0.0,25.0,1.5
2025-11-18T19:00:00+08:00,0.0,0.0,0.0,25.0,1.5
2025-11-18T20:00:00+08:00,0.0,0.0,0.0,25.0,1.5
2025-11-18T21:00:00+08:00,0.0,0.0,0.0,25.0,1.5
2025-11-18T22:00:00+08:00,0.0,0.0,0.0,25.0,1.5
2025-11-18T23:00:00+08:00,0.0,0.0,0.0,25.0,1.5
2025-11-19T00:00:00+08:00,0.0,0.0,0.0,25.0,1.5
2025-11-19T01:00:00+08:00,0.0,0.0,0.0,25.0,1.5
2025-11-19T02:00:00+08:00,0.0,0.0,0.0,25.0,1.5
2025-11-19T03:00:00+08:00,0.0,0.0,0.0,25.0,1.5
2025-11-19T04:00:00+08:00,0.0,0.0,0.0,25.0,1.5
2025-11-19T05:00:00+08:00,0.0,0.0,0.0,25.0,1.5
2025-11-19T06:00:00+08:00,0.0,0.0,0.0,25.0,1.5
2025-11-19T07:00:00+08:00,75.0687,650.0,10.0092,25.0,1.5
2025-11-19T08:00:00+08:00,230.4762,650.0,30.7302,25.0,1.5
2025-11-19T09:00:00+08:00,363.2991,650.0,48.4399,25.0,1.5
2025-11-19T10:00:00+08:00,464.4857,650.0,61.9314,25.0,1.5
2025-11-19T11:00:00+08:00,527.1404,650.0,70.2854,25.0,1.5
2025-11-19T12:00:00+08:00,546.9932,650.0,72.9324,25.0,1.5
2025-11-19T13:00:00+08:00,522.6914,650.0,69.6922,25.0,1.5
2025-11-19T14:00:00+08:00,455.8909,650.0,60.7855,25.0,1.5
2025-11-19T15:00:00+08:00,351.1442,650.0,46.8192,25.0,1.5
2025-11-19T16:00:00+08:00,215.5895,650.0,28.7453,25.0,1.5
2025-11-19T17:00:00+08:00,58.4647,650.0,7.7953,25.0,1.5
2025-11-19T18:00:00+08:00,0.0,0.0,0.0,25.0,1.5
2025-11-19T19:00:00+08:00,0.0,0.0,0.0,25.0,1.5
2025-11-19T20:00:00+08:00,0.0,0.0,0.0,25.0,1.5
2025-11-19T21:00:00+08:00,0.0,0.0,0.0,25.0,1.5
2025-11-19T22:00:00+08:00,0.0,0.0,0.0,25.0,1.5
2025-11-19T23:00:00+08:00,0.0,0.0,0.0,25.0,1.5
2025-11-20T00:00:00+08:00,0.0,0.0,0.0,25.0,1.5
2025-11-20T01:00:00+08:00,0.0,0.0,0.0,25.0,1.5
2025-11-20T02:00:00+08:00,0.0,0.0,0.0,25.0,1.5
2025-11-20T03:00:00+08:00,0.0,0.0,0.0,25.0,1.5
2025-11-20T04:00:00+08:00,0.0,0.0,0.0,25.0,1.5
2025-11-20T05:00:00+08:00,0.0,0.0,0.0,25.0,1.5
2025-11-20T06:00:00+08:00,0.0,0.0,0.0,25.0,1.5
2025-11-20T07:00:00+08:00,73.8374,650.0,9.845,25.0,1.5
2025-11-20T08:00:00+08:00,229.0394,650.0,30.5386,25.0,1.5
2025-11-20T09:00:00+08:00,361.6866,650.0,48.2249,25.0,1.5
2025-11-20T10:00:00+08:00,462.7393,650.0,61.6986,25.0,1.5
2025-11-20T11:00:00+08:00,525.3111,650.0,70.0415,25.0,1.5
2025-11-20T12:00:00+08:00,545.1377,650.0,72.685,25.0,1.5
2025-11-20T13:00:00+08:00,520.868,650.0,69.4491,25.0,1.5
2025-11-20T14:00:00+08:00,454.1558,650.0,60.5541,25.0,1.5
2025-11-20T15:00:00+08:00,349.5477,650.0,46.6064,25.0,1.5
2025-11-20T16:00:00+08:00,214.1723,650.0,28.5563,25.0,1.5
2025-11-20T17:00:00+08:00,57.2554,650.0,7.6341,25.0,1.5
2025-11-20T18:00:00+08:00,0.0,0.0,0.0,25.0,1.5
2025-11-20T19:00:00+08:00,0.0,0.0,0.0,25.0,1.5
2025-11-20T20:00:00+08:00,0.0,0.0,0.0,25.0,1.5
2025-11-20T21:00:00+08:00,0.0,0.0,0.0,25.0,1.5
2025-11-20T22:00:00+08:00,0.0,0.0,0.0,25.0,1.5
2025-11-20T23:00:00+08:00,0.0,0.0,0.0,25.0,1.5
2025-11-21T00:00:00+08:00,0.0,0.0,0.0,25.0,1.5
2025-11-21T01:00:00+08:00,0.0,0.0,0.0,25.0,1.5
2025-11-21T02:00:00+08:00,0.0,0.0,0.0,25.0,1.5
2025-11-21T03:00:00+08:00,0.0,0.0,0.0,25.0,1.5
2025-11-21T04:00:00+08:00,0.0,0.0,0.0,25.0,1.5
2025-11-21T05:00:00+08:00,0.0,0.0,0.0,25.0,1.5
2025-11-21T06:00:00+08:00,0.0,0.0,0.0,25.0,1.5
2025-11-21T07:00:00+08:00,72.6409,650.0,9.6855,25.0,1.5
2025-11-21T08:00:00+08:00,227.6413,650.0,30.3522,25.0,1.5
2025-11-21T09:00:00+08:00,360.1162,650.0,48.0155,25.0,1.5
2025-11-21T10:00:00+08:00,461.0378,650.0,61.4717,25.0,1.5
2025-11-21T11:00:00+08:00,523.5283,650.0,69.8038,25.0,1.5
2025-11-21T12:00:00+08:00,543.3291,650.0,72.4439,25.0,1.5
2025-11-21T13:00:00+08:00,519.0909,650.0,69.2121,25.0,1.5
2025-11-21T14:00:00+08:00,452.4654,650.0,60.3287,25.0,1.5
2025-11-21T15:00:00+08:00,347.9931,650.0,46.3991,25.0,1.5
2025-11-21T16:00:00+08:00,212.7936,650.0,28.3725,25.0,1.5
2025-11-21T17:00:00+08:00,56.0804,650.0,7.4774,25.0,1.5
2025-11-21T18:00:00+08:00,0.0,0.0,0.0,25.0,1.5
2025-11-21T19:00:00+08:00,0.0,0.0,0.0,25.0,1.5
2025-11-21T20:00:00+08:00,0.0,0.0,0.0,25.0,1.5
2025-11-21T21:00:00+08:00,0.0,0.0,0.0,25.0,1.5
2025-11-21T22:00:00+08:00,0.0,0.0,0.0,25.0,1.5
2025-11-21T23:00:00+08:00,0.0,0.0,0.0,25.0,1.5
2025-11-22T00:00:00+08:00,0.0,0.0,0.0,25.0,1.5
2025-11-22T01:00:00+08:00,0.0,0.0,0.0,25.0,1.5
2025-11-22T02:00:00+08:00,0.0,0.0,0.0,25.0,1.5
2025-11-22T03:00:00+08:00,0.0,0.0,0.0,25.0,1.5
2025-11-22T04:00:00+08:00,0.0,0.0,0.0,25.0,1.5
2025-11-22T05:00:00+08:00,0.0,0.0,0.0,25.0,1.5
2025-11-22T06:00:00+08:00,0.0,0.0,0.0,25.0,1.5
2025-11-22T07:00:00+08:00,71.4796,650.0,9.5306,25.0,1.5
2025-11-22T08:00:00+08:00,226.2827,650.0,30.171,25.0,1.5
2025-11-22T09:00:00+08:00,358.5891,650.0,47.8119,25.0,1.5
2025-11-22T10:00:00+08:00,459.3821,650.0,61.251,25.0,1.5
2025-11-22T11:00:00+08:00,521.7931,650.0,69.5724,25.0,1.5
2025-11-22T12:00:00+08:00,541.5687,650.0,72.2092,25.0,1.5
2025-11-22T13:00:00+08:00,517.3614,650.0,68.9815,25.0,1.5
2025-11-22T14:00:00+08:00,450.8207,650.0,60.1094,25.0,1.5
2025-11-22T15:00:00+08:00,346.4814,650.0,46.1975,25.0,1.5
2025-11-22T16:00:00+08:00,211.4539,650.0,28.1939,25.0,1.5
2025-11-22T17:00:00+08:00,54.9402,650.0,7.3254,25.0,1.5
2025-11-22T18:00:00+08:00,0.0,0.0,0.0,25.0,1.5
2025-11-22T19:00:00+08:00,0.0,0.0,0.0,25.0,1.5
2025-11-22T20:00:00+08:00,0.0,0.0,0.0,25.0,1.5
2025-11-22T21:00:00+08:00,0.0,0.0,0.0,25.0,1.5
2025-11-22T22:00:00+08:00,0.0,0.0,0.0,25.0,1.5
2025-11-22T23:00:00+08:00,0.0,0.0,0.0,25.0,1.5
2025-11-23T00:00:00+08:00,0.0,0.0,0.0,25.0,1.5
2025-11-23T01:00:00+08:00,0.0,0.0,0.0,25.0,1.5
2025-11-23T02:00:00+08:00,0.0,0.0,0.0,25.0,1.5
2025-11-23T03:00:00+08:00,0.0,0.0,0.0,25.0,1.5
2025-11-23T04:00:00+08:00,0.0,0.0,0.0,25.0,1.5
2025-11-23T05:00:00+08:00,0.0,0.0,0.0,25.0,1.5
2025-11-23T06:00:00+08:00,0.0,0.0,0.0,25.0,1.5
2025-11-23T07:00:00+08:00,70.354,650.0,9.3805,25.0,1.5
2025-11-23T08:00:00+08:00,224.9643,650.0,29.9952,25.0,1.5
2025-11-23T09:00:00+08:00,357.1059,650.0,47.6141,25.0,1.5
2025-11-23T10:00:00+08:00,457.7734,650.0,61.0365,25.0,1.5
2025-11-23T11:00:00+08:00,520.1067,650.0,69.3476,25.0,1.5
2025-11-23T12:00:00+08:00,539.8577,650.0,71.981,25.0,1.5
2025-11-23T13:00:00+08:00,515.6805,650.0,68.7574,25.0,1.5
2025-11-23T14:00:00+08:00,449.2227,650.0,59.8964,25.0,1.5
2025-11-23T15:00:00+08:00,345.0133,650.0,46.0018,25.0,1.5
2025-11-23T16:00:00+08:00,210.154,650.0,28.0205,25.0,1.5
2025-11-23T17:00:00+08:00,53.8352,650.0,7.178,25.0,1.5
2025-11-23T18:00:00+08:00,0.0,0.0,0.0,25.0,1.5
2025-11-23T19:00:00+08:00,0.0,0.0,0.0,25.0,1.5
2025-11-23T20:00:00+08:00,0.0,0.0,0.0,25.0,1.5
2025-11-23T21:00:00+08:00,0.0,0.0,0.0,25.0,1.5
2025-11-23T22:00:00+08:00,0.0,0.0,0.0,25.0,1.5
2025-11-23T23:00:00+08:00,0.0,0.0,0.0,25.0,1.5
2025-11-24T00:00:00+08:00,0.0,0.0,0.0,25.0,1.5
2025-11-24T01:00:00+08:00,0.0,0.0,0.0,25.0,1.5
2025-11-24T02:00:00+08:00,0.0,0.0,0.0,25.0,1.5
2025-11-24T03:00:00+08:00,0.0,0.0,0.0,25.0,1.5
2025-11-24T04:00:00+08:00,0.0,0.0,0.0,25.0,1.5
2025-11-24T05:00:00+08:00,0.0,0.0,0.0,25.0,1.5
2025-11-24T06:00:00+08:00,0.0,0.0,0.0,25.0,1.5
2025-11-24T07:00:00+08:00,69.2645,650.0,9.2353,25.0,1.5
2025-11-24T08:00:00+08:00,223.6867,650.0,29.8249,25.0,1.5
2025-11-24T09:00:00+08:00,355.6675,650.0,47.4223,25.0,1.5
2025-11-24T10:00:00+08:00,456.2126,650.0,60.8283,25.0,1.5
2025-11-24T11:00:00+08:00,518.47,650.0,69.1293,25.0,1.5
2025-11-24T12:00:00+08:00,538.197,650.0,71.7596,25.0,1.5
2025-11-24T13:00:00+08:00,514.0492,650.0,68.5399,25.0,1.5
2025-11-24T14:00:00+08:00,447.6722,650.0,59.6896,25.0,1.5
2025-11-24T15:00:00+08:00,343.5896,650.0,45.8119,25.0,1.5
2025-11-24T16:00:00+08:00,208.8944,650.0,27.8526,25.0,1.5
2025-11-24T17:00:00+08:00,52.7658,650.0,7.0354,25.0,1.5
2025-11-24T18:00:00+08:00,0.0,0.0,0.0,25.0,1.5
2025-11-24T19:00:00+08:00,0.0,0.0,0.0,25.0,1.5
2025-11-24T20:00:00+08:00,0.0,0.0,0.0,25.0,1.5
2025-11-24T21:00:00+08:00,0.0,0.0,0.0,25.0,1.5
2025-11-24T22:00:00+08:00,0.0,0.0,0.0,25.0,1.5
2025-11-24T23:00:00+08:00,0.0,0.0,0.0,25.0,1.5
2025-11-25T00:00:00+08:00,0.0,0.0,0.0,25.0,1.5
2025-11-25T01:00:00+08:00,0.0,0.0,0.0,25.0,1.5
2025-11-25T02:00:00+08:00,0.0,0.0,0.0,25.0,1.5
2025-11-25T03:00:00+08:00,0.0,0.0,0.0,25.0,1.5
2025-11-25T04:00:00+08:00,0.0,0.0,0.0,25.0,1.5
2025-11-25T05:00:00+08:00,0.0,0.0,0.0,25.0,1.5
2025-11-25T06:00:00+08:00,0.0,0.0,0.0,25.0,1.5
2025-11-25T07:00:00+08:00,68.2115,650.0,9.0949,25.0,1.5
2025-11-25T08:00:00+08:00,222.4505,650.0,29.6601,25.0,1.5
2025-11-25T09:00:00+08:00,354.2748,650.0,47.2366,25.0,1.5
2025-11-25T10:00:00+08:00,454.7006,650.0,60.6267,25.0,1.5
2025-11-25T11:00:00+08:00,516.8842,650.0,68.9179,25.0,1.5
2025-11-25T12:00:00+08:00,536.5878,650.0,71.545,25.0,1.5
2025-11-25T13:00:00+08:00,512.4686,650.0,68.3291,25.0,1.5
2025-11-25T14:00:00+08:00,446.1704,650.0,59.4894,25.0,1.5
2025-11-25T15:00:00+08:00,342.2112,650.0,45.6282,25.0,1.5
2025-11-25T16:00:00+08:00,207.6757,650.0,27.6901,25.0,1.5
2025-11-25T17:00:00+08:00,51.7323,650.0,6.8976,25.0,1.5
2025-11-25T18:00:00+08:00,0.0,0.0,0.0,25.0,1.5
2025-11-25T19:00:00+08:00,0.0,0.0,0.0,25.0,1.5
2025-11-25T20:00:00+08:00,0.0,0.0,0.0,25.0,1.5
2025-11-25T21:00:00+08:00,0.0,0.0,0.0,25.0,1.5
2025-11-25T22:00:00+08:00,0.0,0.0,0.0,25.0,1.5
2025-11-25T23:00:00+08:00,0.0,0.0,0.0,25.0,1.5
2025-11-26T00:00:00+08:00,0.0,0.0,0.0,25.0,1.5
2025-11-26T01:00:00+08:00,0.0,0.0,0.0,25.0,1.5
2025-11-26T02:00:00+08:00,0.0,0.0,0.0,25.0,1.5
2025-11-26T03:00:00+08:00,0.0,0.0,0.0,25.0,1.5
2025-11-26T04:00:00+08:00,0.0,0.0,0.0,25.0,1.5
2025-11-26T05:00:00+08:00,0.0,0.0,0.0,25.0,1.5
2025-11-26T06:00:00+08:00,0.0,0.0,0.0,25.0,1.5
2025-11-26T07:00:00+08:00,67.1953,650.0,8.9594,25.0,1.5
2025-11-26T08:00:00+08:00,221.2564,650.0,29.5009,25.0,1.5
2025-11-26T09:00:00+08:00,352.9285,650.0,47.0571,25.0,1.5
2025-11-26T10:00:00+08:00,453.2384,650.0,60.4318,25.0,1.5
2025-11-26T11:00:00+08:00,515.3502,650.0,68.7134,25.0,1.5
2025-11-26T12:00:00+08:00,535.0311,650.0,71.3375,25.0,1.5
2025-11-26T13:00:00+08:00,510.9397,650.0,68.1253,25.0,1.5
2025-11-26T14:00:00+08:00,444.718,650.0,59.2957,25.0,1.5
2025-11-26T15:00:00+08:00,340.8788,650.0,45.4505,25.0,1.5
2025-11-26T16:00:00+08:00,206.4987,650.0,27.5332,25.0,1.5
2025-11-26T17:00:00+08:00,50.7352,650.0,6.7647,25.0,1.5
2025-11-26T18:00:00+08:00,0.0,0.0,0.0,25.0,1.5
2025-11-26T19:00:00+08:00,0.0,0.0,0.0,25.0,1.5
2025-11-26T20:00:00+08:00,0.0,0.0,0.0,25.0,1.5
2025-11-26T21:00:00+08:00,0.0,0.0,0.0,25.0,1.5
2025-11-26T22:00:00+08:00,0.0,0.0,0.0,25.0,1.5
2025-11-26T23:00:00+08:00,0.0,0.0,0.0,25.0,1.5
2025-11-27T00:00:00+08:00,0.0,0.0,0.0,25.0,1.5
2025-11-27T01:00:00+08:00,0.0,0.0,0.0,25.0,1.5
2025-11-27T02:00:00+08:00,0.0,0.0,0.0,25.0,1.5
2025-11-27T03:00:00+08:00,0.0,0.0,0.0,25.0,1.5
2025-11-27T04:00:00+08:00,0.0,0.0,0.0,25.0,1.5
2025-11-27T05:00:00+08:00,0.0,0.0,0.0,25.0,1.5
2025-11-27T06:00:00+08:00,0.0,0.0,0.0,25.0,1.5
2025-11-27T07:00:00+08:00,66.2165,650.0,8.8289,25.0,1.5
2025-11-27T08:00:00+08:00,220.1048,650.0,29.3473,25.0,1.5
2025-11-27T09:00:00+08:00,351.6294,650.0,46.8839,25.0,1.5
2025-11-27T10:00:00+08:00,451.8269,650.0,60.2436,25.0,1.5
2025-11-27T11:00:00+08:00,513.869,650.0,68.5159,25.0,1.5
2025-11-27T12:00:00+08:00,533.5278,650.0,71.137,25.0,1.5
2025-11-27T13:00:00+08:00,509.4635,650.0,67.9285,25.0,1.5
2025-11-27T14:00:00+08:00,443.316,650.0,59.1088,25.0,1.5
2025-11-27T15:00:00+08:00,339.5932,650.0,45.2791,25.0,1.5
2025-11-27T16:00:00+08:00,205.3637,650.0,27.3818,25.0,1.5
2025-11-27T17:00:00+08:00,49.7748,650.0,6.6366,25.0,1.5
2025-11-27T18:00:00+08:00,0.0,0.0,0.0,25.0,1.5
2025-11-27T19:00:00+08:00,0.0,0.0,0.0,25.0,1.5
2025-11-27T20:00:00+08:00,0.0,0.0,0.0,25.0,1.5
2025-11-27T21:00:00+08:00,0.0,0.0,0.0,25.0,1.5
2025-11-27T22:00:00+08:00,0.0,0.0,0.0,25.0,1.5
2025-11-27T23:00:00+08:00,0.0,0.0,0.0,25.0,1.5
2025-11-28T00:00:00+08:00,0.0,0.0,0.0,25.0,1.5
2025-11-28T01:00:00+08:00,0.0,0.0,0.0,25.0,1.5
2025-11-28T02:00:00+08:00,0.0,0.0,0.0,25.0,1.5
2025-11-28T03:00:00+08:00,0.0,0.0,0.0,25.0,1.5
2025-11-28T04:00:00+08:00,0.0,0.0,0.0,25.0,1.5
2025-11-28T05:00:00+08:00,0.0,0.0,0.0,25.0,1.5
2025-11-28T06:00:00+08:00,0.0,0.0,0.0,25.0,1.5
2025-11-28T07:00:00+08:00,65.2752,650.0,8.7034,25.0,1.5
2025-11-28T08:00:00+08:00,218.9965,650.0,29.1995,25.0,1.5
2025-11-28T09:00:00+08:00,350.3782,650.0,46.7171,25.0,1.5
2025-11-28T10:00:00+08:00,450.4668,650.0,60.0622,25.0,1.5
2025-11-28T11:00:00+08:00,512.4416,650.0,68.3256,25.0,1.5
2025-11-28T12:00:00+08:00,532.0791,650.0,70.9439,25.0,1.5
2025-11-28T13:00:00+08:00,508.0409,650.0,67.7388,25.0,1.5
2025-11-28T14:00:00+08:00,441.9653,650.0,58.9287,25.0,1.5
2025-11-28T15:00:00+08:00,338.3551,650.0,45.114,25.0,1.5
2025-11-28T16:00:00+08:00,204.2713,650.0,27.2362,25.0,1.5
2025-11-28T17:00:00+08:00,48.8514,650.0,6.5135,25.0,1.5
2025-11-28T18:00:00+08:00,0.0,0.0,0.0,25.0,1.5
2025-11-28T19:00:00+08:00,0.0,0.0,0.0,25.0,1.5
2025-11-28T20:00:00+08:00,0.0,0.0,0.0,25.0,1.5
2025-11-28T21:00:00+08:00,0.0,0.0,0.0,25.0,1.5
2025-11-28T22:00:00+08:00,0.0,0.0,0.0,25.0,1.5
2025-11-28T23:00:00+08:00,0.0,0.0,0.0,25.0,1.5
2025-11-29T00:00:00+08:00,0.0,0.0,0.0,25.0,1.5
2025-11-29T01:00:00+08:00,0.0,0.0,0.0,25.0,1.5
2025-11-29T02:00:00+08:00,0.0,0.0,0.0,25.0,1.5
2025-11-29T03:00:00+08:00,0.0,0.0,0.0,25.0,1.5
2025-11-29T04:00:00+08:00,0.0,0.0,0.0,25.0,1.5
2025-11-29T05:00:00+08:00,0.0,0.0,0.0,25.0,1.5
2025-11-29T06:00:00+08:00,0.0,0.0,0.0,25.0,1.5
2025-11-29T07:00:00+08:00,64.372,650.0,8.5829,25.0,1.5
2025-11-29T08:00:00+08:00,217.9318,650.0,29.0576,25.0,1.5
2025-11-29T09:00:00+08:00,349.1756,650.0,46.5567,25.0,1.5
2025-11-29T10:00:00+08:00,449.1592,650.0,59.8879,25.0,1.5
2025-11-29T11:00:00+08:00,511.0689,650.0,68.1425,25.0,1.5
2025-11-29T12:00:00+08:00,530.6857,650.0,70.7581,25.0,1.5
2025-11-29T13:00:00+08:00,506.6728,650.0,67.5564,25.0,1.5
2025-11-29T14:00:00+08:00,440.6665,650.0,58.7555,25.0,1.5
2025-11-29T15:00:00+08:00,337.1651,650.0,44.9554,25.0,1.5
2025-11-29T16:00:00+08:00,203.2221,650.0,27.0963,25.0,1.5
2025-11-29T17:00:00+08:00,47.9654,650.0,6.3954,25.0,1.5
2025-11-29T18:00:00+08:00,0.0,0.0,0.0,25.0,1.5
2025-11-29T19:00:00+08:00,0.0,0.0,0.0,25.0,1.5
2025-11-29T20:00:00+08:00,0.0,0.0,0.0,25.0,1.5
2025-11-29T21:00:00+08:00,0.0,0.0,0.0,25.0,1.5
2025-11-29T22:00:00+08:00,0.0,0.0,0.0,25.0,1.5
2025-11-29T23:00:00+08:00,0.0,0.0,0.0,25.0,1.5
2025-11-30T00:00:00+08:00,0.0,0.0,0.0,25.0,1.5
2025-11-30T01:00:00+08:00,0.0,0.0,0.0,25.0,1.5
2025-11-30T02:00:00+08:00,0.0,0.0,0.0,25.0,1.5
2025-11-30T03:00:00+08:00,0.0,0.0,0.0,25.0,1.5
2025-11-30T04:00:00+08:00,0.0,0.0,0.0,25.0,1.5
2025-11-30T05:00:00+08:00,0.0,0.0,0.0,25.0,1.5
2025-11-30T06:00:00+08:00,0.0,0.0,0.0,25.0,1.5
2025-11-30T07:00:00+08:00,63.507,650.0,8.4676,25.0,1.5
2025-11-30T08:00:00+08:00,216.9114,650.0,28.9215,25.0,1.5
2025-11-30T09:00:00+08:00,348.0223,650.0,46.403,25.0,1.5
2025-11-30T10:00:00+08:00,447.9046,650.0,59.7206,25.0,1.5
2025-11-30T11:00:00+08:00,509.7517,650.0,67.9669,25.0,1.5
2025-11-30T12:00:00+08:00,529.3486,650.0,70.5798,25.0,1.5
2025-11-30T13:00:00+08:00,505.36,650.0,67.3813,25.0,1.5
2025-11-30T14:00:00+08:00,439.4206,650.0,58.5894,25.0,1.5
2025-11-30T15:00:00+08:00,336.024,650.0,44.8032,25.0,1.5
2025-11-30T16:00:00+08:00,202.2166,650.0,26.9622,25.0,1.5
2025-11-30T17:00:00+08:00,47.1171,650.0,6.2823,25.0,1.5
2025-11-30T18:00:00+08:00,0.0,0.0,0.0,25.0,1.5
2025-11-30T19:00:00+08:00,0.0,0.0,0.0,25.0,1.5
2025-11-30T20:00:00+08:00,0.0,0.0,0.0,25.0,1.5
2025-11-30T21:00:00+08:00,0.0,0.0,0.0,25.0,1.5
2025-11-30T22:00:00+08:00,0.0,0.0,0.0,25.0,1.5
2025-11-30T23:00:00+08:00,0.0,0.0,0.0,25.0,1.5
2025-12-01T00:00:00+08:00,0.0,0.0,0.0,25.0,1.5
2025-12-01T01:00:00+08:00,0.0,0.0,0.0,25.0,1.5
2025-12-01T02:00:00+08:00,0.0,0.0,0.0,25.0,1.5
2025-12-01T03:00:00+08:00,0.0,0.0,0.0,25.0,1.5
2025-12-01T04:00:00+08:00,0.0,0.0,0.0,25.0,1.5
2025-12-01T05:00:00+08:00,0.0,0.0,0.0,25.0,1.5
2025-12-01T06:00:00+08:00,0.0,0.0,0.0,25.0,1.5
2025-12-01T07:00:00+08:00,62.6807,650.0,8.3574,25.0,1.5
2025-12-01T08:00:00+08:00,215.9357,650.0,28.7914,25.0,1.5
2025-12-01T09:00:00+08:00,346.9189,650.0,46.2559,25.0,1.5
2025-12-01T10:00:00+08:00,446.704,650.0,59.5605,25.0,1.5
2025-12-01T11:00:00+08:00,508.4908,650.0,67.7988,25.0,1.5
2025-12-01T12:00:00+08:00,528.0687,650.0,70.4092,25.0,1.5
2025-12-01T13:00:00+08:00,504.1034,650.0,67.2138,25.0,1.5
2025-12-01T14:00:00+08:00,438.2282,650.0,58.4304,25.0,1.5
2025-12-01T15:00:00+08:00,334.9323,650.0,44.6576,25.0,1.5
2025-12-01T16:00:00+08:00,201.2552,650.0,26.834,25.0,1.5
2025-12-01T17:00:00+08:00,46.3067,650.0,6.1742,25.0,1.5
2025-12-01T18:00:00+08:00,0.0,0.0,0.0,25.0,1.5
2025-12-01T19:00:00+08:00,0.0,0.0,0.0,25.0,1.5
2025-12-01T20:00:00+08:00,0.0,0.0,0.0,25.0,1.5
2025-12-01T21:00:00+08:00,0.0,0.0,0.0,25.0,1.5
2025-12-01T22:00:00+08:00,0.0,0.0,0.0,25.0,1.5
2025-12-01T23:00:00+08:00,0.0,0.0,0.0,25.0,1.5
2025-12-02T00:00:00+08:00,0.0,0.0,0.0,25.0,1.5
2025-12-02T01:00:00+08:00,0.0,0.0,0.0,25.0,1.5
2025-12-02T02:00:00+08:00,0.0,0.0,0.0,25.0,1.5
2025-12-02T03:00:00+08:00,0.0,0.0,0.0,25.0,1.5
2025-12-02T04:00:00+08:00,0.0,0.0,0.0,25.0,1.5
2025-12-02T05:00:00+08:00,0.0,0.0,0.0,25.0,1.5
2025-12-02T06:00:00+08:00,0.0,0.0,0.0,25.0,1.5
2025-12-02T07:00:00+08:00,61.8933,650.0,8.2524,25.0,1.5
2025-12-02T08:00:00+08:00,215.0052,650.0,28.6674,25.0,1.5
2025-12-02T09:00:00+08:00,345.8661,650.0,46.1155,25.0,1.5
2025-12-02T10:00:00+08:00,445.558,650.0,59.4077,25.0,1.5
2025-12-02T11:00:00+08:00,507.2872,650.0,67.6383,25.0,1.5
2025-12-02T12:00:00+08:00,526.8467,650.0,70.2462,25.0,1.5
2025-12-02T13:00:00+08:00,502.9038,650.0,67.0538,25.0,1.5
2025-12-02T14:00:00+08:00,437.0901,650.0,58.2787,25.0,1.5
2025-12-02T15:00:00+08:00,333.8907,650.0,44.5188,25.0,1.5
2025-12-02T16:00:00+08:00,200.3384,650.0,26.7118,25.0,1.5
2025-12-02T17:00:00+08:00,45.5346,650.0,6.0713,25.0,1.5
2025-12-02T18:00:00+08:00,0.0,0.0,0.0,25.0,1.5
2025-12-02T19:00:00+08:00,0.0,0.0,0.0,25.0,1.5
2025-12-02T20:00:00+08:00,0.0,0.0,0.0,25.0,1.5
2025-12-02T21:00:00+08:00,0.0,0.0,0.0,25.0,1.5
2025-12-02T22:00:00+08:00,0.0,0.0,0.0,25.0,1.5
2025-12-02T23:00:00+08:00,0.0,0.0,0.0,25.0,1.5
2025-12-03T00:00:00+08:00,0.0,0.0,0.0,25.0,1.5
2025-12-03T01:00:00+08:00,0.0,0.0,0.0,25.0,1.5
2025-12-03T02:00:00+08:00,0.0,0.0,0.0,25.0,1.5
2025-12-03T03:00:00+08:00,0.0,0.0,0.0,25.0,1.5
2025-12-03T04:00:00+08:00,0.0,0.0,0.0,25.0,1.5
2025-12-03T05:00:00+08:00,0.0,0.0,0.0,25.0,1.5
2025-12-03T06:00:00+08:00,0.0,0.0,0.0,25.0,1.5
2025-12-03T07:00:00+08:00,61.1451,650.0,8.1527,25.0,1.5
2025-12-03T08:00:00+08:00,214.1203,650.0,28.5494,25.0,1.5
2025-12-03T09:00:00+08:00,344.8644,650.0,45.9819,25.0,1.5
2025-12-03T10:00:00+08:00,444.4674,650.0,59.2623,25.0,1.5
2025-12-03T11:00:00+08:00,506.1414,650.0,67.4855,25.0,1.5
2025-12-03T12:00:00+08:00,525.6835,650.0,70.0911,25.0,1.5
2025-12-03T13:00:00+08:00,501.762,650.0,66.9016,25.0,1.5
2025-12-03T14:00:00+08:00,436.007,650.0,58.1343,25.0,1.5
2025-12-03T15:00:00+08:00,332.8997,650.0,44.3866,25.0,1.5
2025-12-03T16:00:00+08:00,199.4666,650.0,26.5955,25.0,1.5
2025-12-03T17:00:00+08:00,44.801,650.0,5.9735,25.0,1.5
2025-12-03T18:00:00+08:00,0.0,0.0,0.0,25.0,1.5
2025-12-03T19:00:00+08:00,0.0,0.0,0.0,25.0,1.5
2025-12-03T20:00:00+08:00,0.0,0.0,0.0,25.0,1.5
2025-12-03T21:00:00+08:00,0.0,0.0,0.0,25.0,1.5
2025-12-03T22:00:00+08:00,0.0,0.0,0.0,25.0,1.5
2025-12-03T23:00:00+08:00,0.0,0.0,0.0,25.0,1.5
2025-12-04T00:00:00+08:00,0.0,0.0,0.0,25.0,1.5
2025-12-04T01:00:00+08:00,0.0,0.0,0.0,25.0,1.5
2025-12-04T02:00:00+08:00,0.0,0.0,0.0,25.0,1.5
2025-12-04T03:00:00+08:00,0.0,0.0,0.0,25.0,1.5
2025-12-04T04:00:00+08:00,0.0,0.0,0.0,25.0,1.5
2025-12-04T05:00:00+08:00,0.0,0.0,0.0,25.0,1.5
2025-12-04T06:00:00+08:00,0.0,0.0,0.0,25.0,1.5
2025-12-04T07:00:00+08:00,60.4363,650.0,8.0582,25.0,1.5
2025-12-04T08:00:00+08:00,213.2815,650.0,28.4375,25.0,1.5
2025-12-04T09:00:00+08:00,343.9144,650.0,45.8553,25.0,1.5
2025-12-04T10:00:00+08:00,443.4327,650.0,59.1244,25.0,1.5
2025-12-04T11:00:00+08:00,505.0543,650.0,67.3406,25.0,1.5
2025-12-04T12:00:00+08:00,524.5798,650.0,69.944,25.0,1.5
2025-12-04T13:00:00+08:00,500.6786,650.0,66.7572,25.0,1.5
2025-12-04T14:00:00+08:00,434.9796,650.0,57.9973,25.0,1.5
2025-12-04T15:00:00+08:00,331.9599,650.0,44.2613,25.0,1.5
2025-12-04T16:00:00+08:00,198.6402,650.0,26.4854,25.0,1.5
2025-12-04T17:00:00+08:00,44.1061,650.0,5.8808,25.0,1.5
2025-12-04T18:00:00+08:00,0.0,0.0,0.0,25.0,1.5
2025-12-04T19:00:00+08:00,0.0,0.0,0.0,25.0,1.5
2025-12-04T20:00:00+08:00,0.0,0.0,0.0,25.0,1.5
2025-12-04T21:00:00+08:00,0.0,0.0,0.0,25.0,1.5
2025-12-04T22:00:00+08:00,0.0,0.0,0.0,25.0,1.5
2025-12-04T23:00:00+08:00,0.0,0.0,0.0,25.0,1.5
2025-12-05T00:00:00+08:00,0.0,0.0,0.0,25.0,1.5
2025-12-05T01:00:00+08:00,0.0,0.0,0.0,25.0,1.5
2025-12-05T02:00:00+08:00,0.0,0.0,0.0,25.0,1.5
2025-12-05T03:00:00+08:00,0.0,0.0,0.0,25.0,1.5
2025-12-05T04:00:00+08:00,0.0,0.0,0.0,25.0,1.5
2025-12-05T05:00:00+08:00,0.0,0.0,0.0,25.0,1.5
2025-12-05T06:00:00+08:00,0.0,0.0,0.0,25.0,1.5
2025-12-05T07:00:00+08:00,59.7674,650.0,7.969,25.0,1.5
2025-12-05T08:00:00+08:00,212.4892,650.0,28.3319,25.0,1.5
2025-12-05T09:00:00+08:00,343.0167,650.0,45.7356,25.0,1.5
2025-12-05T10:00:00+08:00,442.4547,650.0,58.994,25.0,1.5
2025-12-05T11:00:00+08:00,504.0266,650.0,67.2035,25.0,1.5
2025-12-05T12:00:00+08:00,523.5363,650.0,69.8048,25.0,1.5
2025-12-05T13:00:00+08:00,499.6544,650.0,66.6206,25.0,1.5
2025-12-05T14:00:00+08:00,434.0084,650.0,57.8678,25.0,1.5
2025-12-05T15:00:00+08:00,331.0718,650.0,44.1429,25.0,1.5
2025-12-05T16:00:00+08:00,197.8597,650.0,26.3813,25.0,1.5
2025-12-05T17:00:00+08:00,43.4503,650.0,5.7934,25.0,1.5
2025-12-05T18:00:00+08:00,0.0,0.0,0.0,25.0,1.5
2025-12-05T19:00:00+08:00,0.0,0.0,0.0,25.0,1.5
2025-12-05T20:00:00+08:00,0.0,0.0,0.0,25.0,1.5
2025-12-05T21:00:00+08:00,0.0,0.0,0.0,25.0,1.5
2025-12-05T22:00:00+08:00,0.0,0.0,0.0,25.0,1.5
2025-12-05T23:00:00+08:00,0.0,0.0,0.0,25.0,1.5
2025-12-06T00:00:00+08:00,0.0,0.0,0.0,25.0,1.5
2025-12-06T01:00:00+08:00,0.0,0.0,0.0,25.0,1.5
2025-12-06T02:00:00+08:00,0.0,0.0,0.0,25.0,1.5
2025-12-06T03:00:00+08:00,0.0,0.0,0.0,25.0,1.5
2025-12-06T04:00:00+08:00,0.0,0.0,0.0,25.0,1.5
2025-12-06T05:00:00+08:00,0.0,0.0,0.0,25.0,1.5
2025-12-06T06:00:00+08:00,0.0,0.0,0.0,25.0,1.5
2025-12-06T07:00:00+08:00,59.1384,650.0,7.8851,25.0,1.5
2025-12-06T08:00:00+08:00,211.7437,650.0,28.2325,25.0,1.5
2025-12-06T09:00:00+08:00,342.1717,650.0,45.6229,25.0,1.5
2025-12-06T10:00:00+08:00,441.5339,650.0,58.8712,25.0,1.5
2025-12-06T11:00:00+08:00,503.0588,650.0,67.0745,25.0,1.5
2025-12-06T12:00:00+08:00,522.5537,650.0,69.6738,25.0,1.5
2025-12-06T13:00:00+08:00,498.69,650.0,66.492,25.0,1.5
2025-12-06T14:00:00+08:00,433.094,650.0,57.7459,25.0,1.5
2025-12-06T15:00:00+08:00,330.236,650.0,44.0315,25.0,1.5
2025-12-06T16:00:00+08:00,197.1254,650.0,26.2834,25.0,1.5
2025-12-06T17:00:00+08:00,42.8338,650.0,5.7112,25.0,1.5
2025-12-06T18:00:00+08:00,0.0,0.0,0.0,25.0,1.5
2025-12-06T19:00:00+08:00,0.0,0.0,0.0,25.0,1.5
2025-12-06T20:00:00+08:00,0.0,0.0,0.0,25.0,1.5
2025-12-06T21:00:00+08:00,0.0,0.0,0.0,25.0,1.5
2025-12-06T22:00:00+08:00,0.0,0.0,0.0,25.0,1.5
2025-12-06T23:00:00+08:00,0.0,0.0,0.0,25.0,1.5
2025-12-07T00:00:00+08:00,0.0,0.0,0.0,25.0,1.5
2025-12-07T01:00:00+08:00,0.0,0.0,0.0,25.0,1.5
2025-12-07T02:00:00+08:00,0.0,0.0,0.0,25.0,1.5
2025-12-07T03:00:00+08:00,0.0,0.0,0.0,25.0,1.5
2025-12-07T04:00:00+08:00,0.0,0.0,0.0,25.0,1.5
2025-12-07T05:00:00+08:00,0.0,0.0,0.0,25.0,1.5
2025-12-07T06:00:00+08:00,0.0,0.0,0.0,25.0,1.5
2025-12-07T07:00:00+08:00,58.5496,650.0,7.8066,25.0,1.5
2025-12-07T08:00:00+08:00,211.0455,650.0,28.1394,25.0,1.5
2025-12-07T09:00:00+08:00,341.38,650.0,45.5173,25.0,1.5
2025-12-07T10:00:00+08:00,440.6709,650.0,58.7561,25.0,1.5
2025-12-07T11:00:00+08:00,502.1517,650.0,66.9536,25.0,1.5
2025-12-07T12:00:00+08:00,521.6326,650.0,69.551,25.0,1.5
2025-12-07T13:00:00+08:00,497.786,650.0,66.3715,25.0,1.5
2025-12-07T14:00:00+08:00,432.237,650.0,57.6316,25.0,1.5
2025-12-07T15:00:00+08:00,329.4527,650.0,43.927,25.0,1.5
2025-12-07T16:00:00+08:00,196.4377,650.0,26.1917,25.0,1.5
2025-12-07T17:00:00+08:00,42.2567,650.0,5.6342,25.0,1.5
2025-12-07T18:00:00+08:00,0.0,0.0,0.0,25.0,1.5
2025-12-07T19:00:00+08:00,0.0,0.0,0.0,25.0,1.5
2025-12-07T20:00:00+08:00,0.0,0.0,0.0,25.0,1.5
2025-12-07T21:00:00+08:00,0.0,0.0,0.0,25.0,1.5
2025-12-07T22:00:00+08:00,0.0,0.0,0.0,25.0,1.5
2025-12-07T23:00:00+08:00,0.0,0.0,0.0,25.0,1.5
2025-12-08T00:00:00+08:00,0.0,0.0,0.0,25.0,1.5
2025-12-08T01:00:00+08:00,0.0,0.0,0.0,25.0,1.5
2025-12-08T02:00:00+08:00,0.0,0.0,0.0,25.0,1.5
2025-12-08T03:00:00+08:00,0.0,0.0,0.0,25.0,1.5
2025-12-08T04:00:00+08:00,0.0,0.0,0.0,25.0,1.5
2025-12-08T05:00:00+08:00,0.0,0.0,0.0,25.0,1.5
2025-12-08T06:00:00+08:00,0.0,0.0,0.0,25.0,1.5
2025-12-08T07:00:00+08:00,58.0012,650.0,7.7335,25.0,1.5
2025-12-08T08:00:00+08:00,210.3948,650.0,28.0526,25.0,1.5
2025-12-08T09:00:00+08:00,340.6419,650.0,45.4189,25.0,1.5
2025-12-08T10:00:00+08:00,439.8662,650.0,58.6488,25.0,1.5
2025-12-08T11:00:00+08:00,501.3057,650.0,66.8408,25.0,1.5
2025-12-08T12:00:00+08:00,520.7736,650.0,69.4365,25.0,1.5
2025-12-08T13:00:00+08:00,496.943,650.0,66.2591,25.0,1.5
2025-12-08T14:00:00+08:00,431.438,650.0,57.5251,25.0,1.5
2025-12-08T15:00:00+08:00,328.7226,650.0,43.8297,25.0,1.5
2025-12-08T16:00:00+08:00,195.7968,650.0,26.1062,25.0,1.5
2025-12-08T17:00:00+08:00,41.7192,650.0,5.5626,25.0,1.5
2025-12-08T18:00:00+08:00,0.0,0.0,0.0,25.0,1.5
2025-12-08T19:00:00+08:00,0.0,0.0,0.0,25.0,1.5
2025-12-08T20:00:00+08:00,0.0,0.0,0.0,25.0,1.5
2025-12-08T21:00:00+08:00,0.0,0.0,0.0,25.0,1.5
2025-12-08T22:00:00+08:00,0.0,0.0,0.0,25.0,1.5
2025-12-08T23:00:00+08:00,0.0,0.0,0.0,25.0,1.5
2025-12-09T00:00:00+08:00,0.0,0.0,0.0,25.0,1.5
2025-12-09T01:00:00+08:00,0.0,0.0,0.0,25.0,1.5
2025-12-09T02:00:00+08:00,0.0,0.0,0.0,25.0,1.5
2025-12-09T03:00:00+08:00,0.0,0.0,0.0,25.0,1.5
2025-12-09T04:00:00+08:00,0.0,0.0,0.0,25.0,1.5
2025-12-09T05:00:00+08:00,0.0,0.0,0.0,25.0,1.5
2025-12-09T06:00:00+08:00,0.0,0.0,0.0,25.0,1.5
2025-12-09T07:00:00+08:00,57.4934,650.0,7.6658,25.0,1.5
2025-12-09T08:00:00+08:00,209.792,650.0,27.9723,25.0,1.5
2025-12-09T09:00:00+08:00,339.9578,650.0,45.3277,25.0,1.5
2025-12-09T10:00:00+08:00,439.1202,650.0,58.5494,25.0,1.5
2025-12-09T11:00:00+08:00,500.5215,650.0,66.7362,25.0,1.5
2025-12-09T12:00:00+08:00,519.9772,650.0,69.3303,25.0,1.5
2025-12-09T13:00:00+08:00,496.1615,650.0,66.1549,25.0,1.5
2025-12-09T14:00:00+08:00,430.6973,650.0,57.4263,25.0,1.5
2025-12-09T15:00:00+08:00,328.046,650.0,43.7395,25.0,1.5
2025-12-09T16:00:00+08:00,195.2031,650.0,26.0271,25.0,1.5
2025-12-09T17:00:00+08:00,41.2216,650.0,5.4962,25.0,1.5
2025-12-09T18:00:00+08:00,0.0,0.0,0.0,25.0,1.5
2025-12-09T19:00:00+08:00,0.0,0.0,0.0,25.0,1.5
2025-12-09T20:00:00+08:00,0.0,0.0,0.0,25.0,1.5
2025-12-09T21:00:00+08:00,0.0,0.0,0.0,25.0,1.5
2025-12-09T22:00:00+08:00,0.0,0.0,0.0,25.0,1.5
2025-12-09T23:00:00+08:00,0.0,0.0,0.0,25.0,1.5
2025-12-10T00:00:00+08:00,0.0,0.0,0.0,25.0,1.5
2025-12-10T01:00:00+08:00,0.0,0.0,0.0,25.0,1.5
2025-12-10T02:00:00+08:00,0.0,0.0,0.0,25.0,1.5
2025-12-10T03:00:00+08:00,0.0,0.0,0.0,25.0,1.5
2025-12-10T04:00:00+08:00,0.0,0.0,0.0,25.0,1.5
2025-12-10T05:00:00+08:00,0.0,0.0,0.0,25.0,1.5
2025-12-10T06:00:00+08:00,0.0,0.0,0.0,25.0,1.5
2025-12-10T07:00:00+08:00,57.0264,650.0,7.6035,25.0,1.5
2025-12-10T08:00:00+08:00,209.2374,650.0,27.8983,25.0,1.5
2025-12-10T09:00:00+08:00,339.3283,650.0,45.2438,25.0,1.5
2025-12-10T10:00:00+08:00,438.4336,650.0,58.4578,25.0,1.5
2025-12-10T11:00:00+08:00,499.7995,650.0,66.6399,25.0,1.5
2025-12-10T12:00:00+08:00,519.244,650.0,69.2325,25.0,1.5
2025-12-10T13:00:00+08:00,495.442,650.0,66.0589,25.0,1.5
2025-12-10T14:00:00+08:00,430.0155,650.0,57.3354,25.0,1.5
2025-12-10T15:00:00+08:00,327.4233,650.0,43.6564,25.0,1.5
2025-12-10T16:00:00+08:00,194.6569,650.0,25.9543,25.0,1.5
2025-12-10T17:00:00+08:00,40.764,650.0,5.4352,25.0,1.5
2025-12-10T18:00:00+08:00,0.0,0.0,0.0,25.0,1.5
2025-12-10T19:00:00+08:00,0.0,0.0,0.0,25.0,1.5
2025-12-10T20:00:00+08:00,0.0,0.0,0.0,25.0,1.5
2025-12-10T21:00:00+08:00,0.0,0.0,0.0,25.0,1.5
2025-12-10T22:00:00+08:00,0.0,0.0,0.0,25.0,1.5
2025-12-10T23:00:00+08:00,0.0,0.0,0.0,25.0,1.5
2025-12-11T00:00:00+08:00,0.0,0.0,0.0,25.0,1.5
2025-12-11T01:00:00+08:00,0.0,0.0,0.0,25.0,1.5
2025-12-11T02:00:00+08:00,0.0,0.0,0.0,25.0,1.5
2025-12-11T03:00:00+08:00,0.0,0.0,0.0,25.0,1.5
2025-12-11T04:00:00+08:00,0.0,0.0,0.0,25.0,1.5
2025-12-11T05:00:00+08:00,0.0,0.0,0.0,25.0,1.5
2025-12-11T06:00:00+08:00,0.0,0.0,0.0,25.0,1.5
2025-12-11T07:00:00+08:00,56.6004,650.0,7.5467,25.0,1.5
2025-12-11T08:00:00+08:00,208.7312,650.0,27.8308,25.0,1.5
2025-12-11T09:00:00+08:00,338.7535,650.0,45.1671,25.0,1.5
2025-12-11T10:00:00+08:00,437.8066,650.0,58.3742,25.0,1.5
2025-12-11T11:00:00+08:00,499.1402,650.0,66.552,25.0,1.5
2025-12-11T12:00:00+08:00,518.5744,650.0,69.1433,25.0,1.5
2025-12-11T13:00:00+08:00,494.7849,650.0,65.9713,25.0,1.5
2025-12-11T14:00:00+08:00,429.393,650.0,57.2524,25.0,1.5
2025-12-11T15:00:00+08:00,326.8548,650.0,43.5806,25.0,1.5
2025-12-11T16:00:00+08:00,194.1583,650.0,25.8878,25.0,1.5
2025-12-11T17:00:00+08:00,40.3466,650.0,5.3795,25.0,1.5
2025-12-11T18:00:00+08:00,0.0,0.0,0.0,25.0,1.5
2025-12-11T19:00:00+08:00,0.0,0.0,0.0,25.0,1.5
2025-12-11T20:00:00+08:00,0.0,0.0,0.0,25.0,1.5
2025-12-11T21:00:00+08:00,0.0,0.0,0.0,25.0,1.5
2025-12-11T22:00:00+08:00,0.0,0.0,0.0,25.0,1.5
2025-12-11T23:00:00+08:00,0.0,0.0,0.0,25.0,1.5
2025-12-12T00:00:00+08:00,0.0,0.0,0.0,25.0,1.5
2025-12-12T01:00:00+08:00,0.0,0.0,0.0,25.0,1.5
2025-12-12T02:00:00+08:00,0.0,0.0,0.0,25.0,1.5
2025-12-12T03:00:00+08:00,0.0,0.0,0.0,25.0,1.5
2025-12-12T04:00:00+08:00,0.0,0.0,0.0,25.0,1.5
2025-12-12T05:00:00+08:00,0.0,0.0,0.0,25.0,1.5
2025-12-12T06:00:00+08:00,0.0,0.0,0.0,25.0,1.5
2025-12-12T07:00:00+08:00,56.2156,650.0,7.4954,25.0,1.5
2025-12-12T08:00:00+08:00,208.2736,650.0,27.7698,25.0,1.5
2025-12-12T09:00:00+08:00,338.2339,650.0,45.0978,25.0,1.5
2025-12-12T10:00:00+08:00,437.2396,650.0,58.2986,25.0,1.5
2025-12-12T11:00:00+08:00,498.5439,650.0,66.4725,25.0,1.5
2025-12-12T12:00:00+08:00,517.9689,650.0,69.0625,25.0,1.5
2025-12-12T13:00:00+08:00,494.1908,650.0,65.8921,25.0,1.5
2025-12-12T14:00:00+08:00,428.83,650.0,57.1773,25.0,1.5
2025-12-12T15:00:00+08:00,326.3409,650.0,43.5121,25.0,1.5
2025-12-12T16:00:00+08:00,193.7078,650.0,25.8277,25.0,1.5
2025-12-12T17:00:00+08:00,39.9694,650.0,5.3293,25.0,1.5
2025-12-12T18:00:00+08:00,0.0,0.0,0.0,25.0,1.5
2025-12-12T19:00:00+08:00,0.0,0.0,0.0,25.0,1.5
2025-12-12T20:00:00+08:00,0.0,0.0,0.0,25.0,1.5
2025-12-12T21:00:00+08:00,0.0,0.0,0.0,25.0,1.5
2025-12-12T22:00:00+08:00,0.0,0.0,0.0,25.0,1.5
2025-12-12T23:00:00+08:00,0.0,0.0,0.0,25.0,1.5
2025-12-13T00:00:00+08:00,0.0,0.0,0.0,25.0,1.5
2025-12-13T01:00:00+08:00,0.0,0.0,0.0,25.0,1.5
2025-12-13T02:00:00+08:00,0.0,0.0,0.0,25.0,1.5
2025-12-13T03:00:00+08:00,0.0,0.0,0.0,25.0,1.5
2025-12-13T04:00:00+08:00,0.0,0.0,0.0,25.0,1.5
2025-12-13T05:00:00+08:00,0.0,0.0,0.0,25.0,1.5
2025-12-13T06:00:00+08:00,0.0,0.0,0.0,25.0,1.5
2025-12-13T07:00:00+08:00,55.8719,650.0,7.4496,25.0,1.5
2025-12-13T08:00:00+08:00,207.865,650.0,27.7153,25.0,1.5
2025-12-13T09:00:00+08:00,337.7696,650.0,45.036,25.0,1.5
2025-12-13T10:00:00+08:00,436.7331,650.0,58.2311,25.0,1.5
2025-12-13T11:00:00+08:00,498.0112,650.0,66.4015,25.0,1.5
2025-12-13T12:00:00+08:00,517.4278,650.0,68.9904,25.0,1.5
2025-12-13T13:00:00+08:00,493.6599,650.0,65.8213,25.0,1.5
2025-12-13T14:00:00+08:00,428.3271,650.0,57.1103,25.0,1.5
2025-12-13T15:00:00+08:00,325.8817,650.0,43.4509,25.0,1.5
2025-12-13T16:00:00+08:00,193.3053,650.0,25.774,25.0,1.5
2025-12-13T17:00:00+08:00,39.6327,650.0,5.2844,25.0,1.5
2025-12-13T18:00:00+08:00,0.0,0.0,0.0,25.0,1.5
2025-12-13T19:00:00+08:00,0.0,0.0,0.0,25.0,1.5
2025-12-13T20:00:00+08:00,0.0,0.0,0.0,25.0,1.5
2025-12-13T21:00:00+08:00,0.0,0.0,0.0,25.0,1.5
2025-12-13T22:00:00+08:00,0.0,0.0,0.0,25.0,1.5
2025-12-13T23:00:00+08:00,0.0,0.0,0.0,25.0,1.5
2025-12-14T00:00:00+08:00,0.0,0.0,0.0,25.0,1.5
2025-12-14T01:00:00+08:00,0.0,0.0,0.0,25.0,1.5
2025-12-14T02:00:00+08:00,0.0,0.0,0.0,25.0,1.5
2025-12-14T03:00:00+08:00,0.0,0.0,0.0,25.0,1.5
2025-12-14T04:00:00+08:00,0.0,0.0,0.0,25.0,1.5
2025-12-14T05:00:00+08:00,0.0,0.0,0.0,25.0,1.5
2025-12-14T06:00:00+08:00,0.0,0.0,0.0,25.0,1.5
2025-12-14T07:00:00+08:00,55.5697,650.0,7.4093,25.0,1.5
2025-12-14T08:00:00+08:00,207.5054,650.0,27.6674,25.0,1.5
2025-12-14T09:00:00+08:00,337.3611,650.0,44.9815,25.0,1.5
2025-12-14T10:00:00+08:00,436.2872,650.0,58.1716,25.0,1.5
2025-12-14T11:00:00+08:00,497.5422,650.0,66.339,25.0,1.5
2025-12-14T12:00:00+08:00,516.9515,650.0,68.9269,25.0,1.5
2025-12-14T13:00:00+08:00,493.1926,650.0,65.759,25.0,1.5
2025-12-14T14:00:00+08:00,427.8844,650.0,57.0513,25.0,1.5
2025-12-14T15:00:00+08:00,325.4777,650.0,43.397,25.0,1.5
2025-12-14T16:00:00+08:00,192.9513,650.0,25.7268,25.0,1.5
2025-12-14T17:00:00+08:00,39.3366,650.0,5.2449,25.0,1.5
2025-12-14T18:00:00+08:00,0.0,0.0,0.0,25.0,1.5
2025-12-14T19:00:00+08:00,0.0,0.0,0.0,25.0,1.5
2025-12-14T20:00:00+08:00,0.0,0.0,0.0,25.0,1.5
2025-12-14T21:00:00+08:00,0.0,0.0,0.0,25.0,1.5
2025-12-14T22:00:00+08:00,0.0,0.0,0.0,25.0,1.5
2025-12-14T23:00:00+08:00,0.0,0.0,0.0,25.0,1.5
2025-12-15T00:00:00+08:00,0.0,0.0,0.0,25.0,1.5
2025-12-15T01:00:00+08:00,0.0,0.0,0.0,25.0,1.5
2025-12-15T02:00:00+08:00,0.0,0.0,0.0,25.0,1.5
2025-12-15T03:00:00+08:00,0.0,0.0,0.0,25.0,1.5
2025-12-15T04:00:00+08:00,0.0,0.0,0.0,25.0,1.5
2025-12-15T05:00:00+08:00,0.0,0.0,0.0,25.0,1.5
2025-12-15T06:00:00+08:00,0.0,0.0,0.0,25.0,1.5
2025-12-15T07:00:00+08:00,55.3089,650.0,7.3745,25.0,1.5
2025-12-15T08:00:00+08:00,207.1951,650.0,27.626,25.0,1.5
2025-12-15T09:00:00+08:00,337.0085,650.0,44.9345,25.0,1.5
2025-12-15T10:00:00+08:00,435.9024,650.0,58.1203,25.0,1.5
2025-12-15T11:00:00+08:00,497.1373,650.0,66.285,25.0,1.5
2025-12-15T12:00:00+08:00,516.5404,650.0,68.872,25.0,1.5
2025-12-15T13:00:00+08:00,492.7891,650.0,65.7052,25.0,1.5
2025-12-15T14:00:00+08:00,427.5023,650.0,57.0003,25.0,1.5
2025-12-15T15:00:00+08:00,325.1289,650.0,43.3505,25.0,1.5
2025-12-15T16:00:00+08:00,192.6457,650.0,25.6861,25.0,1.5
2025-12-15T17:00:00+08:00,39.0811,650.0,5.2108,25.0,1.5
2025-12-15T18:00:00+08:00,0.0,0.0,0.0,25.0,1.5
2025-12-15T19:00:00+08:00,0.0,0.0,0.0,25.0,1.5
2025-12-15T20:00:00+08:00,0.0,0.0,0.0,25.0,1.5
2025-12-15T21:00:00+08:00,0.0,0.0,0.0,25.0,1.5
2025-12-15T22:00:00+08:00,0.0,0.0,0.0,25.0,1.5
2025-12-15T23:00:00+08:00,0.0,0.0,0.0,25.0,1.5
2025-12-16T00:00:00+08:00,0.0,0.0,0.0,25.0,1.5
2025-12-16T01:00:00+08:00,0.0,0.0,0.0,25.0,1.5
2025-12-16T02:00:00+08:00,0.0,0.0,0.0,25.0,1.5
2025-12-16T03:00:00+08:00,0.0,0.0,0.0,25.0,1.5
2025-12-16T04:00:00+08:00,0.0,0.0,0.0,25.0,1.5
2025-12-16T05:00:00+08:00,0.0,0.0,0.0,25.0,1.5
2025-12-16T06:00:00+08:00,0.0,0.0,0.0,25.0,1.5
2025-12-16T07:00:00+08:00,55.0897,650.0,7.3453,25.0,1.5
2025-12-16T08:00:00+08:00,206.9342,650.0,27.5912,25.0,1.5
2025-12-16T09:00:00+08:00,336.7119,650.0,44.8949,25.0,1.5
2025-12-16T10:00:00+08:00,435.5787,650.0,58.0772,25.0,1.5
2025-12-16T11:00:00+08:00,496.7969,650.0,66.2396,25.0,1.5
2025-12-16T12:00:00+08:00,516.1946,650.0,68.8259,25.0,1.5
2025-12-16T13:00:00+08:00,492.4498,650.0,65.66,25.0,1.5
2025-12-16T14:00:00+08:00,427.1809,650.0,56.9575,25.0,1.5
2025-12-16T15:00:00+08:00,324.8356,650.0,43.3114,25.0,1.5
2025-12-16T16:00:00+08:00,192.3888,650.0,25.6518,25.0,1.5
2025-12-16T17:00:00+08:00,38.8664,650.0,5.1822,25.0,1.5
2025-12-16T18:00:00+08:00,0.0,0.0,0.0,25.0,1.5
2025-12-16T19:00:00+08:00,0.0,0.0,0.0,25.0,1.5
2025-12-16T20:00:00+08:00,0.0,0.0,0.0,25.0,1.5
2025-12-16T21:00:00+08:00,0.0,0.0,0.0,25.0,1.5
2025-12-16T22:00:00+08:00,0.0,0.0,0.0,25.0,1.5
2025-12-16T23:00:00+08:00,0.0,0.0,0.0,25.0,1.5
2025-12-17T00:00:00+08:00,0.0,0.0,0.0,25.0,1.5
2025-12-17T01:00:00+08:00,0.0,0.0,0.0,25.0,1.5
2025-12-17T02:00:00+08:00,0.0,0.0,0.0,25.0,1.5
2025-12-17T03:00:00+08:00,0.0,0.0,0.0,25.0,1.5
2025-12-17T04:00:00+08:00,0.0,0.0,0.0,25.0,1.5
2025-12-17T05:00:00+08:00,0.0,0.0,0.0,25.0,1.5
2025-12-17T06:00:00+08:00,0.0,0.0,0.0,25.0,1.5
2025-12-17T07:00:00+08:00,54.9121,650.0,7.3216,25.0,1.5
2025-12-17T08:00:00+08:00,206.7229,650.0,27.563,25.0,1.5
2025-12-17T09:00:00+08:00,336.4717,650.0,44.8629,25.0,1.5
2025-12-17T10:00:00+08:00,435.3164,650.0,58.0422,25.0,1.5
2025-12-17T11:00:00+08:00,496.521,650.0,66.2028,25.0,1.5
2025-12-17T12:00:00+08:00,515.9143,650.0,68.7886,25.0,1.5
2025-12-17T13:00:00+08:00,492.1749,650.0,65.6233,25.0,1.5
2025-12-17T14:00:00+08:00,426.9205,650.0,56.9227,25.0,1.5
2025-12-17T15:00:00+08:00,324.598,650.0,43.2797,25.0,1.5
2025-12-17T16:00:00+08:00,192.1807,650.0,25.6241,25.0,1.5
2025-12-17T17:00:00+08:00,38.6924,650.0,5.159,25.0,1.5
2025-12-17T18:00:00+08:00,0.0,0.0,0.0,25.0,1.5
2025-12-17T19:00:00+08:00,0.0,0.0,0.0,25.0,1.5
2025-12-17T20:00:00+08:00,0.0,0.0,0.0,25.0,1.5
2025-12-17T21:00:00+08:00,0.0,0.0,0.0,25.0,1.5
2025-12-17T22:00:00+08:00,0.0,0.0,0.0,25.0,1.5
2025-12-17T23:00:00+08:00,0.0,0.0,0.0,25.0,1.5
2025-12-18T00:00:00+08:00,0.0,0.0,0.0,25.0,1.5
2025-12-18T01:00:00+08:00,0.0,0.0,0.0,25.0,1.5
2025-12-18T02:00:00+08:00,0.0,0.0,0.0,25.0,1.5
2025-12-18T03:00:00+08:00,0.0,0.0,0.0,25.0,1.5
2025-12-18T04:00:00+08:00,0.0,0.0,0.0,25.0,1.5
2025-12-18T05:00:00+08:00,0.0,0.0,0.0,25.0,1.5
2025-12-18T06:00:00+08:00,0.0,0.0,0.0,25.0,1.5
2025-12-18T07:00:00+08:00,54.7763,650.0,7.3035,25.0,1.5
2025-12-18T08:00:00+08:00,206.5611,650.0,27.5415,25.0,1.5
2025-12-18T09:00:00+08:00,336.2878,650.0,44.8384,25.0,1.5
2025-12-18T10:00:00+08:00,435.1157,650.0,58.0154,25.0,1.5
2025-12-18T11:00:00+08:00,496.3098,650.0,66.1746,25.0,1.5
2025-12-18T12:00:00+08:00,515.6999,650.0,68.76,25.0,1.5
2025-12-18T13:00:00+08:00,491.9645,650.0,65.5953,25.0,1.5
2025-12-18T14:00:00+08:00,426.7212,650.0,56.8962,25.0,1.5
2025-12-18T15:00:00+08:00,324.4162,650.0,43.2555,25.0,1.5
2025-12-18T16:00:00+08:00,192.0214,650.0,25.6029,25.0,1.5
2025-12-18T17:00:00+08:00,38.5594,650.0,5.1412,25.0,1.5
2025-12-18T18:00:00+08:00,0.0,0.0,0.0,25.0,1.5
2025-12-18T19:00:00+08:00,0.0,0.0,0.0,25.0,1.5
2025-12-18T20:00:00+08:00,0.0,0.0,0.0,25.0,1.5
2025-12-18T21:00:00+08:00,0.0,0.0,0.0,25.0,1.5
2025-12-18T22:00:00+08:00,0.0,0.0,0.0,25.0,1.5
2025-12-18T23:00:00+08:00,0.0,0.0,0.0,25.0,1.5
2025-12-19T00:00:00+08:00,0.0,0.0,0.0,25.0,1.5
2025-12-19T01:00:00+08:00,0.0,0.0,0.0,25.0,1.5
2025-12-19T02:00:00+08:00,0.0,0.0,0.0,25.0,1.5
2025-12-19T03:00:00+08:00,0.0,0.0,0.0,25.0,1.5
2025-12-19T04:00:00+08:00,0.0,0.0,0.0,25.0,1.5
2025-12-19T05:00:00+08:00,0.0,0.0,0.0,25.0,1.5
2025-12-19T06:00:00+08:00,0.0,0.0,0.0,25.0,1.5
2025-12-19T07:00:00+08:00,54.6822,650.0,7.291,25.0,1.5
2025-12-19T08:00:00+08:00,206.4491,650.0,27.5265,25.0,1.5
2025-12-19T09:00:00+08:00,336.1605,650.0,44.8214,25.0,1.5
2025-12-19T10:00:00+08:00,434.9767,650.0,57.9969,25.0,1.5
2025-12-19T11:00:00+08:00,496.1635,650.0,66.1551,25.0,1.5
2025-12-19T12:00:00+08:00,515.5513,650.0,68.7402,25.0,1.5
2025-12-19T13:00:00+08:00,491.8187,650.0,65.5758,25.0,1.5
2025-12-19T14:00:00+08:00,426.5831,650.0,56.8778,25.0,1.5
2025-12-19T15:00:00+08:00,324.2903,650.0,43.2387,25.0,1.5
2025-12-19T16:00:00+08:00,191.9111,650.0,25.5882,25.0,1.5
2025-12-19T17:00:00+08:00,38.4672,650.0,5.129,25.0,1.5
2025-12-19T18:00:00+08:00,0.0,0.0,0.0,25.0,1.5
2025-12-19T19:00:00+08:00,0.0,0.0,0.0,25.0,1.5
2025-12-19T20:00:00+08:00,0.0,0.0,0.0,25.0,1.5
2025-12-19T21:00:00+08:00,0.0,0.0,0.0,25.0,1.5
2025-12-19T22:00:00+08:00,0.0,0.0,0.0,25.0,1.5
2025-12-19T23:00:00+08:00,0.0,0.0,0.0,25.0,1.5
2025-12-20T00:00:00+08:00,0.0,0.0,0.0,25.0,1.5
2025-12-20T01:00:00+08:00,0.0,0.0,0.0,25.0,1.5
2025-12-20T02:00:00+08:00,0.0,0.0,0.0,25.0,1.5
2025-12-20T03:00:00+08:00,0.0,0.0,0.0,25.0,1.5
2025-12-20T04:00:00+08:00,0.0,0.0,0.0,25.0,1.5
2025-12-20T05:00:00+08:00,0.0,0.0,0.0,25.0,1.5
2025-12-20T06:00:00+08:00,0.0,0.0,0.0,25.0,1.5
2025-12-20T07:00:00+08:00,54.63,650.0,7.284,25.0,1.5
2025-12-20T08:00:00+08:00,206.3869,650.0,27.5182,25.0,1.5
2025-12-20T09:00:00+08:00,336.0897,650.0,44.812,25.0,1.5
2025-12-20T10:00:00+08:00,434.8994,650.0,57.9866,25.0,1.5
2025-12-20T11:00:00+08:00,496.0822,650.0,66.1443,25.0,1.5
2025-12-20T12:00:00+08:00,515.4687,650.0,68.7292,25.0,1.5
2025-12-20T13:00:00+08:00,491.7377,650.0,65.565,25.0,1.5
2025-12-20T14:00:00+08:00,426.5064,650.0,56.8675,25.0,1.5
2025-12-20T15:00:00+08:00,324.2203,650.0,43.2294,25.0,1.5
2025-12-20T16:00:00+08:00,191.8498,650.0,25.58,25.0,1.5
2025-12-20T17:00:00+08:00,38.416,650.0,5.1221,25.0,1.5
2025-12-20T18:00:00+08:00,0.0,0.0,0.0,25.0,1.5
2025-12-20T19:00:00+08:00,0.0,0.0,0.0,25.0,1.5
2025-12-20T20:00:00+08:00,0.0,0.0,0.0,25.0,1.5
2025-12-20T21:00:00+08:00,0.0,0.0,0.0,25.0,1.5
2025-12-20T22:00:00+08:00,0.0,0.0,0.0,25.0,1.5
2025-12-20T23:00:00+08:00,0.0,0.0,0.0,25.0,1.5
2025-12-21T00:00:00+08:00,0.0,0.0,0.0,25.0,1.5
2025-12-21T01:00:00+08:00,0.0,0.0,0.0,25.0,1.5
2025-12-21T02:00:00+08:00,0.0,0.0,0.0,25.0,1.5
2025-12-21T03:00:00+08:00,0.0,0.0,0.0,25.0,1.5
2025-12-21T04:00:00+08:00,0.0,0.0,0.0,25.0,1.5
2025-12-21T05:00:00+08:00,0.0,0.0,0.0,25.0,1.5
2025-12-21T06:00:00+08:00,0.0,0.0,0.0,25.0,1.5
2025-12-21T07:00:00+08:00,54.6195,650.0,7.2826,25.0,1.5
2025-12-21T08:00:00+08:00,206.3744,650.0,27.5166,25.0,1.5
2025-12-21T09:00:00+08:00,336.0755,650.0,44.8101,25.0,1.5
2025-12-21T10:00:00+08:00,434.8839,650.0,57.9845,25.0,1.5
2025-12-21T11:00:00+08:00,496.066,650.0,66.1421,25.0,1.5
2025-12-21T12:00:00+08:00,515.4522,650.0,68.727,25.0,1.5
2025-12-21T13:00:00+08:00,491.7215,650.0,65.5629,25.0,1.5
2025-12-21T14:00:00+08:00,426.4911,650.0,56.8655,25.0,1.5
2025-12-21T15:00:00+08:00,324.2063,650.0,43.2275,25.0,1.5
2025-12-21T16:00:00+08:00,191.8376,650.0,25.5783,25.0,1.5
2025-12-21T17:00:00+08:00,38.4058,650.0,5.1208,25.0,1.5
2025-12-21T18:00:00+08:00,0.0,0.0,0.0,25.0,1.5
2025-12-21T19:00:00+08:00,0.0,0.0,0.0,25.0,1.5
2025-12-21T20:00:00+08:00,0.0,0.0,0.0,25.0,1.5
2025-12-21T21:00:00+08:00,0.0,0.0,0.0,25.0,1.5
2025-12-21T22:00:00+08:00,0.0,0.0,0.0,25.0,1.5
2025-12-21T23:00:00+08:00,0.0,0.0,0.0,25.0,1.5
2025-12-22T00:00:00+08:00,0.0,0.0,0.0,25.0,1.5
2025-12-22T01:00:00+08:00,0.0,0.0,0.0,25.0,1.5
2025-12-22T02:00:00+08:00,0.0,0.0,0.0,25.0,1.5
2025-12-22T03:00:00+08:00,0.0,0.0,0.0,25.0,1.5
2025-12-22T04:00:00+08:00,0.0,0.0,0.0,25.0,1.5
2025-12-22T05:00:00+08:00,0.0,0.0,0.0,25.0,1.5
2025-12-22T06:00:00+08:00,0.0,0.0,0.0,25.0,1.5
2025-12-22T07:00:00+08:00,54.6509,650.0,7.2868,25.0,1.5
2025-12-22T08:00:00+08:00,206.4118,650.0,27.5216,25.0,1.5
2025-12-22T09:00:00+08:00,336.118,650.0,44.8157,25.0,1.5
2025-12-22T10:00:00+08:00,434.9303,650.0,57.9907,25.0,1.5
2025-12-22T11:00:00+08:00,496.1148,650.0,66.1486,25.0,1.5
2025-12-22T12:00:00+08:00,515.5018,650.0,68.7336,25.0,1.5
2025-12-22T13:00:00+08:00,491.7701,650.0,65.5694,25.0,1.5
2025-12-22T14:00:00+08:00,426.5371,650.0,56.8716,25.0,1.5
2025-12-22T15:00:00+08:00,324.2483,650.0,43.2331,25.0,1.5
2025-12-22T16:00:00+08:00,191.8744,650.0,25.5832,25.0,1.5
2025-12-22T17:00:00+08:00,38.4365,650.0,5.1249,25.0,1.5
2025-12-22T18:00:00+08:00,0.0,0.0,0.0,25.0,1.5
2025-12-22T19:00:00+08:00,0.0,0.0,0.0,25.0,1.5
2025-12-22T20:00:00+08:00,0.0,0.0,0.0,25.0,1.5
2025-12-22T21:00:00+08:00,0.0,0.0,0.0,25.0,1.5
2025-12-22T22:00:00+08:00,0.0,0.0,0.0,25.0,1.5
2025-12-22T23:00:00+08:00,0.0,0.0,0.0,25.0,1.5
2025-12-23T00:00:00+08:00,0.0,0.0,0.0,25.0,1.5
2025-12-23T01:00:00+08:00,0.0,0.0,0.0,25.0,1.5
2025-12-23T02:00:00+08:00,0.0,0.0,0.0,25.0,1.5
2025-12-23T03:00:00+08:00,0.0,0.0,0.0,25.0,1.5
2025-12-23T04:00:00+08:00,0.0,0.0,0.0,25.0,1.5
2025-12-23T05:00:00+08:00,0.0,0.0,0.0,25.0,1.5
2025-12-23T06:00:00+08:00,0.0,0.0,0.0,25.0,1.5
2025-12-23T07:00:00+08:00,54.724,650.0,7.2965,25.0,1.5
2025-12-23T08:00:00+08:00,206.4989,650.0,27.5332,25.0,1.5
2025-12-23T09:00:00+08:00,336.2171,650.0,44.8289,25.0,1.5
2025-12-23T10:00:00+08:00,435.0385,650.0,58.0051,25.0,1.5
2025-12-23T11:00:00+08:00,496.2285,650.0,66.1638,25.0,1.5
2025-12-23T12:00:00+08:00,515.6173,650.0,68.749,25.0,1.5
2025-12-23T13:00:00+08:00,491.8835,650.0,65.5845,25.0,1.5
2025-12-23T14:00:00+08:00,426.6445,650.0,56.8859,25.0,1.5
2025-12-23T15:00:00+08:00,324.3462,650.0,43.2462,25.0,1.5
2025-12-23T16:00:00+08:00,191.9602,650.0,25.5947,25.0,1.5
2025-12-23T17:00:00+08:00,38.5082,650.0,5.1344,25.0,1.5
2025-12-23T18:00:00+08:00,0.0,0.0,0.0,25.0,1.5
2025-12-23T19:00:00+08:00,0.0,0.0,0.0,25.0,1.5
2025-12-23T20:00:00+08:00,0.0,0.0,0.0,25.0,1.5
2025-12-23T21:00:00+08:00,0.0,0.0,0.0,25.0,1.5
2025-12-23T22:00:00+08:00,0.0,0.0,0.0,25.0,1.5
2025-12-23T23:00:00+08:00,0.0,0.0,0.0,25.0,1.5
2025-12-24T00:00:00+08:00,0.0,0.0,0.0,25.0,1.5
2025-12-24T01:00:00+08:00,0.0,0.0,0.0,25.0,1.5
2025-12-24T02:00:00+08:00,0.0,0.0,0.0,25.0,1.5
2025-12-24T03:00:00+08:00,0.0,0.0,0.0,25.0,1.5
2025-12-24T04:00:00+08:00,0.0,0.0,0.0,25.0,1.5
2025-12-24T05:00:00+08:00,0.0,0.0,0.0,25.0,1.5
2025-12-24T06:00:00+08:00,0.0,0.0,0.0,25.0,1.5
2025-12-24T07:00:00+08:00,54.839,650.0,7.3119,25.0,1.5
2025-12-24T08:00:00+08:00,206.6358,650.0,27.5514,25.0,1.5
2025-12-24T09:00:00+08:00,336.3727,650.0,44.8497,25.0,1.5
2025-12-24T10:00:00+08:00,435.2083,650.0,58.0278,25.0,1.5
2025-12-24T11:00:00+08:00,496.4073,650.0,66.1876,25.0,1.5
2025-12-24T12:00:00+08:00,515.7989,650.0,68.7732,25.0,1.5
2025-12-24T13:00:00+08:00,492.0616,650.0,65.6082,25.0,1.5
2025-12-24T14:00:00+08:00,426.8132,650.0,56.9084,25.0,1.5
2025-12-24T15:00:00+08:00,324.5001,650.0,43.2667,25.0,1.5
2025-12-24T16:00:00+08:00,192.0949,650.0,25.6127,25.0,1.5
2025-12-24T17:00:00+08:00,38.6208,650.0,5.1494,25.0,1.5
2025-12-24T18:00:00+08:00,0.0,0.0,0.0,25.0,1.5
2025-12-24T19:00:00+08:00,0.0,0.0,0.0,25.0,1.5
2025-12-24T20:00:00+08:00,0.0,0.0,0.0,25.0,1.5
2025-12-24T21:00:00+08:00,0.0,0.0,0.0,25.0,1.5
2025-12-24T22:00:00+08:00,0.0,0.0,0.0,25.0,1.5
2025-12-24T23:00:00+08:00,0.0,0.0,0.0,25.0,1.5
2025-12-25T00:00:00+08:00,0.0,0.0,0.0,25.0,1.5
2025-12-25T01:00:00+08:00,0.0,0.0,0.0,25.0,1.5
2025-12-25T02:00:00+08:00,0.0,0.0,0.0,25.0,1.5
2025-12-25T03:00:00+08:00,0.0,0.0,0.0,25.0,1.5
2025-12-25T04:00:00+08:00,0.0,0.0,0.0,25.0,1.5
2025-12-25T05:00:00+08:00,0.0,0.0,0.0,25.0,1.5
2025-12-25T06:00:00+08:00,0.0,0.0,0.0,25.0,1.5
2025-12-25T07:00:00+08:00,54.9957,650.0,7.3328,25.0,1.5
2025-12-25T08:00:00+08:00,206.8223,650.0,27.5763,25.0,1.5
2025-12-25T09:00:00+08:00,336.5848,650.0,44.878,25.0,1.5
2025-12-25T10:00:00+08:00,435.4399,650.0,58.0586,25.0,1.5
2025-12-25T11:00:00+08:00,496.6508,650.0,66.2201,25.0,1.5
2025-12-25T12:00:00+08:00,516.0462,650.0,68.8062,25.0,1.5
2025-12-25T13:00:00+08:00,492.3043,650.0,65.6406,25.0,1.5
2025-12-25T14:00:00+08:00,427.043,650.0,56.9391,25.0,1.5
2025-12-25T15:00:00+08:00,324.7099,650.0,43.2947,25.0,1.5
2025-12-25T16:00:00+08:00,192.2786,650.0,25.6372,25.0,1.5
2025-12-25T17:00:00+08:00,38.7743,650.0,5.1699,25.0,1.5
2025-12-25T18:00:00+08:00,0.0,0.0,0.0,25.0,1.5
2025-12-25T19:00:00+08:00,0.0,0.0,0.0,25.0,1.5
2025-12-25T20:00:00+08:00,0.0,0.0,0.0,25.0,1.5
2025-12-25T21:00:00+08:00,0.0,0.0,0.0,25.0,1.5
2025-12-25T22:00:00+08:00,0.0,0.0,0.0,25.0,1.5
2025-12-25T23:00:00+08:00,0.0,0.0,0.0,25.0,1.5
2025-12-26T00:00:00+08:00,0.0,0.0,0.0,25.0,1.5
2025-12-26T01:00:00+08:00,0.0,0.0,0.0,25.0,1.5
2025-12-26T02:00:00+08:00,0.0,0.0,0.0,25.0,1.5
2025-12-26T03:00:00+08:00,0.0,0.0,0.0,25.0,1.5
2025-12-26T04:00:00+08:00,0.0,0.0,0.0,25.0,1.5
2025-12-26T05:00:00+08:00,0.0,0.0,0.0,25.0,1.5
2025-12-26T06:00:00+08:00,0.0,0.0,0.0,25.0,1.5
2025-12-26T07:00:00+08:00,55.1941,650.0,7.3592,25.0,1.5
2025-12-26T08:00:00+08:00,207.0585,650.0,27.6078,25.0,1.5
2025-12-26T09:00:00+08:00,336.8532,650.0,44.9138,25.0,1.5
2025-12-26T10:00:00+08:00,435.7329,650.0,58.0977,25.0,1.5
2025-12-26T11:00:00+08:00,496.959,650.0,66.2612,25.0,1.5
2025-12-26T12:00:00+08:00,516.3593,650.0,68.8479,25.0,1.5
2025-12-26T13:00:00+08:00,492.6115,650.0,65.6815,25.0,1.5
2025-12-26T14:00:00+08:00,427.334,650.0,56.9779,25.0,1.5
2025-12-26T15:00:00+08:00,324.9753,650.0,43.33,25.0,1.5
2025-12-26T16:00:00+08:00,192.5112,650.0,25.6682,25.0,1.5
2025-12-26T17:00:00+08:00,38.9686,650.0,5.1958,25.0,1.5
2025-12-26T18:00:00+08:00,0.0,0.0,0.0,25.0,1.5
2025-12-26T19:00:00+08:00,0.0,0.0,0.0,25.0,1.5
2025-12-26T20:00:00+08:00,0.0,0.0,0.0,25.0,1.5
2025-12-26T21:00:00+08:00,0.0,0.0,0.0,25.0,1.5
2025-12-26T22:00:00+08:00,0.0,0.0,0.0,25.0,1.5
2025-12-26T23:00:00+08:00,0.0,0.0,0.0,25.0,1.5
2025-12-27T00:00:00+08:00,0.0,0.0,0.0,25.0,1.5
2025-12-27T01:00:00+08:00,0.0,0.0,0.0,25.0,1.5
2025-12-27T02:00:00+08:00,0.0,0.0,0.0,25.0,1.5
2025-12-27T03:00:00+08:00,0.0,0.0,0.0,25.0,1.5
2025-12-27T04:00:00+08:00,0.0,0.0,0.0,25.0,1.5
2025-12-27T05:00:00+08:00,0.0,0.0,0.0,25.0,1.5
2025-12-27T06:00:00+08:00,0.0,0.0,0.0,25.0,1.5
2025-12-27T07:00:00+08:00,55.4341,650.0,7.3912,25.0,1.5
2025-12-27T08:00:00+08:00,207.3441,650.0,27.6459,25.0,1.5
2025-12-27T09:00:00+08:00,337.1778,650.0,44.957,25.0,1.5
2025-12-27T10:00:00+08:00,436.0872,650.0,58.145,25.0,1.5
2025-12-27T11:00:00+08:00,497.3317,650.0,66.3109,25.0,1.5
2025-12-27T12:00:00+08:00,516.7378,650.0,68.8984,25.0,1.5
2025-12-27T13:00:00+08:00,492.9828,650.0,65.731,25.0,1.5
2025-12-27T14:00:00+08:00,427.6857,650.0,57.0248,25.0,1.5
2025-12-27T15:00:00+08:00,325.2964,650.0,43.3728,25.0,1.5
2025-12-27T16:00:00+08:00,192.7924,650.0,25.7057,25.0,1.5
2025-12-27T17:00:00+08:00,39.2038,650.0,5.2272,25.0,1.5
2025-12-27T18:00:00+08:00,0.0,0.0,0.0,25.0,1.5
2025-12-27T19:00:00+08:00,0.0,0.0,0.0,25.0,1.5
2025-12-27T20:00:00+08:00,0.0,0.0,0.0,25.0,1.5
2025-12-27T21:00:00+08:00,0.0,0.0,0.0,25.0,1.5
2025-12-27T22:00:00+08:00,0.0,0.0,0.0,25.0,1.5
2025-12-27T23:00:00+08:00,0.0,0.0,0.0,25.0,1.5
2025-12-28T00:00:00+08:00,0.0,0.0,0.0,25.0,1.5
2025-12-28T01:00:00+08:00,0.0,0.0,0.0,25.0,1.5
2025-12-28T02:00:00+08:00,0.0,0.0,0.0,25.0,1.5
2025-12-28T03:00:00+08:00,0.0,0.0,0.0,25.0,1.5
2025-12-28T04:00:00+08:00,0.0,0.0,0.0,25.0,1.5
2025-12-28T05:00:00+08:00,0.0,0.0,0.0,25.0,1.5
2025-12-28T06:00:00+08:00,0.0,0.0,0.0,25.0,1.5
2025-12-28T07:00:00+08:00,55.7156,650.0,7.4287,25.0,1.5
2025-12-28T08:00:00+08:00,207.6791,650.0,27.6905,25.0,1.5
2025-12-28T09:00:00+08:00,337.5584,650.0,45.0078,25.0,1.5
2025-12-28T10:00:00+08:00,436.5026,650.0,58.2003,25.0,1.5
2025-12-28T11:00:00+08:00,497.7687,650.0,66.3692,25.0,1.5
2025-12-28T12:00:00+08:00,517.1816,650.0,68.9575,25.0,1.5
2025-12-28T13:00:00+08:00,493.4183,650.0,65.7891,25.0,1.5
2025-12-28T14:00:00+08:00,428.0982,650.0,57.0798,25.0,1.5
2025-12-28T15:00:00+08:00,325.6728,650.0,43.423,25.0,1.5
2025-12-28T16:00:00+08:00,193.1222,650.0,25.7496,25.0,1.5
2025-12-28T17:00:00+08:00,39.4796,650.0,5.2639,25.0,1.5
2025-12-28T18:00:00+08:00,0.0,0.0,0.0,25.0,1.5
2025-12-28T19:00:00+08:00,0.0,0.0,0.0,25.0,1.5
2025-12-28T20:00:00+08:00,0.0,0.0,0.0,25.0,1.5
2025-12-28T21:00:00+08:00,0.0,0.0,0.0,25.0,1.5
2025-12-28T22:00:00+08:00,0.0,0.0,0.0,25.0,1.5
2025-12-28T23:00:00+08:00,0.0,0.0,0.0,25.0,1.5
2025-12-29T00:00:00+08:00,0.0,0.0,0.0,25.0,1.5
2025-12-29T01:00:00+08:00,0.0,0.0,0.0,25.0,1.5
2025-12-29T02:00:00+08:00,0.0,0.0,0.0,25.0,1.5
2025-12-29T03:00:00+08:00,0.0,0.0,0.0,25.0,1.5
2025-12-29T04:00:00+08:00,0.0,0.0,0.0,25.0,1.5
2025-12-29T05:00:00+08:00,0.0,0.0,0.0,25.0,1.5
2025-12-29T06:00:00+08:00,0.0,0.0,0.0,25.0,1.5
2025-12-29T07:00:00+08:00,56.0386,650.0,7.4718,25.0,1.5
2025-12-29T08:00:00+08:00,208.0632,650.0,27.7418,25.0,1.5
2025-12-29T09:00:00+08:00,337.9948,650.0,45.066,25.0,1.5
2025-12-29T10:00:00+08:00,436.9788,650.0,58.2638,25.0,1.5
2025-12-29T11:00:00+08:00,498.2696,650.0,66.4359,25.0,1.5
2025-12-29T12:00:00+08:00,517.6903,650.0,69.0254,25.0,1.5
2025-12-29T13:00:00+08:00,493.9174,650.0,65.8557,25.0,1.5
2025-12-29T14:00:00+08:00,428.571,650.0,57.1428,25.0,1.5
2025-12-29T15:00:00+08:00,326.1044,650.0,43.4806,25.0,1.5
2025-12-29T16:00:00+08:00,193.5005,650.0,25.8001,25.0,1.5
2025-12-29T17:00:00+08:00,39.796,650.0,5.3061,25.0,1.5
2025-12-29T18:00:00+08:00,0.0,0.0,0.0,25.0,1.5
2025-12-29T19:00:00+08:00,0.0,0.0,0.0,25.0,1.5
2025-12-29T20:00:00+08:00,0.0,0.0,0.0,25.0,1.5
2025-12-29T21:00:00+08:00,0.0,0.0,0.0,25.0,1.5
2025-12-29T22:00:00+08:00,0.0,0.0,0.0,25.0,1.5
2025-12-29T23:00:00+08:00,0.0,0.0,0.0,25.0,1.5
2025-12-30T00:00:00+08:00,0.0,0.0,0.0,25.0,1.5
2025-12-30T01:00:00+08:00,0.0,0.0,0.0,25.0,1.5
2025-12-30T02:00:00+08:00,0.0,0.0,0.0,25.0,1.5
2025-12-30T03:00:00+08:00,0.0,0.0,0.0,25.0,1.5
2025-12-30T04:00:00+08:00,0.0,0.0,0.0,25.0,1.5
2025-12-30T05:00:00+08:00,0.0,0.0,0.0,25.0,1.5
2025-12-30T06:00:00+08:00,0.0,0.0,0.0,25.0,1.5
2025-12-30T07:00:00+08:00,56.4028,650.0,7.5204,25.0,1.5
2025-12-30T08:00:00+08:00,208.4963,650.0,27.7995,25.0,1.5
2025-12-30T09:00:00+08:00,338.4868,650.0,45.1316,25.0,1.5
2025-12-30T10:00:00+08:00,437.5156,650.0,58.3354,25.0,1.5
2025-12-30T11:00:00+08:00,498.8341,650.0,66.5112,25.0,1.5
2025-12-30T12:00:00+08:00,518.2636,650.0,69.1018,25.0,1.5
2025-12-30T13:00:00+08:00,494.48,650.0,65.9307,25.0,1.5
2025-12-30T14:00:00+08:00,429.104,650.0,57.2139,25.0,1.5
2025-12-30T15:00:00+08:00,326.591,650.0,43.5455,25.0,1.5
2025-12-30T16:00:00+08:00,193.927,650.0,25.8569,25.0,1.5
2025-12-30T17:00:00+08:00,40.1529,650.0,5.3537,25.0,1.5
2025-12-30T18:00:00+08:00,0.0,0.0,0.0,25.0,1.5
2025-12-30T19:00:00+08:00,0.0,0.0,0.0,25.0,1.5
2025-12-30T20:00:00+08:00,0.0,0.0,0.0,25.0,1.5
2025-12-30T21:00:00+08:00,0.0,0.0,0.0,25.0,1.5
2025-12-30T22:00:00+08:00,0.0,0.0,0.0,25.0,1.5
2025-12-30T23:00:00+08:00,0.0,0.0,0.0,25.0,1.5
2025-12-31T00:00:00+08:00,0.0,0.0,0.0,25.0,1.5
2025-12-31T01:00:00+08:00,0.0,0.0,0.0,25.0,1.5
2025-12-31T02:00:00+08:00,0.0,0.0,0.0,25.0,1.5
2025-12-31T03:00:00+08:00,0.0,0.0,0.0,25.0,1.5
2025-12-31T04:00:00+08:00,0.0,0.0,0.0,25.0,1.5
2025-12-31T05:00:00+08:00,0.0,0.0,0.0,25.0,1.5
2025-12-31T06:00:00+08:00,0.0,0.0,0.0,25.0,1.5
2025-12-31T07:00:00+08:00,56.8083,650.0,7.5744,25.0,1.5
2025-12-31T08:00:00+08:00,208.9782,650.0,27.8638,25.0,1.5
2025-12-31T09:00:00+08:00,339.034,650.0,45.2045,25.0,1.5
2025-12-31T10:00:00+08:00,438.1126,650.0,58.415,25.0,1.5
2025-12-31T11:00:00+08:00,499.462,650.0,66.5949,25.0,1.5
2025-12-31T12:00:00+08:00,518.9012,650.0,69.1868,25.0,1.5
2025-12-31T13:00:00+08:00,495.1056,650.0,66.0141,25.0,1.5
2025-12-31T14:00:00+08:00,429.6968,650.0,57.2929,25.0,1.5
2025-12-31T15:00:00+08:00,327.1323,650.0,43.6176,25.0,1.5
2025-12-31T16:00:00+08:00,194.4016,650.0,25.9202,25.0,1.5
2025-12-31T17:00:00+08:00,40.5502,650.0,5.4067,25.0,1.5
2025-12-31T18:00:00+08:00,0.0,0.0,0.0,25.0,1.5
2025-12-31T19:00:00+08:00,0.0,0.0,0.0,25.0,1.5
2025-12-31T20:00:00+08:00,0.0,0.0,0.0,25.0,1.5
2025-12-31T21:00:00+08:00,0.0,0.0,0.0,25.0,1.5
2025-12-31T22:00:00+08:00,0.0,0.0,0.0,25.0,1.5
2025-12-31T23:00:00+08:00,0.0,0.0,0.0,25.0,1.5
